image_path,label,split
data/durian/mendeley_pxzvksbwnj/images/test__Leaf_Algal__Leaf_Algal_00004.jpg,Leaf_Algal,test
data/durian/mendeley_pxzvksbwnj/images/test__Leaf_Algal__Leaf_Algal_00013.jpg,Leaf_Algal,test
data/durian/mendeley_pxzvksbwnj/images/test__Leaf_Algal__Leaf_Algal_00014.jpg,Leaf_Algal,test
data/durian/mendeley_pxzvksbwnj/images/test__Leaf_Algal__Leaf_Algal_00016.jpg,Leaf_Algal,test
data/durian/mendeley_pxzvksbwnj/images/test__Leaf_Algal__Leaf_Algal_00017.jpg,Leaf_Algal,test
data/durian/mendeley_pxzvksbwnj/images/test__Leaf_Algal__Leaf_Algal_00023.jpg,Leaf_Algal,test
data/durian/mendeley_pxzvksbwnj/images/test__Leaf_Algal__Leaf_Algal_00041.jpg,Leaf_Algal,test
data/durian/mendeley_pxzvksbwnj/images/test__Leaf_Algal__Leaf_Algal_00045.jpg,Leaf_Algal,test
data/durian/mendeley_pxzvksbwnj/images/test__Leaf_Algal__Leaf_Algal_00048.jpg,Leaf_Algal,test
data/durian/mendeley_pxzvksbwnj/images/test__Leaf_Algal__Leaf_Algal_00050.jpg,Leaf_Algal,test
data/durian/mendeley_pxzvksbwnj/images/test__Leaf_Algal__Leaf_Algal_00053.jpg,Leaf_Algal,test
data/durian/mendeley_pxzvksbwnj/images/test__Leaf_Algal__Leaf_Algal_00058.jpg,Leaf_Algal,test
data/durian/mendeley_pxzvksbwnj/images/test__Leaf_Algal__Leaf_Algal_00064.jpg,Leaf_Algal,test
data/durian/mendeley_pxzvksbwnj/images/test__Leaf_Algal__Leaf_Algal_00072.jpg,Leaf_Algal,test
data/durian/mendeley_pxzvksbwnj/images/test__Leaf_Algal__Leaf_Algal_00080.jpg,Leaf_Algal,test
data/durian/mendeley_pxzvksbwnj/images/test__Leaf_Algal__Leaf_Algal_00082.jpg,Leaf_Algal,test
data/durian/mendeley_pxzvksbwnj/images/test__Leaf_Algal__Leaf_Algal_00099.jpg,Leaf_Algal,test
data/durian/mendeley_pxzvksbwnj/images/test__Leaf_Algal__Leaf_Algal_00102.jpg,Leaf_Algal,test
data/durian/mendeley_pxzvksbwnj/images/test__Leaf_Algal__Leaf_Algal_00111.jpg,Leaf_Algal,test
data/durian/mendeley_pxzvksbwnj/images/test__Leaf_Algal__Leaf_Algal_00112.jpg,Leaf_Algal,test
data/durian/mendeley_pxzvksbwnj/images/test__Leaf_Algal__Leaf_Algal_00113.jpg,Leaf_Algal,test
data/durian/mendeley_pxzvksbwnj/images/test__Leaf_Algal__Leaf_Algal_00115.jpg,Leaf_Algal,test
data/durian/mendeley_pxzvksbwnj/images/test__Leaf_Algal__Leaf_Algal_00120.jpg,Leaf_Algal,test
data/durian/mendeley_pxzvksbwnj/images/test__Leaf_Algal__Leaf_Algal_00126.jpg,Leaf_Algal,test
data/durian/mendeley_pxzvksbwnj/images/test__Leaf_Algal__Leaf_Algal_00136.jpg,Leaf_Algal,test
data/durian/mendeley_pxzvksbwnj/images/test__Leaf_Algal__Leaf_Algal_00141.jpg,Leaf_Algal,test
data/durian/mendeley_pxzvksbwnj/images/test__Leaf_Algal__Leaf_Algal_00143.jpg,Leaf_Algal,test
data/durian/mendeley_pxzvksbwnj/images/test__Leaf_Algal__Leaf_Algal_00151.jpg,Leaf_Algal,test
data/durian/mendeley_pxzvksbwnj/images/test__Leaf_Algal__Leaf_Algal_00173.jpg,Leaf_Algal,test
data/durian/mendeley_pxzvksbwnj/images/test__Leaf_Algal__Leaf_Algal_00175.jpg,Leaf_Algal,test
data/durian/mendeley_pxzvksbwnj/images/test__Leaf_Algal__Leaf_Algal_00177.jpg,Leaf_Algal,test
data/durian/mendeley_pxzvksbwnj/images/test__Leaf_Algal__Leaf_Algal_00184.jpg,Leaf_Algal,test
data/durian/mendeley_pxzvksbwnj/images/test__Leaf_Algal__Leaf_Algal_00186.jpg,Leaf_Algal,test
data/durian/mendeley_pxzvksbwnj/images/test__Leaf_Algal__Leaf_Algal_00194.jpg,Leaf_Algal,test
data/durian/mendeley_pxzvksbwnj/images/test__Leaf_Algal__Leaf_Algal_00195.jpg,Leaf_Algal,test
data/durian/mendeley_pxzvksbwnj/images/test__Leaf_Algal__Leaf_Algal_00215.jpg,Leaf_Algal,test
data/durian/mendeley_pxzvksbwnj/images/test__Leaf_Algal__Leaf_Algal_00217.jpg,Leaf_Algal,test
data/durian/mendeley_pxzvksbwnj/images/test__Leaf_Algal__Leaf_Algal_00230.jpg,Leaf_Algal,test
data/durian/mendeley_pxzvksbwnj/images/test__Leaf_Algal__Leaf_Algal_00236.jpg,Leaf_Algal,test
data/durian/mendeley_pxzvksbwnj/images/test__Leaf_Algal__Leaf_Algal_00259.jpg,Leaf_Algal,test
data/durian/mendeley_pxzvksbwnj/images/test__Leaf_Algal__Leaf_Algal_00275.jpg,Leaf_Algal,test
data/durian/mendeley_pxzvksbwnj/images/test__Leaf_Algal__Leaf_Algal_00280.jpg,Leaf_Algal,test
data/durian/mendeley_pxzvksbwnj/images/test__Leaf_Algal__Leaf_Algal_00283.jpg,Leaf_Algal,test
data/durian/mendeley_pxzvksbwnj/images/test__Leaf_Algal__Leaf_Algal_00288.jpg,Leaf_Algal,test
data/durian/mendeley_pxzvksbwnj/images/test__Leaf_Algal__Leaf_Algal_00296.jpg,Leaf_Algal,test
data/durian/mendeley_pxzvksbwnj/images/test__Leaf_Algal__Leaf_Algal_00302.jpg,Leaf_Algal,test
data/durian/mendeley_pxzvksbwnj/images/test__Leaf_Algal__Leaf_Algal_00303.jpg,Leaf_Algal,test
data/durian/mendeley_pxzvksbwnj/images/test__Leaf_Algal__Leaf_Algal_00309.jpg,Leaf_Algal,test
data/durian/mendeley_pxzvksbwnj/images/test__Leaf_Algal__Leaf_Algal_00310.jpg,Leaf_Algal,test
data/durian/mendeley_pxzvksbwnj/images/test__Leaf_Algal__Leaf_Algal_00317.jpg,Leaf_Algal,test
data/durian/mendeley_pxzvksbwnj/images/test__Leaf_Algal__Leaf_Algal_00322.jpg,Leaf_Algal,test
data/durian/mendeley_pxzvksbwnj/images/test__Leaf_Algal__Leaf_Algal_00328.jpg,Leaf_Algal,test
data/durian/mendeley_pxzvksbwnj/images/test__Leaf_Algal__Leaf_Algal_00333.jpg,Leaf_Algal,test
data/durian/mendeley_pxzvksbwnj/images/test__Leaf_Algal__Leaf_Algal_00347.jpg,Leaf_Algal,test
data/durian/mendeley_pxzvksbwnj/images/test__Leaf_Algal__Leaf_Algal_00358.jpg,Leaf_Algal,test
data/durian/mendeley_pxzvksbwnj/images/test__Leaf_Algal__Leaf_Algal_00360.jpg,Leaf_Algal,test
data/durian/mendeley_pxzvksbwnj/images/test__Leaf_Algal__Leaf_Algal_00367.jpg,Leaf_Algal,test
data/durian/mendeley_pxzvksbwnj/images/test__Leaf_Algal__Leaf_Algal_00374.jpg,Leaf_Algal,test
data/durian/mendeley_pxzvksbwnj/images/test__Leaf_Algal__Leaf_Algal_00378.jpg,Leaf_Algal,test
data/durian/mendeley_pxzvksbwnj/images/test__Leaf_Algal__Leaf_Algal_00380.jpg,Leaf_Algal,test
data/durian/mendeley_pxzvksbwnj/images/test__Leaf_Algal__Leaf_Algal_00389.jpg,Leaf_Algal,test
data/durian/mendeley_pxzvksbwnj/images/test__Leaf_Algal__Leaf_Algal_00391.jpg,Leaf_Algal,test
data/durian/mendeley_pxzvksbwnj/images/test__Leaf_Algal__Leaf_Algal_00413.jpg,Leaf_Algal,test
data/durian/mendeley_pxzvksbwnj/images/test__Leaf_Algal__Leaf_Algal_00415.jpg,Leaf_Algal,test
data/durian/mendeley_pxzvksbwnj/images/test__Leaf_Algal__Leaf_Algal_00428.jpg,Leaf_Algal,test
data/durian/mendeley_pxzvksbwnj/images/test__Leaf_Algal__Leaf_Algal_00444.jpg,Leaf_Algal,test
data/durian/mendeley_pxzvksbwnj/images/test__Leaf_Algal__Leaf_Algal_00447.jpg,Leaf_Algal,test
data/durian/mendeley_pxzvksbwnj/images/test__Leaf_Algal__Leaf_Algal_00450.jpg,Leaf_Algal,test
data/durian/mendeley_pxzvksbwnj/images/test__Leaf_Algal__Leaf_Algal_00453.jpg,Leaf_Algal,test
data/durian/mendeley_pxzvksbwnj/images/test__Leaf_Algal__Leaf_Algal_00459.jpg,Leaf_Algal,test
data/durian/mendeley_pxzvksbwnj/images/test__Leaf_Blight__Leaf_Blight_00004.jpg,Leaf_Blight,test
data/durian/mendeley_pxzvksbwnj/images/test__Leaf_Blight__Leaf_Blight_00013.jpg,Leaf_Blight,test
data/durian/mendeley_pxzvksbwnj/images/test__Leaf_Blight__Leaf_Blight_00014.jpg,Leaf_Blight,test
data/durian/mendeley_pxzvksbwnj/images/test__Leaf_Blight__Leaf_Blight_00016.jpg,Leaf_Blight,test
data/durian/mendeley_pxzvksbwnj/images/test__Leaf_Blight__Leaf_Blight_00017.jpg,Leaf_Blight,test
data/durian/mendeley_pxzvksbwnj/images/test__Leaf_Blight__Leaf_Blight_00023.jpg,Leaf_Blight,test
data/durian/mendeley_pxzvksbwnj/images/test__Leaf_Blight__Leaf_Blight_00041.jpg,Leaf_Blight,test
data/durian/mendeley_pxzvksbwnj/images/test__Leaf_Blight__Leaf_Blight_00045.jpg,Leaf_Blight,test
data/durian/mendeley_pxzvksbwnj/images/test__Leaf_Blight__Leaf_Blight_00048.jpg,Leaf_Blight,test
data/durian/mendeley_pxzvksbwnj/images/test__Leaf_Blight__Leaf_Blight_00050.jpg,Leaf_Blight,test
data/durian/mendeley_pxzvksbwnj/images/test__Leaf_Blight__Leaf_Blight_00053.jpg,Leaf_Blight,test
data/durian/mendeley_pxzvksbwnj/images/test__Leaf_Blight__Leaf_Blight_00058.jpg,Leaf_Blight,test
data/durian/mendeley_pxzvksbwnj/images/test__Leaf_Blight__Leaf_Blight_00064.jpg,Leaf_Blight,test
data/durian/mendeley_pxzvksbwnj/images/test__Leaf_Blight__Leaf_Blight_00072.jpg,Leaf_Blight,test
data/durian/mendeley_pxzvksbwnj/images/test__Leaf_Blight__Leaf_Blight_00080.jpg,Leaf_Blight,test
data/durian/mendeley_pxzvksbwnj/images/test__Leaf_Blight__Leaf_Blight_00082.jpg,Leaf_Blight,test
data/durian/mendeley_pxzvksbwnj/images/test__Leaf_Blight__Leaf_Blight_00102.jpg,Leaf_Blight,test
data/durian/mendeley_pxzvksbwnj/images/test__Leaf_Blight__Leaf_Blight_00111.jpg,Leaf_Blight,test
data/durian/mendeley_pxzvksbwnj/images/test__Leaf_Blight__Leaf_Blight_00112.jpg,Leaf_Blight,test
data/durian/mendeley_pxzvksbwnj/images/test__Leaf_Blight__Leaf_Blight_00113.jpg,Leaf_Blight,test
data/durian/mendeley_pxzvksbwnj/images/test__Leaf_Blight__Leaf_Blight_00115.jpg,Leaf_Blight,test
data/durian/mendeley_pxzvksbwnj/images/test__Leaf_Blight__Leaf_Blight_00120.jpg,Leaf_Blight,test
data/durian/mendeley_pxzvksbwnj/images/test__Leaf_Blight__Leaf_Blight_00126.jpg,Leaf_Blight,test
data/durian/mendeley_pxzvksbwnj/images/test__Leaf_Blight__Leaf_Blight_00136.jpg,Leaf_Blight,test
data/durian/mendeley_pxzvksbwnj/images/test__Leaf_Blight__Leaf_Blight_00141.jpg,Leaf_Blight,test
data/durian/mendeley_pxzvksbwnj/images/test__Leaf_Blight__Leaf_Blight_00143.jpg,Leaf_Blight,test
data/durian/mendeley_pxzvksbwnj/images/test__Leaf_Blight__Leaf_Blight_00151.jpg,Leaf_Blight,test
data/durian/mendeley_pxzvksbwnj/images/test__Leaf_Blight__Leaf_Blight_00173.jpg,Leaf_Blight,test
data/durian/mendeley_pxzvksbwnj/images/test__Leaf_Blight__Leaf_Blight_00175.jpg,Leaf_Blight,test
data/durian/mendeley_pxzvksbwnj/images/test__Leaf_Blight__Leaf_Blight_00177.jpg,Leaf_Blight,test
data/durian/mendeley_pxzvksbwnj/images/test__Leaf_Blight__Leaf_Blight_00184.jpg,Leaf_Blight,test
data/durian/mendeley_pxzvksbwnj/images/test__Leaf_Blight__Leaf_Blight_00186.jpg,Leaf_Blight,test
data/durian/mendeley_pxzvksbwnj/images/test__Leaf_Blight__Leaf_Blight_00194.jpg,Leaf_Blight,test
data/durian/mendeley_pxzvksbwnj/images/test__Leaf_Blight__Leaf_Blight_00195.jpg,Leaf_Blight,test
data/durian/mendeley_pxzvksbwnj/images/test__Leaf_Blight__Leaf_Blight_00215.jpg,Leaf_Blight,test
data/durian/mendeley_pxzvksbwnj/images/test__Leaf_Blight__Leaf_Blight_00217.jpg,Leaf_Blight,test
data/durian/mendeley_pxzvksbwnj/images/test__Leaf_Blight__Leaf_Blight_00230.jpg,Leaf_Blight,test
data/durian/mendeley_pxzvksbwnj/images/test__Leaf_Blight__Leaf_Blight_00236.jpg,Leaf_Blight,test
data/durian/mendeley_pxzvksbwnj/images/test__Leaf_Blight__Leaf_Blight_00259.jpg,Leaf_Blight,test
data/durian/mendeley_pxzvksbwnj/images/test__Leaf_Blight__Leaf_Blight_00275.jpg,Leaf_Blight,test
data/durian/mendeley_pxzvksbwnj/images/test__Leaf_Blight__Leaf_Blight_00280.jpg,Leaf_Blight,test
data/durian/mendeley_pxzvksbwnj/images/test__Leaf_Blight__Leaf_Blight_00283.jpg,Leaf_Blight,test
data/durian/mendeley_pxzvksbwnj/images/test__Leaf_Blight__Leaf_Blight_00288.jpg,Leaf_Blight,test
data/durian/mendeley_pxzvksbwnj/images/test__Leaf_Blight__Leaf_Blight_00302.jpg,Leaf_Blight,test
data/durian/mendeley_pxzvksbwnj/images/test__Leaf_Blight__Leaf_Blight_00303.jpg,Leaf_Blight,test
data/durian/mendeley_pxzvksbwnj/images/test__Leaf_Blight__Leaf_Blight_00309.jpg,Leaf_Blight,test
data/durian/mendeley_pxzvksbwnj/images/test__Leaf_Blight__Leaf_Blight_00310.jpg,Leaf_Blight,test
data/durian/mendeley_pxzvksbwnj/images/test__Leaf_Blight__Leaf_Blight_00317.jpg,Leaf_Blight,test
data/durian/mendeley_pxzvksbwnj/images/test__Leaf_Blight__Leaf_Blight_00322.jpg,Leaf_Blight,test
data/durian/mendeley_pxzvksbwnj/images/test__Leaf_Blight__Leaf_Blight_00328.jpg,Leaf_Blight,test
data/durian/mendeley_pxzvksbwnj/images/test__Leaf_Blight__Leaf_Blight_00333.jpg,Leaf_Blight,test
data/durian/mendeley_pxzvksbwnj/images/test__Leaf_Blight__Leaf_Blight_00347.jpg,Leaf_Blight,test
data/durian/mendeley_pxzvksbwnj/images/test__Leaf_Blight__Leaf_Blight_00358.jpg,Leaf_Blight,test
data/durian/mendeley_pxzvksbwnj/images/test__Leaf_Blight__Leaf_Blight_00360.jpg,Leaf_Blight,test
data/durian/mendeley_pxzvksbwnj/images/test__Leaf_Blight__Leaf_Blight_00367.jpg,Leaf_Blight,test
data/durian/mendeley_pxzvksbwnj/images/test__Leaf_Blight__Leaf_Blight_00374.jpg,Leaf_Blight,test
data/durian/mendeley_pxzvksbwnj/images/test__Leaf_Blight__Leaf_Blight_00378.jpg,Leaf_Blight,test
data/durian/mendeley_pxzvksbwnj/images/test__Leaf_Blight__Leaf_Blight_00380.jpg,Leaf_Blight,test
data/durian/mendeley_pxzvksbwnj/images/test__Leaf_Blight__Leaf_Blight_00389.jpg,Leaf_Blight,test
data/durian/mendeley_pxzvksbwnj/images/test__Leaf_Blight__Leaf_Blight_00391.jpg,Leaf_Blight,test
data/durian/mendeley_pxzvksbwnj/images/test__Leaf_Blight__Leaf_Blight_00406.jpg,Leaf_Blight,test
data/durian/mendeley_pxzvksbwnj/images/test__Leaf_Blight__Leaf_Blight_00422.jpg,Leaf_Blight,test
data/durian/mendeley_pxzvksbwnj/images/test__Leaf_Blight__Leaf_Blight_00425.jpg,Leaf_Blight,test
data/durian/mendeley_pxzvksbwnj/images/test__Leaf_Blight__Leaf_Blight_00428.jpg,Leaf_Blight,test
data/durian/mendeley_pxzvksbwnj/images/test__Leaf_Blight__Leaf_Blight_00431.jpg,Leaf_Blight,test
data/durian/mendeley_pxzvksbwnj/images/test__Leaf_Blight__Leaf_Blight_00437.jpg,Leaf_Blight,test
data/durian/mendeley_pxzvksbwnj/images/test__Leaf_Colletotrichum__Leaf_Colletotrichum_00004.jpg,Leaf_Colletotrichum,test
data/durian/mendeley_pxzvksbwnj/images/test__Leaf_Colletotrichum__Leaf_Colletotrichum_00013.jpg,Leaf_Colletotrichum,test
data/durian/mendeley_pxzvksbwnj/images/test__Leaf_Colletotrichum__Leaf_Colletotrichum_00014.jpg,Leaf_Colletotrichum,test
data/durian/mendeley_pxzvksbwnj/images/test__Leaf_Colletotrichum__Leaf_Colletotrichum_00016.jpg,Leaf_Colletotrichum,test
data/durian/mendeley_pxzvksbwnj/images/test__Leaf_Colletotrichum__Leaf_Colletotrichum_00017.jpg,Leaf_Colletotrichum,test
data/durian/mendeley_pxzvksbwnj/images/test__Leaf_Colletotrichum__Leaf_Colletotrichum_00023.jpg,Leaf_Colletotrichum,test
data/durian/mendeley_pxzvksbwnj/images/test__Leaf_Colletotrichum__Leaf_Colletotrichum_00041.jpg,Leaf_Colletotrichum,test
data/durian/mendeley_pxzvksbwnj/images/test__Leaf_Colletotrichum__Leaf_Colletotrichum_00045.jpg,Leaf_Colletotrichum,test
data/durian/mendeley_pxzvksbwnj/images/test__Leaf_Colletotrichum__Leaf_Colletotrichum_00048.jpg,Leaf_Colletotrichum,test
data/durian/mendeley_pxzvksbwnj/images/test__Leaf_Colletotrichum__Leaf_Colletotrichum_00050.jpg,Leaf_Colletotrichum,test
data/durian/mendeley_pxzvksbwnj/images/test__Leaf_Colletotrichum__Leaf_Colletotrichum_00053.jpg,Leaf_Colletotrichum,test
data/durian/mendeley_pxzvksbwnj/images/test__Leaf_Colletotrichum__Leaf_Colletotrichum_00058.jpg,Leaf_Colletotrichum,test
data/durian/mendeley_pxzvksbwnj/images/test__Leaf_Colletotrichum__Leaf_Colletotrichum_00064.jpg,Leaf_Colletotrichum,test
data/durian/mendeley_pxzvksbwnj/images/test__Leaf_Colletotrichum__Leaf_Colletotrichum_00072.jpg,Leaf_Colletotrichum,test
data/durian/mendeley_pxzvksbwnj/images/test__Leaf_Colletotrichum__Leaf_Colletotrichum_00080.jpg,Leaf_Colletotrichum,test
data/durian/mendeley_pxzvksbwnj/images/test__Leaf_Colletotrichum__Leaf_Colletotrichum_00082.jpg,Leaf_Colletotrichum,test
data/durian/mendeley_pxzvksbwnj/images/test__Leaf_Colletotrichum__Leaf_Colletotrichum_00102.jpg,Leaf_Colletotrichum,test
data/durian/mendeley_pxzvksbwnj/images/test__Leaf_Colletotrichum__Leaf_Colletotrichum_00111.jpg,Leaf_Colletotrichum,test
data/durian/mendeley_pxzvksbwnj/images/test__Leaf_Colletotrichum__Leaf_Colletotrichum_00112.jpg,Leaf_Colletotrichum,test
data/durian/mendeley_pxzvksbwnj/images/test__Leaf_Colletotrichum__Leaf_Colletotrichum_00113.jpg,Leaf_Colletotrichum,test
data/durian/mendeley_pxzvksbwnj/images/test__Leaf_Colletotrichum__Leaf_Colletotrichum_00115.jpg,Leaf_Colletotrichum,test
data/durian/mendeley_pxzvksbwnj/images/test__Leaf_Colletotrichum__Leaf_Colletotrichum_00120.jpg,Leaf_Colletotrichum,test
data/durian/mendeley_pxzvksbwnj/images/test__Leaf_Colletotrichum__Leaf_Colletotrichum_00126.jpg,Leaf_Colletotrichum,test
data/durian/mendeley_pxzvksbwnj/images/test__Leaf_Colletotrichum__Leaf_Colletotrichum_00136.jpg,Leaf_Colletotrichum,test
data/durian/mendeley_pxzvksbwnj/images/test__Leaf_Colletotrichum__Leaf_Colletotrichum_00141.jpg,Leaf_Colletotrichum,test
data/durian/mendeley_pxzvksbwnj/images/test__Leaf_Colletotrichum__Leaf_Colletotrichum_00143.jpg,Leaf_Colletotrichum,test
data/durian/mendeley_pxzvksbwnj/images/test__Leaf_Colletotrichum__Leaf_Colletotrichum_00151.jpg,Leaf_Colletotrichum,test
data/durian/mendeley_pxzvksbwnj/images/test__Leaf_Colletotrichum__Leaf_Colletotrichum_00173.jpg,Leaf_Colletotrichum,test
data/durian/mendeley_pxzvksbwnj/images/test__Leaf_Colletotrichum__Leaf_Colletotrichum_00175.jpg,Leaf_Colletotrichum,test
data/durian/mendeley_pxzvksbwnj/images/test__Leaf_Colletotrichum__Leaf_Colletotrichum_00177.jpg,Leaf_Colletotrichum,test
data/durian/mendeley_pxzvksbwnj/images/test__Leaf_Colletotrichum__Leaf_Colletotrichum_00184.jpg,Leaf_Colletotrichum,test
data/durian/mendeley_pxzvksbwnj/images/test__Leaf_Colletotrichum__Leaf_Colletotrichum_00194.jpg,Leaf_Colletotrichum,test
data/durian/mendeley_pxzvksbwnj/images/test__Leaf_Colletotrichum__Leaf_Colletotrichum_00195.jpg,Leaf_Colletotrichum,test
data/durian/mendeley_pxzvksbwnj/images/test__Leaf_Colletotrichum__Leaf_Colletotrichum_00215.jpg,Leaf_Colletotrichum,test
data/durian/mendeley_pxzvksbwnj/images/test__Leaf_Colletotrichum__Leaf_Colletotrichum_00217.jpg,Leaf_Colletotrichum,test
data/durian/mendeley_pxzvksbwnj/images/test__Leaf_Colletotrichum__Leaf_Colletotrichum_00230.jpg,Leaf_Colletotrichum,test
data/durian/mendeley_pxzvksbwnj/images/test__Leaf_Colletotrichum__Leaf_Colletotrichum_00236.jpg,Leaf_Colletotrichum,test
data/durian/mendeley_pxzvksbwnj/images/test__Leaf_Colletotrichum__Leaf_Colletotrichum_00259.jpg,Leaf_Colletotrichum,test
data/durian/mendeley_pxzvksbwnj/images/test__Leaf_Colletotrichum__Leaf_Colletotrichum_00275.jpg,Leaf_Colletotrichum,test
data/durian/mendeley_pxzvksbwnj/images/test__Leaf_Colletotrichum__Leaf_Colletotrichum_00280.jpg,Leaf_Colletotrichum,test
data/durian/mendeley_pxzvksbwnj/images/test__Leaf_Colletotrichum__Leaf_Colletotrichum_00283.jpg,Leaf_Colletotrichum,test
data/durian/mendeley_pxzvksbwnj/images/test__Leaf_Colletotrichum__Leaf_Colletotrichum_00288.jpg,Leaf_Colletotrichum,test
data/durian/mendeley_pxzvksbwnj/images/test__Leaf_Colletotrichum__Leaf_Colletotrichum_00302.jpg,Leaf_Colletotrichum,test
data/durian/mendeley_pxzvksbwnj/images/test__Leaf_Colletotrichum__Leaf_Colletotrichum_00303.jpg,Leaf_Colletotrichum,test
data/durian/mendeley_pxzvksbwnj/images/test__Leaf_Colletotrichum__Leaf_Colletotrichum_00309.jpg,Leaf_Colletotrichum,test
data/durian/mendeley_pxzvksbwnj/images/test__Leaf_Colletotrichum__Leaf_Colletotrichum_00310.jpg,Leaf_Colletotrichum,test
data/durian/mendeley_pxzvksbwnj/images/test__Leaf_Colletotrichum__Leaf_Colletotrichum_00328.jpg,Leaf_Colletotrichum,test
data/durian/mendeley_pxzvksbwnj/images/test__Leaf_Colletotrichum__Leaf_Colletotrichum_00333.jpg,Leaf_Colletotrichum,test
data/durian/mendeley_pxzvksbwnj/images/test__Leaf_Colletotrichum__Leaf_Colletotrichum_00347.jpg,Leaf_Colletotrichum,test
data/durian/mendeley_pxzvksbwnj/images/test__Leaf_Colletotrichum__Leaf_Colletotrichum_00358.jpg,Leaf_Colletotrichum,test
data/durian/mendeley_pxzvksbwnj/images/test__Leaf_Colletotrichum__Leaf_Colletotrichum_00360.jpg,Leaf_Colletotrichum,test
data/durian/mendeley_pxzvksbwnj/images/test__Leaf_Colletotrichum__Leaf_Colletotrichum_00366.jpg,Leaf_Colletotrichum,test
data/durian/mendeley_pxzvksbwnj/images/test__Leaf_Colletotrichum__Leaf_Colletotrichum_00367.jpg,Leaf_Colletotrichum,test
data/durian/mendeley_pxzvksbwnj/images/test__Leaf_Colletotrichum__Leaf_Colletotrichum_00378.jpg,Leaf_Colletotrichum,test
data/durian/mendeley_pxzvksbwnj/images/test__Leaf_Colletotrichum__Leaf_Colletotrichum_00380.jpg,Leaf_Colletotrichum,test
data/durian/mendeley_pxzvksbwnj/images/test__Leaf_Colletotrichum__Leaf_Colletotrichum_00382.jpg,Leaf_Colletotrichum,test
data/durian/mendeley_pxzvksbwnj/images/test__Leaf_Colletotrichum__Leaf_Colletotrichum_00385.jpg,Leaf_Colletotrichum,test
data/durian/mendeley_pxzvksbwnj/images/test__Leaf_Colletotrichum__Leaf_Colletotrichum_00388.jpg,Leaf_Colletotrichum,test
data/durian/mendeley_pxzvksbwnj/images/test__Leaf_Colletotrichum__Leaf_Colletotrichum_00391.jpg,Leaf_Colletotrichum,test
data/durian/mendeley_pxzvksbwnj/images/test__Leaf_Colletotrichum__Leaf_Colletotrichum_00397.jpg,Leaf_Colletotrichum,test
data/durian/mendeley_pxzvksbwnj/images/test__Leaf_Healthy__Leaf_Healthy_00004.jpg,Leaf_Healthy,test
data/durian/mendeley_pxzvksbwnj/images/test__Leaf_Healthy__Leaf_Healthy_00013.jpg,Leaf_Healthy,test
data/durian/mendeley_pxzvksbwnj/images/test__Leaf_Healthy__Leaf_Healthy_00014.jpg,Leaf_Healthy,test
data/durian/mendeley_pxzvksbwnj/images/test__Leaf_Healthy__Leaf_Healthy_00016.jpg,Leaf_Healthy,test
data/durian/mendeley_pxzvksbwnj/images/test__Leaf_Healthy__Leaf_Healthy_00017.jpg,Leaf_Healthy,test
data/durian/mendeley_pxzvksbwnj/images/test__Leaf_Healthy__Leaf_Healthy_00023.jpg,Leaf_Healthy,test
data/durian/mendeley_pxzvksbwnj/images/test__Leaf_Healthy__Leaf_Healthy_00041.jpg,Leaf_Healthy,test
data/durian/mendeley_pxzvksbwnj/images/test__Leaf_Healthy__Leaf_Healthy_00045.jpg,Leaf_Healthy,test
data/durian/mendeley_pxzvksbwnj/images/test__Leaf_Healthy__Leaf_Healthy_00048.jpg,Leaf_Healthy,test
data/durian/mendeley_pxzvksbwnj/images/test__Leaf_Healthy__Leaf_Healthy_00050.jpg,Leaf_Healthy,test
data/durian/mendeley_pxzvksbwnj/images/test__Leaf_Healthy__Leaf_Healthy_00053.jpg,Leaf_Healthy,test
data/durian/mendeley_pxzvksbwnj/images/test__Leaf_Healthy__Leaf_Healthy_00058.jpg,Leaf_Healthy,test
data/durian/mendeley_pxzvksbwnj/images/test__Leaf_Healthy__Leaf_Healthy_00064.jpg,Leaf_Healthy,test
data/durian/mendeley_pxzvksbwnj/images/test__Leaf_Healthy__Leaf_Healthy_00072.jpg,Leaf_Healthy,test
data/durian/mendeley_pxzvksbwnj/images/test__Leaf_Healthy__Leaf_Healthy_00080.jpg,Leaf_Healthy,test
data/durian/mendeley_pxzvksbwnj/images/test__Leaf_Healthy__Leaf_Healthy_00082.jpg,Leaf_Healthy,test
data/durian/mendeley_pxzvksbwnj/images/test__Leaf_Healthy__Leaf_Healthy_00099.jpg,Leaf_Healthy,test
data/durian/mendeley_pxzvksbwnj/images/test__Leaf_Healthy__Leaf_Healthy_00102.jpg,Leaf_Healthy,test
data/durian/mendeley_pxzvksbwnj/images/test__Leaf_Healthy__Leaf_Healthy_00111.jpg,Leaf_Healthy,test
data/durian/mendeley_pxzvksbwnj/images/test__Leaf_Healthy__Leaf_Healthy_00112.jpg,Leaf_Healthy,test
data/durian/mendeley_pxzvksbwnj/images/test__Leaf_Healthy__Leaf_Healthy_00113.jpg,Leaf_Healthy,test
data/durian/mendeley_pxzvksbwnj/images/test__Leaf_Healthy__Leaf_Healthy_00115.jpg,Leaf_Healthy,test
data/durian/mendeley_pxzvksbwnj/images/test__Leaf_Healthy__Leaf_Healthy_00120.jpg,Leaf_Healthy,test
data/durian/mendeley_pxzvksbwnj/images/test__Leaf_Healthy__Leaf_Healthy_00126.jpg,Leaf_Healthy,test
data/durian/mendeley_pxzvksbwnj/images/test__Leaf_Healthy__Leaf_Healthy_00136.jpg,Leaf_Healthy,test
data/durian/mendeley_pxzvksbwnj/images/test__Leaf_Healthy__Leaf_Healthy_00141.jpg,Leaf_Healthy,test
data/durian/mendeley_pxzvksbwnj/images/test__Leaf_Healthy__Leaf_Healthy_00143.jpg,Leaf_Healthy,test
data/durian/mendeley_pxzvksbwnj/images/test__Leaf_Healthy__Leaf_Healthy_00151.jpg,Leaf_Healthy,test
data/durian/mendeley_pxzvksbwnj/images/test__Leaf_Healthy__Leaf_Healthy_00173.jpg,Leaf_Healthy,test
data/durian/mendeley_pxzvksbwnj/images/test__Leaf_Healthy__Leaf_Healthy_00175.jpg,Leaf_Healthy,test
data/durian/mendeley_pxzvksbwnj/images/test__Leaf_Healthy__Leaf_Healthy_00177.jpg,Leaf_Healthy,test
data/durian/mendeley_pxzvksbwnj/images/test__Leaf_Healthy__Leaf_Healthy_00184.jpg,Leaf_Healthy,test
data/durian/mendeley_pxzvksbwnj/images/test__Leaf_Healthy__Leaf_Healthy_00186.jpg,Leaf_Healthy,test
data/durian/mendeley_pxzvksbwnj/images/test__Leaf_Healthy__Leaf_Healthy_00194.jpg,Leaf_Healthy,test
data/durian/mendeley_pxzvksbwnj/images/test__Leaf_Healthy__Leaf_Healthy_00195.jpg,Leaf_Healthy,test
data/durian/mendeley_pxzvksbwnj/images/test__Leaf_Healthy__Leaf_Healthy_00215.jpg,Leaf_Healthy,test
data/durian/mendeley_pxzvksbwnj/images/test__Leaf_Healthy__Leaf_Healthy_00217.jpg,Leaf_Healthy,test
data/durian/mendeley_pxzvksbwnj/images/test__Leaf_Healthy__Leaf_Healthy_00230.jpg,Leaf_Healthy,test
data/durian/mendeley_pxzvksbwnj/images/test__Leaf_Healthy__Leaf_Healthy_00236.jpg,Leaf_Healthy,test
data/durian/mendeley_pxzvksbwnj/images/test__Leaf_Healthy__Leaf_Healthy_00259.jpg,Leaf_Healthy,test
data/durian/mendeley_pxzvksbwnj/images/test__Leaf_Healthy__Leaf_Healthy_00275.jpg,Leaf_Healthy,test
data/durian/mendeley_pxzvksbwnj/images/test__Leaf_Healthy__Leaf_Healthy_00280.jpg,Leaf_Healthy,test
data/durian/mendeley_pxzvksbwnj/images/test__Leaf_Healthy__Leaf_Healthy_00283.jpg,Leaf_Healthy,test
data/durian/mendeley_pxzvksbwnj/images/test__Leaf_Healthy__Leaf_Healthy_00288.jpg,Leaf_Healthy,test
data/durian/mendeley_pxzvksbwnj/images/test__Leaf_Healthy__Leaf_Healthy_00296.jpg,Leaf_Healthy,test
data/durian/mendeley_pxzvksbwnj/images/test__Leaf_Healthy__Leaf_Healthy_00302.jpg,Leaf_Healthy,test
data/durian/mendeley_pxzvksbwnj/images/test__Leaf_Healthy__Leaf_Healthy_00303.jpg,Leaf_Healthy,test
data/durian/mendeley_pxzvksbwnj/images/test__Leaf_Healthy__Leaf_Healthy_00309.jpg,Leaf_Healthy,test
data/durian/mendeley_pxzvksbwnj/images/test__Leaf_Healthy__Leaf_Healthy_00310.jpg,Leaf_Healthy,test
data/durian/mendeley_pxzvksbwnj/images/test__Leaf_Healthy__Leaf_Healthy_00317.jpg,Leaf_Healthy,test
data/durian/mendeley_pxzvksbwnj/images/test__Leaf_Healthy__Leaf_Healthy_00322.jpg,Leaf_Healthy,test
data/durian/mendeley_pxzvksbwnj/images/test__Leaf_Healthy__Leaf_Healthy_00328.jpg,Leaf_Healthy,test
data/durian/mendeley_pxzvksbwnj/images/test__Leaf_Healthy__Leaf_Healthy_00333.jpg,Leaf_Healthy,test
data/durian/mendeley_pxzvksbwnj/images/test__Leaf_Healthy__Leaf_Healthy_00347.jpg,Leaf_Healthy,test
data/durian/mendeley_pxzvksbwnj/images/test__Leaf_Healthy__Leaf_Healthy_00358.jpg,Leaf_Healthy,test
data/durian/mendeley_pxzvksbwnj/images/test__Leaf_Healthy__Leaf_Healthy_00360.jpg,Leaf_Healthy,test
data/durian/mendeley_pxzvksbwnj/images/test__Leaf_Healthy__Leaf_Healthy_00361.jpg,Leaf_Healthy,test
data/durian/mendeley_pxzvksbwnj/images/test__Leaf_Healthy__Leaf_Healthy_00367.jpg,Leaf_Healthy,test
data/durian/mendeley_pxzvksbwnj/images/test__Leaf_Healthy__Leaf_Healthy_00374.jpg,Leaf_Healthy,test
data/durian/mendeley_pxzvksbwnj/images/test__Leaf_Healthy__Leaf_Healthy_00378.jpg,Leaf_Healthy,test
data/durian/mendeley_pxzvksbwnj/images/test__Leaf_Healthy__Leaf_Healthy_00380.jpg,Leaf_Healthy,test
data/durian/mendeley_pxzvksbwnj/images/test__Leaf_Healthy__Leaf_Healthy_00389.jpg,Leaf_Healthy,test
data/durian/mendeley_pxzvksbwnj/images/test__Leaf_Healthy__Leaf_Healthy_00391.jpg,Leaf_Healthy,test
data/durian/mendeley_pxzvksbwnj/images/test__Leaf_Healthy__Leaf_Healthy_00413.jpg,Leaf_Healthy,test
data/durian/mendeley_pxzvksbwnj/images/test__Leaf_Healthy__Leaf_Healthy_00414.jpg,Leaf_Healthy,test
data/durian/mendeley_pxzvksbwnj/images/test__Leaf_Healthy__Leaf_Healthy_00415.jpg,Leaf_Healthy,test
data/durian/mendeley_pxzvksbwnj/images/test__Leaf_Healthy__Leaf_Healthy_00446.jpg,Leaf_Healthy,test
data/durian/mendeley_pxzvksbwnj/images/test__Leaf_Healthy__Leaf_Healthy_00449.jpg,Leaf_Healthy,test
data/durian/mendeley_pxzvksbwnj/images/test__Leaf_Healthy__Leaf_Healthy_00457.jpg,Leaf_Healthy,test
data/durian/mendeley_pxzvksbwnj/images/test__Leaf_Healthy__Leaf_Healthy_00465.jpg,Leaf_Healthy,test
data/durian/mendeley_pxzvksbwnj/images/test__Leaf_Healthy__Leaf_Healthy_00468.jpg,Leaf_Healthy,test
data/durian/mendeley_pxzvksbwnj/images/test__Leaf_Healthy__Leaf_Healthy_00471.jpg,Leaf_Healthy,test
data/durian/mendeley_pxzvksbwnj/images/test__Leaf_Healthy__Leaf_Healthy_00475.jpg,Leaf_Healthy,test
data/durian/mendeley_pxzvksbwnj/images/test__Leaf_Healthy__Leaf_Healthy_00481.jpg,Leaf_Healthy,test
data/durian/mendeley_pxzvksbwnj/images/test__Leaf_Phomopsis__Leaf_Phomopsis_00004.jpg,Leaf_Phomopsis,test
data/durian/mendeley_pxzvksbwnj/images/test__Leaf_Phomopsis__Leaf_Phomopsis_00013.jpg,Leaf_Phomopsis,test
data/durian/mendeley_pxzvksbwnj/images/test__Leaf_Phomopsis__Leaf_Phomopsis_00014.jpg,Leaf_Phomopsis,test
data/durian/mendeley_pxzvksbwnj/images/test__Leaf_Phomopsis__Leaf_Phomopsis_00016.jpg,Leaf_Phomopsis,test
data/durian/mendeley_pxzvksbwnj/images/test__Leaf_Phomopsis__Leaf_Phomopsis_00017.jpg,Leaf_Phomopsis,test
data/durian/mendeley_pxzvksbwnj/images/test__Leaf_Phomopsis__Leaf_Phomopsis_00023.jpg,Leaf_Phomopsis,test
data/durian/mendeley_pxzvksbwnj/images/test__Leaf_Phomopsis__Leaf_Phomopsis_00041.jpg,Leaf_Phomopsis,test
data/durian/mendeley_pxzvksbwnj/images/test__Leaf_Phomopsis__Leaf_Phomopsis_00045.jpg,Leaf_Phomopsis,test
data/durian/mendeley_pxzvksbwnj/images/test__Leaf_Phomopsis__Leaf_Phomopsis_00048.jpg,Leaf_Phomopsis,test
data/durian/mendeley_pxzvksbwnj/images/test__Leaf_Phomopsis__Leaf_Phomopsis_00050.jpg,Leaf_Phomopsis,test
data/durian/mendeley_pxzvksbwnj/images/test__Leaf_Phomopsis__Leaf_Phomopsis_00053.jpg,Leaf_Phomopsis,test
data/durian/mendeley_pxzvksbwnj/images/test__Leaf_Phomopsis__Leaf_Phomopsis_00058.jpg,Leaf_Phomopsis,test
data/durian/mendeley_pxzvksbwnj/images/test__Leaf_Phomopsis__Leaf_Phomopsis_00064.jpg,Leaf_Phomopsis,test
data/durian/mendeley_pxzvksbwnj/images/test__Leaf_Phomopsis__Leaf_Phomopsis_00072.jpg,Leaf_Phomopsis,test
data/durian/mendeley_pxzvksbwnj/images/test__Leaf_Phomopsis__Leaf_Phomopsis_00080.jpg,Leaf_Phomopsis,test
data/durian/mendeley_pxzvksbwnj/images/test__Leaf_Phomopsis__Leaf_Phomopsis_00082.jpg,Leaf_Phomopsis,test
data/durian/mendeley_pxzvksbwnj/images/test__Leaf_Phomopsis__Leaf_Phomopsis_00102.jpg,Leaf_Phomopsis,test
data/durian/mendeley_pxzvksbwnj/images/test__Leaf_Phomopsis__Leaf_Phomopsis_00111.jpg,Leaf_Phomopsis,test
data/durian/mendeley_pxzvksbwnj/images/test__Leaf_Phomopsis__Leaf_Phomopsis_00112.jpg,Leaf_Phomopsis,test
data/durian/mendeley_pxzvksbwnj/images/test__Leaf_Phomopsis__Leaf_Phomopsis_00113.jpg,Leaf_Phomopsis,test
data/durian/mendeley_pxzvksbwnj/images/test__Leaf_Phomopsis__Leaf_Phomopsis_00115.jpg,Leaf_Phomopsis,test
data/durian/mendeley_pxzvksbwnj/images/test__Leaf_Phomopsis__Leaf_Phomopsis_00120.jpg,Leaf_Phomopsis,test
data/durian/mendeley_pxzvksbwnj/images/test__Leaf_Phomopsis__Leaf_Phomopsis_00126.jpg,Leaf_Phomopsis,test
data/durian/mendeley_pxzvksbwnj/images/test__Leaf_Phomopsis__Leaf_Phomopsis_00136.jpg,Leaf_Phomopsis,test
data/durian/mendeley_pxzvksbwnj/images/test__Leaf_Phomopsis__Leaf_Phomopsis_00141.jpg,Leaf_Phomopsis,test
data/durian/mendeley_pxzvksbwnj/images/test__Leaf_Phomopsis__Leaf_Phomopsis_00143.jpg,Leaf_Phomopsis,test
data/durian/mendeley_pxzvksbwnj/images/test__Leaf_Phomopsis__Leaf_Phomopsis_00151.jpg,Leaf_Phomopsis,test
data/durian/mendeley_pxzvksbwnj/images/test__Leaf_Phomopsis__Leaf_Phomopsis_00173.jpg,Leaf_Phomopsis,test
data/durian/mendeley_pxzvksbwnj/images/test__Leaf_Phomopsis__Leaf_Phomopsis_00175.jpg,Leaf_Phomopsis,test
data/durian/mendeley_pxzvksbwnj/images/test__Leaf_Phomopsis__Leaf_Phomopsis_00177.jpg,Leaf_Phomopsis,test
data/durian/mendeley_pxzvksbwnj/images/test__Leaf_Phomopsis__Leaf_Phomopsis_00184.jpg,Leaf_Phomopsis,test
data/durian/mendeley_pxzvksbwnj/images/test__Leaf_Phomopsis__Leaf_Phomopsis_00186.jpg,Leaf_Phomopsis,test
data/durian/mendeley_pxzvksbwnj/images/test__Leaf_Phomopsis__Leaf_Phomopsis_00194.jpg,Leaf_Phomopsis,test
data/durian/mendeley_pxzvksbwnj/images/test__Leaf_Phomopsis__Leaf_Phomopsis_00195.jpg,Leaf_Phomopsis,test
data/durian/mendeley_pxzvksbwnj/images/test__Leaf_Phomopsis__Leaf_Phomopsis_00215.jpg,Leaf_Phomopsis,test
data/durian/mendeley_pxzvksbwnj/images/test__Leaf_Phomopsis__Leaf_Phomopsis_00217.jpg,Leaf_Phomopsis,test
data/durian/mendeley_pxzvksbwnj/images/test__Leaf_Phomopsis__Leaf_Phomopsis_00230.jpg,Leaf_Phomopsis,test
data/durian/mendeley_pxzvksbwnj/images/test__Leaf_Phomopsis__Leaf_Phomopsis_00236.jpg,Leaf_Phomopsis,test
data/durian/mendeley_pxzvksbwnj/images/test__Leaf_Phomopsis__Leaf_Phomopsis_00259.jpg,Leaf_Phomopsis,test
data/durian/mendeley_pxzvksbwnj/images/test__Leaf_Phomopsis__Leaf_Phomopsis_00275.jpg,Leaf_Phomopsis,test
data/durian/mendeley_pxzvksbwnj/images/test__Leaf_Phomopsis__Leaf_Phomopsis_00280.jpg,Leaf_Phomopsis,test
data/durian/mendeley_pxzvksbwnj/images/test__Leaf_Phomopsis__Leaf_Phomopsis_00283.jpg,Leaf_Phomopsis,test
data/durian/mendeley_pxzvksbwnj/images/test__Leaf_Phomopsis__Leaf_Phomopsis_00288.jpg,Leaf_Phomopsis,test
data/durian/mendeley_pxzvksbwnj/images/test__Leaf_Phomopsis__Leaf_Phomopsis_00302.jpg,Leaf_Phomopsis,test
data/durian/mendeley_pxzvksbwnj/images/test__Leaf_Phomopsis__Leaf_Phomopsis_00303.jpg,Leaf_Phomopsis,test
data/durian/mendeley_pxzvksbwnj/images/test__Leaf_Phomopsis__Leaf_Phomopsis_00309.jpg,Leaf_Phomopsis,test
data/durian/mendeley_pxzvksbwnj/images/test__Leaf_Phomopsis__Leaf_Phomopsis_00310.jpg,Leaf_Phomopsis,test
data/durian/mendeley_pxzvksbwnj/images/test__Leaf_Phomopsis__Leaf_Phomopsis_00317.jpg,Leaf_Phomopsis,test
data/durian/mendeley_pxzvksbwnj/images/test__Leaf_Phomopsis__Leaf_Phomopsis_00322.jpg,Leaf_Phomopsis,test
data/durian/mendeley_pxzvksbwnj/images/test__Leaf_Phomopsis__Leaf_Phomopsis_00328.jpg,Leaf_Phomopsis,test
data/durian/mendeley_pxzvksbwnj/images/test__Leaf_Phomopsis__Leaf_Phomopsis_00333.jpg,Leaf_Phomopsis,test
data/durian/mendeley_pxzvksbwnj/images/test__Leaf_Phomopsis__Leaf_Phomopsis_00347.jpg,Leaf_Phomopsis,test
data/durian/mendeley_pxzvksbwnj/images/test__Leaf_Phomopsis__Leaf_Phomopsis_00358.jpg,Leaf_Phomopsis,test
data/durian/mendeley_pxzvksbwnj/images/test__Leaf_Phomopsis__Leaf_Phomopsis_00360.jpg,Leaf_Phomopsis,test
data/durian/mendeley_pxzvksbwnj/images/test__Leaf_Phomopsis__Leaf_Phomopsis_00367.jpg,Leaf_Phomopsis,test
data/durian/mendeley_pxzvksbwnj/images/test__Leaf_Phomopsis__Leaf_Phomopsis_00377.jpg,Leaf_Phomopsis,test
data/durian/mendeley_pxzvksbwnj/images/test__Leaf_Phomopsis__Leaf_Phomopsis_00378.jpg,Leaf_Phomopsis,test
data/durian/mendeley_pxzvksbwnj/images/test__Leaf_Phomopsis__Leaf_Phomopsis_00380.jpg,Leaf_Phomopsis,test
data/durian/mendeley_pxzvksbwnj/images/test__Leaf_Phomopsis__Leaf_Phomopsis_00393.jpg,Leaf_Phomopsis,test
data/durian/mendeley_pxzvksbwnj/images/test__Leaf_Phomopsis__Leaf_Phomopsis_00396.jpg,Leaf_Phomopsis,test
data/durian/mendeley_pxzvksbwnj/images/test__Leaf_Phomopsis__Leaf_Phomopsis_00399.jpg,Leaf_Phomopsis,test
data/durian/mendeley_pxzvksbwnj/images/test__Leaf_Phomopsis__Leaf_Phomopsis_00402.jpg,Leaf_Phomopsis,test
data/durian/mendeley_pxzvksbwnj/images/test__Leaf_Phomopsis__Leaf_Phomopsis_00408.jpg,Leaf_Phomopsis,test
data/durian/mendeley_pxzvksbwnj/images/test__Leaf_Rhizoctonia__Leaf_Rhizoctonia_00004.jpg,Leaf_Rhizoctonia,test
data/durian/mendeley_pxzvksbwnj/images/test__Leaf_Rhizoctonia__Leaf_Rhizoctonia_00013.jpg,Leaf_Rhizoctonia,test
data/durian/mendeley_pxzvksbwnj/images/test__Leaf_Rhizoctonia__Leaf_Rhizoctonia_00014.jpg,Leaf_Rhizoctonia,test
data/durian/mendeley_pxzvksbwnj/images/test__Leaf_Rhizoctonia__Leaf_Rhizoctonia_00016.jpg,Leaf_Rhizoctonia,test
data/durian/mendeley_pxzvksbwnj/images/test__Leaf_Rhizoctonia__Leaf_Rhizoctonia_00017.jpg,Leaf_Rhizoctonia,test
data/durian/mendeley_pxzvksbwnj/images/test__Leaf_Rhizoctonia__Leaf_Rhizoctonia_00023.jpg,Leaf_Rhizoctonia,test
data/durian/mendeley_pxzvksbwnj/images/test__Leaf_Rhizoctonia__Leaf_Rhizoctonia_00041.jpg,Leaf_Rhizoctonia,test
data/durian/mendeley_pxzvksbwnj/images/test__Leaf_Rhizoctonia__Leaf_Rhizoctonia_00045.jpg,Leaf_Rhizoctonia,test
data/durian/mendeley_pxzvksbwnj/images/test__Leaf_Rhizoctonia__Leaf_Rhizoctonia_00048.jpg,Leaf_Rhizoctonia,test
data/durian/mendeley_pxzvksbwnj/images/test__Leaf_Rhizoctonia__Leaf_Rhizoctonia_00050.jpg,Leaf_Rhizoctonia,test
data/durian/mendeley_pxzvksbwnj/images/test__Leaf_Rhizoctonia__Leaf_Rhizoctonia_00053.jpg,Leaf_Rhizoctonia,test
data/durian/mendeley_pxzvksbwnj/images/test__Leaf_Rhizoctonia__Leaf_Rhizoctonia_00058.jpg,Leaf_Rhizoctonia,test
data/durian/mendeley_pxzvksbwnj/images/test__Leaf_Rhizoctonia__Leaf_Rhizoctonia_00064.jpg,Leaf_Rhizoctonia,test
data/durian/mendeley_pxzvksbwnj/images/test__Leaf_Rhizoctonia__Leaf_Rhizoctonia_00072.jpg,Leaf_Rhizoctonia,test
data/durian/mendeley_pxzvksbwnj/images/test__Leaf_Rhizoctonia__Leaf_Rhizoctonia_00080.jpg,Leaf_Rhizoctonia,test
data/durian/mendeley_pxzvksbwnj/images/test__Leaf_Rhizoctonia__Leaf_Rhizoctonia_00082.jpg,Leaf_Rhizoctonia,test
data/durian/mendeley_pxzvksbwnj/images/test__Leaf_Rhizoctonia__Leaf_Rhizoctonia_00102.jpg,Leaf_Rhizoctonia,test
data/durian/mendeley_pxzvksbwnj/images/test__Leaf_Rhizoctonia__Leaf_Rhizoctonia_00111.jpg,Leaf_Rhizoctonia,test
data/durian/mendeley_pxzvksbwnj/images/test__Leaf_Rhizoctonia__Leaf_Rhizoctonia_00112.jpg,Leaf_Rhizoctonia,test
data/durian/mendeley_pxzvksbwnj/images/test__Leaf_Rhizoctonia__Leaf_Rhizoctonia_00113.jpg,Leaf_Rhizoctonia,test
data/durian/mendeley_pxzvksbwnj/images/test__Leaf_Rhizoctonia__Leaf_Rhizoctonia_00115.jpg,Leaf_Rhizoctonia,test
data/durian/mendeley_pxzvksbwnj/images/test__Leaf_Rhizoctonia__Leaf_Rhizoctonia_00120.jpg,Leaf_Rhizoctonia,test
data/durian/mendeley_pxzvksbwnj/images/test__Leaf_Rhizoctonia__Leaf_Rhizoctonia_00126.jpg,Leaf_Rhizoctonia,test
data/durian/mendeley_pxzvksbwnj/images/test__Leaf_Rhizoctonia__Leaf_Rhizoctonia_00136.jpg,Leaf_Rhizoctonia,test
data/durian/mendeley_pxzvksbwnj/images/test__Leaf_Rhizoctonia__Leaf_Rhizoctonia_00141.jpg,Leaf_Rhizoctonia,test
data/durian/mendeley_pxzvksbwnj/images/test__Leaf_Rhizoctonia__Leaf_Rhizoctonia_00143.jpg,Leaf_Rhizoctonia,test
data/durian/mendeley_pxzvksbwnj/images/test__Leaf_Rhizoctonia__Leaf_Rhizoctonia_00151.jpg,Leaf_Rhizoctonia,test
data/durian/mendeley_pxzvksbwnj/images/test__Leaf_Rhizoctonia__Leaf_Rhizoctonia_00173.jpg,Leaf_Rhizoctonia,test
data/durian/mendeley_pxzvksbwnj/images/test__Leaf_Rhizoctonia__Leaf_Rhizoctonia_00175.jpg,Leaf_Rhizoctonia,test
data/durian/mendeley_pxzvksbwnj/images/test__Leaf_Rhizoctonia__Leaf_Rhizoctonia_00177.jpg,Leaf_Rhizoctonia,test
data/durian/mendeley_pxzvksbwnj/images/test__Leaf_Rhizoctonia__Leaf_Rhizoctonia_00184.jpg,Leaf_Rhizoctonia,test
data/durian/mendeley_pxzvksbwnj/images/test__Leaf_Rhizoctonia__Leaf_Rhizoctonia_00194.jpg,Leaf_Rhizoctonia,test
data/durian/mendeley_pxzvksbwnj/images/test__Leaf_Rhizoctonia__Leaf_Rhizoctonia_00195.jpg,Leaf_Rhizoctonia,test
data/durian/mendeley_pxzvksbwnj/images/test__Leaf_Rhizoctonia__Leaf_Rhizoctonia_00215.jpg,Leaf_Rhizoctonia,test
data/durian/mendeley_pxzvksbwnj/images/test__Leaf_Rhizoctonia__Leaf_Rhizoctonia_00217.jpg,Leaf_Rhizoctonia,test
data/durian/mendeley_pxzvksbwnj/images/test__Leaf_Rhizoctonia__Leaf_Rhizoctonia_00230.jpg,Leaf_Rhizoctonia,test
data/durian/mendeley_pxzvksbwnj/images/test__Leaf_Rhizoctonia__Leaf_Rhizoctonia_00236.jpg,Leaf_Rhizoctonia,test
data/durian/mendeley_pxzvksbwnj/images/test__Leaf_Rhizoctonia__Leaf_Rhizoctonia_00259.jpg,Leaf_Rhizoctonia,test
data/durian/mendeley_pxzvksbwnj/images/test__Leaf_Rhizoctonia__Leaf_Rhizoctonia_00275.jpg,Leaf_Rhizoctonia,test
data/durian/mendeley_pxzvksbwnj/images/test__Leaf_Rhizoctonia__Leaf_Rhizoctonia_00280.jpg,Leaf_Rhizoctonia,test
data/durian/mendeley_pxzvksbwnj/images/test__Leaf_Rhizoctonia__Leaf_Rhizoctonia_00283.jpg,Leaf_Rhizoctonia,test
data/durian/mendeley_pxzvksbwnj/images/test__Leaf_Rhizoctonia__Leaf_Rhizoctonia_00288.jpg,Leaf_Rhizoctonia,test
data/durian/mendeley_pxzvksbwnj/images/test__Leaf_Rhizoctonia__Leaf_Rhizoctonia_00302.jpg,Leaf_Rhizoctonia,test
data/durian/mendeley_pxzvksbwnj/images/test__Leaf_Rhizoctonia__Leaf_Rhizoctonia_00303.jpg,Leaf_Rhizoctonia,test
data/durian/mendeley_pxzvksbwnj/images/test__Leaf_Rhizoctonia__Leaf_Rhizoctonia_00309.jpg,Leaf_Rhizoctonia,test
data/durian/mendeley_pxzvksbwnj/images/test__Leaf_Rhizoctonia__Leaf_Rhizoctonia_00310.jpg,Leaf_Rhizoctonia,test
data/durian/mendeley_pxzvksbwnj/images/test__Leaf_Rhizoctonia__Leaf_Rhizoctonia_00322.jpg,Leaf_Rhizoctonia,test
data/durian/mendeley_pxzvksbwnj/images/test__Leaf_Rhizoctonia__Leaf_Rhizoctonia_00328.jpg,Leaf_Rhizoctonia,test
data/durian/mendeley_pxzvksbwnj/images/test__Leaf_Rhizoctonia__Leaf_Rhizoctonia_00333.jpg,Leaf_Rhizoctonia,test
data/durian/mendeley_pxzvksbwnj/images/test__Leaf_Rhizoctonia__Leaf_Rhizoctonia_00347.jpg,Leaf_Rhizoctonia,test
data/durian/mendeley_pxzvksbwnj/images/test__Leaf_Rhizoctonia__Leaf_Rhizoctonia_00358.jpg,Leaf_Rhizoctonia,test
data/durian/mendeley_pxzvksbwnj/images/test__Leaf_Rhizoctonia__Leaf_Rhizoctonia_00360.jpg,Leaf_Rhizoctonia,test
data/durian/mendeley_pxzvksbwnj/images/test__Leaf_Rhizoctonia__Leaf_Rhizoctonia_00364.jpg,Leaf_Rhizoctonia,test
data/durian/mendeley_pxzvksbwnj/images/test__Leaf_Rhizoctonia__Leaf_Rhizoctonia_00367.jpg,Leaf_Rhizoctonia,test
data/durian/mendeley_pxzvksbwnj/images/test__Leaf_Rhizoctonia__Leaf_Rhizoctonia_00378.jpg,Leaf_Rhizoctonia,test
data/durian/mendeley_pxzvksbwnj/images/test__Leaf_Rhizoctonia__Leaf_Rhizoctonia_00380.jpg,Leaf_Rhizoctonia,test
data/durian/mendeley_pxzvksbwnj/images/test__Leaf_Rhizoctonia__Leaf_Rhizoctonia_00383.jpg,Leaf_Rhizoctonia,test
data/durian/mendeley_pxzvksbwnj/images/test__Leaf_Rhizoctonia__Leaf_Rhizoctonia_00386.jpg,Leaf_Rhizoctonia,test
data/durian/mendeley_pxzvksbwnj/images/test__Leaf_Rhizoctonia__Leaf_Rhizoctonia_00387.jpg,Leaf_Rhizoctonia,test
data/durian/mendeley_pxzvksbwnj/images/test__Leaf_Rhizoctonia__Leaf_Rhizoctonia_00389.jpg,Leaf_Rhizoctonia,test
data/durian/mendeley_pxzvksbwnj/images/test__Leaf_Rhizoctonia__Leaf_Rhizoctonia_00395.jpg,Leaf_Rhizoctonia,test
data/durian/mendeley_pxzvksbwnj/images/train__Leaf_Algal__Leaf_Algal_00001.jpg,Leaf_Algal,train
data/durian/mendeley_pxzvksbwnj/images/train__Leaf_Algal__Leaf_Algal_00002.jpg,Leaf_Algal,train
data/durian/mendeley_pxzvksbwnj/images/train__Leaf_Algal__Leaf_Algal_00003.jpg,Leaf_Algal,train
data/durian/mendeley_pxzvksbwnj/images/train__Leaf_Algal__Leaf_Algal_00005.jpg,Leaf_Algal,train
data/durian/mendeley_pxzvksbwnj/images/train__Leaf_Algal__Leaf_Algal_00006.jpg,Leaf_Algal,train
data/durian/mendeley_pxzvksbwnj/images/train__Leaf_Algal__Leaf_Algal_00007.jpg,Leaf_Algal,train
data/durian/mendeley_pxzvksbwnj/images/train__Leaf_Algal__Leaf_Algal_00008.jpg,Leaf_Algal,train
data/durian/mendeley_pxzvksbwnj/images/train__Leaf_Algal__Leaf_Algal_00009.jpg,Leaf_Algal,train
data/durian/mendeley_pxzvksbwnj/images/train__Leaf_Algal__Leaf_Algal_00010.jpg,Leaf_Algal,train
data/durian/mendeley_pxzvksbwnj/images/train__Leaf_Algal__Leaf_Algal_00011.jpg,Leaf_Algal,train
data/durian/mendeley_pxzvksbwnj/images/train__Leaf_Algal__Leaf_Algal_00012.jpg,Leaf_Algal,train
data/durian/mendeley_pxzvksbwnj/images/train__Leaf_Algal__Leaf_Algal_00015.jpg,Leaf_Algal,train
data/durian/mendeley_pxzvksbwnj/images/train__Leaf_Algal__Leaf_Algal_00018.jpg,Leaf_Algal,train
data/durian/mendeley_pxzvksbwnj/images/train__Leaf_Algal__Leaf_Algal_00019.jpg,Leaf_Algal,train
data/durian/mendeley_pxzvksbwnj/images/train__Leaf_Algal__Leaf_Algal_00020.jpg,Leaf_Algal,train
data/durian/mendeley_pxzvksbwnj/images/train__Leaf_Algal__Leaf_Algal_00021.jpg,Leaf_Algal,train
data/durian/mendeley_pxzvksbwnj/images/train__Leaf_Algal__Leaf_Algal_00022.jpg,Leaf_Algal,train
data/durian/mendeley_pxzvksbwnj/images/train__Leaf_Algal__Leaf_Algal_00025.jpg,Leaf_Algal,train
data/durian/mendeley_pxzvksbwnj/images/train__Leaf_Algal__Leaf_Algal_00026.jpg,Leaf_Algal,train
data/durian/mendeley_pxzvksbwnj/images/train__Leaf_Algal__Leaf_Algal_00027.jpg,Leaf_Algal,train
data/durian/mendeley_pxzvksbwnj/images/train__Leaf_Algal__Leaf_Algal_00028.jpg,Leaf_Algal,train
data/durian/mendeley_pxzvksbwnj/images/train__Leaf_Algal__Leaf_Algal_00030.jpg,Leaf_Algal,train
data/durian/mendeley_pxzvksbwnj/images/train__Leaf_Algal__Leaf_Algal_00031.jpg,Leaf_Algal,train
data/durian/mendeley_pxzvksbwnj/images/train__Leaf_Algal__Leaf_Algal_00032.jpg,Leaf_Algal,train
data/durian/mendeley_pxzvksbwnj/images/train__Leaf_Algal__Leaf_Algal_00033.jpg,Leaf_Algal,train
data/durian/mendeley_pxzvksbwnj/images/train__Leaf_Algal__Leaf_Algal_00035.jpg,Leaf_Algal,train
data/durian/mendeley_pxzvksbwnj/images/train__Leaf_Algal__Leaf_Algal_00038.jpg,Leaf_Algal,train
data/durian/mendeley_pxzvksbwnj/images/train__Leaf_Algal__Leaf_Algal_00039.jpg,Leaf_Algal,train
data/durian/mendeley_pxzvksbwnj/images/train__Leaf_Algal__Leaf_Algal_00040.jpg,Leaf_Algal,train
data/durian/mendeley_pxzvksbwnj/images/train__Leaf_Algal__Leaf_Algal_00042.jpg,Leaf_Algal,train
data/durian/mendeley_pxzvksbwnj/images/train__Leaf_Algal__Leaf_Algal_00043.jpg,Leaf_Algal,train
data/durian/mendeley_pxzvksbwnj/images/train__Leaf_Algal__Leaf_Algal_00044.jpg,Leaf_Algal,train
data/durian/mendeley_pxzvksbwnj/images/train__Leaf_Algal__Leaf_Algal_00046.jpg,Leaf_Algal,train
data/durian/mendeley_pxzvksbwnj/images/train__Leaf_Algal__Leaf_Algal_00047.jpg,Leaf_Algal,train
data/durian/mendeley_pxzvksbwnj/images/train__Leaf_Algal__Leaf_Algal_00049.jpg,Leaf_Algal,train
data/durian/mendeley_pxzvksbwnj/images/train__Leaf_Algal__Leaf_Algal_00051.jpg,Leaf_Algal,train
data/durian/mendeley_pxzvksbwnj/images/train__Leaf_Algal__Leaf_Algal_00054.jpg,Leaf_Algal,train
data/durian/mendeley_pxzvksbwnj/images/train__Leaf_Algal__Leaf_Algal_00055.jpg,Leaf_Algal,train
data/durian/mendeley_pxzvksbwnj/images/train__Leaf_Algal__Leaf_Algal_00056.jpg,Leaf_Algal,train
data/durian/mendeley_pxzvksbwnj/images/train__Leaf_Algal__Leaf_Algal_00057.jpg,Leaf_Algal,train
data/durian/mendeley_pxzvksbwnj/images/train__Leaf_Algal__Leaf_Algal_00059.jpg,Leaf_Algal,train
data/durian/mendeley_pxzvksbwnj/images/train__Leaf_Algal__Leaf_Algal_00060.jpg,Leaf_Algal,train
data/durian/mendeley_pxzvksbwnj/images/train__Leaf_Algal__Leaf_Algal_00061.jpg,Leaf_Algal,train
data/durian/mendeley_pxzvksbwnj/images/train__Leaf_Algal__Leaf_Algal_00062.jpg,Leaf_Algal,train
data/durian/mendeley_pxzvksbwnj/images/train__Leaf_Algal__Leaf_Algal_00063.jpg,Leaf_Algal,train
data/durian/mendeley_pxzvksbwnj/images/train__Leaf_Algal__Leaf_Algal_00065.jpg,Leaf_Algal,train
data/durian/mendeley_pxzvksbwnj/images/train__Leaf_Algal__Leaf_Algal_00066.jpg,Leaf_Algal,train
data/durian/mendeley_pxzvksbwnj/images/train__Leaf_Algal__Leaf_Algal_00067.jpg,Leaf_Algal,train
data/durian/mendeley_pxzvksbwnj/images/train__Leaf_Algal__Leaf_Algal_00068.jpg,Leaf_Algal,train
data/durian/mendeley_pxzvksbwnj/images/train__Leaf_Algal__Leaf_Algal_00069.jpg,Leaf_Algal,train
data/durian/mendeley_pxzvksbwnj/images/train__Leaf_Algal__Leaf_Algal_00070.jpg,Leaf_Algal,train
data/durian/mendeley_pxzvksbwnj/images/train__Leaf_Algal__Leaf_Algal_00073.jpg,Leaf_Algal,train
data/durian/mendeley_pxzvksbwnj/images/train__Leaf_Algal__Leaf_Algal_00075.jpg,Leaf_Algal,train
data/durian/mendeley_pxzvksbwnj/images/train__Leaf_Algal__Leaf_Algal_00076.jpg,Leaf_Algal,train
data/durian/mendeley_pxzvksbwnj/images/train__Leaf_Algal__Leaf_Algal_00077.jpg,Leaf_Algal,train
data/durian/mendeley_pxzvksbwnj/images/train__Leaf_Algal__Leaf_Algal_00078.jpg,Leaf_Algal,train
data/durian/mendeley_pxzvksbwnj/images/train__Leaf_Algal__Leaf_Algal_00079.jpg,Leaf_Algal,train
data/durian/mendeley_pxzvksbwnj/images/train__Leaf_Algal__Leaf_Algal_00081.jpg,Leaf_Algal,train
data/durian/mendeley_pxzvksbwnj/images/train__Leaf_Algal__Leaf_Algal_00083.jpg,Leaf_Algal,train
data/durian/mendeley_pxzvksbwnj/images/train__Leaf_Algal__Leaf_Algal_00085.jpg,Leaf_Algal,train
data/durian/mendeley_pxzvksbwnj/images/train__Leaf_Algal__Leaf_Algal_00086.jpg,Leaf_Algal,train
data/durian/mendeley_pxzvksbwnj/images/train__Leaf_Algal__Leaf_Algal_00087.jpg,Leaf_Algal,train
data/durian/mendeley_pxzvksbwnj/images/train__Leaf_Algal__Leaf_Algal_00089.jpg,Leaf_Algal,train
data/durian/mendeley_pxzvksbwnj/images/train__Leaf_Algal__Leaf_Algal_00090.jpg,Leaf_Algal,train
data/durian/mendeley_pxzvksbwnj/images/train__Leaf_Algal__Leaf_Algal_00091.jpg,Leaf_Algal,train
data/durian/mendeley_pxzvksbwnj/images/train__Leaf_Algal__Leaf_Algal_00092.jpg,Leaf_Algal,train
data/durian/mendeley_pxzvksbwnj/images/train__Leaf_Algal__Leaf_Algal_00093.jpg,Leaf_Algal,train
data/durian/mendeley_pxzvksbwnj/images/train__Leaf_Algal__Leaf_Algal_00094.jpg,Leaf_Algal,train
data/durian/mendeley_pxzvksbwnj/images/train__Leaf_Algal__Leaf_Algal_00095.jpg,Leaf_Algal,train
data/durian/mendeley_pxzvksbwnj/images/train__Leaf_Algal__Leaf_Algal_00096.jpg,Leaf_Algal,train
data/durian/mendeley_pxzvksbwnj/images/train__Leaf_Algal__Leaf_Algal_00097.jpg,Leaf_Algal,train
data/durian/mendeley_pxzvksbwnj/images/train__Leaf_Algal__Leaf_Algal_00098.jpg,Leaf_Algal,train
data/durian/mendeley_pxzvksbwnj/images/train__Leaf_Algal__Leaf_Algal_00100.jpg,Leaf_Algal,train
data/durian/mendeley_pxzvksbwnj/images/train__Leaf_Algal__Leaf_Algal_00101.jpg,Leaf_Algal,train
data/durian/mendeley_pxzvksbwnj/images/train__Leaf_Algal__Leaf_Algal_00103.jpg,Leaf_Algal,train
data/durian/mendeley_pxzvksbwnj/images/train__Leaf_Algal__Leaf_Algal_00104.jpg,Leaf_Algal,train
data/durian/mendeley_pxzvksbwnj/images/train__Leaf_Algal__Leaf_Algal_00105.jpg,Leaf_Algal,train
data/durian/mendeley_pxzvksbwnj/images/train__Leaf_Algal__Leaf_Algal_00106.jpg,Leaf_Algal,train
data/durian/mendeley_pxzvksbwnj/images/train__Leaf_Algal__Leaf_Algal_00107.jpg,Leaf_Algal,train
data/durian/mendeley_pxzvksbwnj/images/train__Leaf_Algal__Leaf_Algal_00110.jpg,Leaf_Algal,train
data/durian/mendeley_pxzvksbwnj/images/train__Leaf_Algal__Leaf_Algal_00114.jpg,Leaf_Algal,train
data/durian/mendeley_pxzvksbwnj/images/train__Leaf_Algal__Leaf_Algal_00116.jpg,Leaf_Algal,train
data/durian/mendeley_pxzvksbwnj/images/train__Leaf_Algal__Leaf_Algal_00119.jpg,Leaf_Algal,train
data/durian/mendeley_pxzvksbwnj/images/train__Leaf_Algal__Leaf_Algal_00121.jpg,Leaf_Algal,train
data/durian/mendeley_pxzvksbwnj/images/train__Leaf_Algal__Leaf_Algal_00122.jpg,Leaf_Algal,train
data/durian/mendeley_pxzvksbwnj/images/train__Leaf_Algal__Leaf_Algal_00123.jpg,Leaf_Algal,train
data/durian/mendeley_pxzvksbwnj/images/train__Leaf_Algal__Leaf_Algal_00124.jpg,Leaf_Algal,train
data/durian/mendeley_pxzvksbwnj/images/train__Leaf_Algal__Leaf_Algal_00125.jpg,Leaf_Algal,train
data/durian/mendeley_pxzvksbwnj/images/train__Leaf_Algal__Leaf_Algal_00128.jpg,Leaf_Algal,train
data/durian/mendeley_pxzvksbwnj/images/train__Leaf_Algal__Leaf_Algal_00129.jpg,Leaf_Algal,train
data/durian/mendeley_pxzvksbwnj/images/train__Leaf_Algal__Leaf_Algal_00130.jpg,Leaf_Algal,train
data/durian/mendeley_pxzvksbwnj/images/train__Leaf_Algal__Leaf_Algal_00131.jpg,Leaf_Algal,train
data/durian/mendeley_pxzvksbwnj/images/train__Leaf_Algal__Leaf_Algal_00132.jpg,Leaf_Algal,train
data/durian/mendeley_pxzvksbwnj/images/train__Leaf_Algal__Leaf_Algal_00133.jpg,Leaf_Algal,train
data/durian/mendeley_pxzvksbwnj/images/train__Leaf_Algal__Leaf_Algal_00134.jpg,Leaf_Algal,train
data/durian/mendeley_pxzvksbwnj/images/train__Leaf_Algal__Leaf_Algal_00140.jpg,Leaf_Algal,train
data/durian/mendeley_pxzvksbwnj/images/train__Leaf_Algal__Leaf_Algal_00142.jpg,Leaf_Algal,train
data/durian/mendeley_pxzvksbwnj/images/train__Leaf_Algal__Leaf_Algal_00144.jpg,Leaf_Algal,train
data/durian/mendeley_pxzvksbwnj/images/train__Leaf_Algal__Leaf_Algal_00145.jpg,Leaf_Algal,train
data/durian/mendeley_pxzvksbwnj/images/train__Leaf_Algal__Leaf_Algal_00146.jpg,Leaf_Algal,train
data/durian/mendeley_pxzvksbwnj/images/train__Leaf_Algal__Leaf_Algal_00147.jpg,Leaf_Algal,train
data/durian/mendeley_pxzvksbwnj/images/train__Leaf_Algal__Leaf_Algal_00148.jpg,Leaf_Algal,train
data/durian/mendeley_pxzvksbwnj/images/train__Leaf_Algal__Leaf_Algal_00150.jpg,Leaf_Algal,train
data/durian/mendeley_pxzvksbwnj/images/train__Leaf_Algal__Leaf_Algal_00152.jpg,Leaf_Algal,train
data/durian/mendeley_pxzvksbwnj/images/train__Leaf_Algal__Leaf_Algal_00153.jpg,Leaf_Algal,train
data/durian/mendeley_pxzvksbwnj/images/train__Leaf_Algal__Leaf_Algal_00154.jpg,Leaf_Algal,train
data/durian/mendeley_pxzvksbwnj/images/train__Leaf_Algal__Leaf_Algal_00155.jpg,Leaf_Algal,train
data/durian/mendeley_pxzvksbwnj/images/train__Leaf_Algal__Leaf_Algal_00156.jpg,Leaf_Algal,train
data/durian/mendeley_pxzvksbwnj/images/train__Leaf_Algal__Leaf_Algal_00157.jpg,Leaf_Algal,train
data/durian/mendeley_pxzvksbwnj/images/train__Leaf_Algal__Leaf_Algal_00158.jpg,Leaf_Algal,train
data/durian/mendeley_pxzvksbwnj/images/train__Leaf_Algal__Leaf_Algal_00159.jpg,Leaf_Algal,train
data/durian/mendeley_pxzvksbwnj/images/train__Leaf_Algal__Leaf_Algal_00160.jpg,Leaf_Algal,train
data/durian/mendeley_pxzvksbwnj/images/train__Leaf_Algal__Leaf_Algal_00161.jpg,Leaf_Algal,train
data/durian/mendeley_pxzvksbwnj/images/train__Leaf_Algal__Leaf_Algal_00163.jpg,Leaf_Algal,train
data/durian/mendeley_pxzvksbwnj/images/train__Leaf_Algal__Leaf_Algal_00164.jpg,Leaf_Algal,train
data/durian/mendeley_pxzvksbwnj/images/train__Leaf_Algal__Leaf_Algal_00165.jpg,Leaf_Algal,train
data/durian/mendeley_pxzvksbwnj/images/train__Leaf_Algal__Leaf_Algal_00166.jpg,Leaf_Algal,train
data/durian/mendeley_pxzvksbwnj/images/train__Leaf_Algal__Leaf_Algal_00168.jpg,Leaf_Algal,train
data/durian/mendeley_pxzvksbwnj/images/train__Leaf_Algal__Leaf_Algal_00169.jpg,Leaf_Algal,train
data/durian/mendeley_pxzvksbwnj/images/train__Leaf_Algal__Leaf_Algal_00170.jpg,Leaf_Algal,train
data/durian/mendeley_pxzvksbwnj/images/train__Leaf_Algal__Leaf_Algal_00171.jpg,Leaf_Algal,train
data/durian/mendeley_pxzvksbwnj/images/train__Leaf_Algal__Leaf_Algal_00172.jpg,Leaf_Algal,train
data/durian/mendeley_pxzvksbwnj/images/train__Leaf_Algal__Leaf_Algal_00174.jpg,Leaf_Algal,train
data/durian/mendeley_pxzvksbwnj/images/train__Leaf_Algal__Leaf_Algal_00176.jpg,Leaf_Algal,train
data/durian/mendeley_pxzvksbwnj/images/train__Leaf_Algal__Leaf_Algal_00178.jpg,Leaf_Algal,train
data/durian/mendeley_pxzvksbwnj/images/train__Leaf_Algal__Leaf_Algal_00179.jpg,Leaf_Algal,train
data/durian/mendeley_pxzvksbwnj/images/train__Leaf_Algal__Leaf_Algal_00180.jpg,Leaf_Algal,train
data/durian/mendeley_pxzvksbwnj/images/train__Leaf_Algal__Leaf_Algal_00181.jpg,Leaf_Algal,train
data/durian/mendeley_pxzvksbwnj/images/train__Leaf_Algal__Leaf_Algal_00183.jpg,Leaf_Algal,train
data/durian/mendeley_pxzvksbwnj/images/train__Leaf_Algal__Leaf_Algal_00185.jpg,Leaf_Algal,train
data/durian/mendeley_pxzvksbwnj/images/train__Leaf_Algal__Leaf_Algal_00188.jpg,Leaf_Algal,train
data/durian/mendeley_pxzvksbwnj/images/train__Leaf_Algal__Leaf_Algal_00189.jpg,Leaf_Algal,train
data/durian/mendeley_pxzvksbwnj/images/train__Leaf_Algal__Leaf_Algal_00191.jpg,Leaf_Algal,train
data/durian/mendeley_pxzvksbwnj/images/train__Leaf_Algal__Leaf_Algal_00192.jpg,Leaf_Algal,train
data/durian/mendeley_pxzvksbwnj/images/train__Leaf_Algal__Leaf_Algal_00193.jpg,Leaf_Algal,train
data/durian/mendeley_pxzvksbwnj/images/train__Leaf_Algal__Leaf_Algal_00196.jpg,Leaf_Algal,train
data/durian/mendeley_pxzvksbwnj/images/train__Leaf_Algal__Leaf_Algal_00197.jpg,Leaf_Algal,train
data/durian/mendeley_pxzvksbwnj/images/train__Leaf_Algal__Leaf_Algal_00198.jpg,Leaf_Algal,train
data/durian/mendeley_pxzvksbwnj/images/train__Leaf_Algal__Leaf_Algal_00199.jpg,Leaf_Algal,train
data/durian/mendeley_pxzvksbwnj/images/train__Leaf_Algal__Leaf_Algal_00200.jpg,Leaf_Algal,train
data/durian/mendeley_pxzvksbwnj/images/train__Leaf_Algal__Leaf_Algal_00201.jpg,Leaf_Algal,train
data/durian/mendeley_pxzvksbwnj/images/train__Leaf_Algal__Leaf_Algal_00202.jpg,Leaf_Algal,train
data/durian/mendeley_pxzvksbwnj/images/train__Leaf_Algal__Leaf_Algal_00204.jpg,Leaf_Algal,train
data/durian/mendeley_pxzvksbwnj/images/train__Leaf_Algal__Leaf_Algal_00207.jpg,Leaf_Algal,train
data/durian/mendeley_pxzvksbwnj/images/train__Leaf_Algal__Leaf_Algal_00208.jpg,Leaf_Algal,train
data/durian/mendeley_pxzvksbwnj/images/train__Leaf_Algal__Leaf_Algal_00209.jpg,Leaf_Algal,train
data/durian/mendeley_pxzvksbwnj/images/train__Leaf_Algal__Leaf_Algal_00210.jpg,Leaf_Algal,train
data/durian/mendeley_pxzvksbwnj/images/train__Leaf_Algal__Leaf_Algal_00211.jpg,Leaf_Algal,train
data/durian/mendeley_pxzvksbwnj/images/train__Leaf_Algal__Leaf_Algal_00212.jpg,Leaf_Algal,train
data/durian/mendeley_pxzvksbwnj/images/train__Leaf_Algal__Leaf_Algal_00213.jpg,Leaf_Algal,train
data/durian/mendeley_pxzvksbwnj/images/train__Leaf_Algal__Leaf_Algal_00214.jpg,Leaf_Algal,train
data/durian/mendeley_pxzvksbwnj/images/train__Leaf_Algal__Leaf_Algal_00216.jpg,Leaf_Algal,train
data/durian/mendeley_pxzvksbwnj/images/train__Leaf_Algal__Leaf_Algal_00218.jpg,Leaf_Algal,train
data/durian/mendeley_pxzvksbwnj/images/train__Leaf_Algal__Leaf_Algal_00219.jpg,Leaf_Algal,train
data/durian/mendeley_pxzvksbwnj/images/train__Leaf_Algal__Leaf_Algal_00221.jpg,Leaf_Algal,train
data/durian/mendeley_pxzvksbwnj/images/train__Leaf_Algal__Leaf_Algal_00222.jpg,Leaf_Algal,train
data/durian/mendeley_pxzvksbwnj/images/train__Leaf_Algal__Leaf_Algal_00223.jpg,Leaf_Algal,train
data/durian/mendeley_pxzvksbwnj/images/train__Leaf_Algal__Leaf_Algal_00224.jpg,Leaf_Algal,train
data/durian/mendeley_pxzvksbwnj/images/train__Leaf_Algal__Leaf_Algal_00225.jpg,Leaf_Algal,train
data/durian/mendeley_pxzvksbwnj/images/train__Leaf_Algal__Leaf_Algal_00226.jpg,Leaf_Algal,train
data/durian/mendeley_pxzvksbwnj/images/train__Leaf_Algal__Leaf_Algal_00227.jpg,Leaf_Algal,train
data/durian/mendeley_pxzvksbwnj/images/train__Leaf_Algal__Leaf_Algal_00228.jpg,Leaf_Algal,train
data/durian/mendeley_pxzvksbwnj/images/train__Leaf_Algal__Leaf_Algal_00229.jpg,Leaf_Algal,train
data/durian/mendeley_pxzvksbwnj/images/train__Leaf_Algal__Leaf_Algal_00231.jpg,Leaf_Algal,train
data/durian/mendeley_pxzvksbwnj/images/train__Leaf_Algal__Leaf_Algal_00232.jpg,Leaf_Algal,train
data/durian/mendeley_pxzvksbwnj/images/train__Leaf_Algal__Leaf_Algal_00234.jpg,Leaf_Algal,train
data/durian/mendeley_pxzvksbwnj/images/train__Leaf_Algal__Leaf_Algal_00238.jpg,Leaf_Algal,train
data/durian/mendeley_pxzvksbwnj/images/train__Leaf_Algal__Leaf_Algal_00239.jpg,Leaf_Algal,train
data/durian/mendeley_pxzvksbwnj/images/train__Leaf_Algal__Leaf_Algal_00240.jpg,Leaf_Algal,train
data/durian/mendeley_pxzvksbwnj/images/train__Leaf_Algal__Leaf_Algal_00241.jpg,Leaf_Algal,train
data/durian/mendeley_pxzvksbwnj/images/train__Leaf_Algal__Leaf_Algal_00242.jpg,Leaf_Algal,train
data/durian/mendeley_pxzvksbwnj/images/train__Leaf_Algal__Leaf_Algal_00243.jpg,Leaf_Algal,train
data/durian/mendeley_pxzvksbwnj/images/train__Leaf_Algal__Leaf_Algal_00244.jpg,Leaf_Algal,train
data/durian/mendeley_pxzvksbwnj/images/train__Leaf_Algal__Leaf_Algal_00245.jpg,Leaf_Algal,train
data/durian/mendeley_pxzvksbwnj/images/train__Leaf_Algal__Leaf_Algal_00246.jpg,Leaf_Algal,train
data/durian/mendeley_pxzvksbwnj/images/train__Leaf_Algal__Leaf_Algal_00247.jpg,Leaf_Algal,train
data/durian/mendeley_pxzvksbwnj/images/train__Leaf_Algal__Leaf_Algal_00248.jpg,Leaf_Algal,train
data/durian/mendeley_pxzvksbwnj/images/train__Leaf_Algal__Leaf_Algal_00249.jpg,Leaf_Algal,train
data/durian/mendeley_pxzvksbwnj/images/train__Leaf_Algal__Leaf_Algal_00250.jpg,Leaf_Algal,train
data/durian/mendeley_pxzvksbwnj/images/train__Leaf_Algal__Leaf_Algal_00251.jpg,Leaf_Algal,train
data/durian/mendeley_pxzvksbwnj/images/train__Leaf_Algal__Leaf_Algal_00252.jpg,Leaf_Algal,train
data/durian/mendeley_pxzvksbwnj/images/train__Leaf_Algal__Leaf_Algal_00253.jpg,Leaf_Algal,train
data/durian/mendeley_pxzvksbwnj/images/train__Leaf_Algal__Leaf_Algal_00254.jpg,Leaf_Algal,train
data/durian/mendeley_pxzvksbwnj/images/train__Leaf_Algal__Leaf_Algal_00255.jpg,Leaf_Algal,train
data/durian/mendeley_pxzvksbwnj/images/train__Leaf_Algal__Leaf_Algal_00257.jpg,Leaf_Algal,train
data/durian/mendeley_pxzvksbwnj/images/train__Leaf_Algal__Leaf_Algal_00258.jpg,Leaf_Algal,train
data/durian/mendeley_pxzvksbwnj/images/train__Leaf_Algal__Leaf_Algal_00260.jpg,Leaf_Algal,train
data/durian/mendeley_pxzvksbwnj/images/train__Leaf_Algal__Leaf_Algal_00261.jpg,Leaf_Algal,train
data/durian/mendeley_pxzvksbwnj/images/train__Leaf_Algal__Leaf_Algal_00262.jpg,Leaf_Algal,train
data/durian/mendeley_pxzvksbwnj/images/train__Leaf_Algal__Leaf_Algal_00263.jpg,Leaf_Algal,train
data/durian/mendeley_pxzvksbwnj/images/train__Leaf_Algal__Leaf_Algal_00264.jpg,Leaf_Algal,train
data/durian/mendeley_pxzvksbwnj/images/train__Leaf_Algal__Leaf_Algal_00265.jpg,Leaf_Algal,train
data/durian/mendeley_pxzvksbwnj/images/train__Leaf_Algal__Leaf_Algal_00266.jpg,Leaf_Algal,train
data/durian/mendeley_pxzvksbwnj/images/train__Leaf_Algal__Leaf_Algal_00267.jpg,Leaf_Algal,train
data/durian/mendeley_pxzvksbwnj/images/train__Leaf_Algal__Leaf_Algal_00268.jpg,Leaf_Algal,train
data/durian/mendeley_pxzvksbwnj/images/train__Leaf_Algal__Leaf_Algal_00269.jpg,Leaf_Algal,train
data/durian/mendeley_pxzvksbwnj/images/train__Leaf_Algal__Leaf_Algal_00270.jpg,Leaf_Algal,train
data/durian/mendeley_pxzvksbwnj/images/train__Leaf_Algal__Leaf_Algal_00271.jpg,Leaf_Algal,train
data/durian/mendeley_pxzvksbwnj/images/train__Leaf_Algal__Leaf_Algal_00272.jpg,Leaf_Algal,train
data/durian/mendeley_pxzvksbwnj/images/train__Leaf_Algal__Leaf_Algal_00273.jpg,Leaf_Algal,train
data/durian/mendeley_pxzvksbwnj/images/train__Leaf_Algal__Leaf_Algal_00277.jpg,Leaf_Algal,train
data/durian/mendeley_pxzvksbwnj/images/train__Leaf_Algal__Leaf_Algal_00278.jpg,Leaf_Algal,train
data/durian/mendeley_pxzvksbwnj/images/train__Leaf_Algal__Leaf_Algal_00279.jpg,Leaf_Algal,train
data/durian/mendeley_pxzvksbwnj/images/train__Leaf_Algal__Leaf_Algal_00281.jpg,Leaf_Algal,train
data/durian/mendeley_pxzvksbwnj/images/train__Leaf_Algal__Leaf_Algal_00282.jpg,Leaf_Algal,train
data/durian/mendeley_pxzvksbwnj/images/train__Leaf_Algal__Leaf_Algal_00284.jpg,Leaf_Algal,train
data/durian/mendeley_pxzvksbwnj/images/train__Leaf_Algal__Leaf_Algal_00285.jpg,Leaf_Algal,train
data/durian/mendeley_pxzvksbwnj/images/train__Leaf_Algal__Leaf_Algal_00287.jpg,Leaf_Algal,train
data/durian/mendeley_pxzvksbwnj/images/train__Leaf_Algal__Leaf_Algal_00289.jpg,Leaf_Algal,train
data/durian/mendeley_pxzvksbwnj/images/train__Leaf_Algal__Leaf_Algal_00290.jpg,Leaf_Algal,train
data/durian/mendeley_pxzvksbwnj/images/train__Leaf_Algal__Leaf_Algal_00292.jpg,Leaf_Algal,train
data/durian/mendeley_pxzvksbwnj/images/train__Leaf_Algal__Leaf_Algal_00293.jpg,Leaf_Algal,train
data/durian/mendeley_pxzvksbwnj/images/train__Leaf_Algal__Leaf_Algal_00294.jpg,Leaf_Algal,train
data/durian/mendeley_pxzvksbwnj/images/train__Leaf_Algal__Leaf_Algal_00295.jpg,Leaf_Algal,train
data/durian/mendeley_pxzvksbwnj/images/train__Leaf_Algal__Leaf_Algal_00297.jpg,Leaf_Algal,train
data/durian/mendeley_pxzvksbwnj/images/train__Leaf_Algal__Leaf_Algal_00298.jpg,Leaf_Algal,train
data/durian/mendeley_pxzvksbwnj/images/train__Leaf_Algal__Leaf_Algal_00301.jpg,Leaf_Algal,train
data/durian/mendeley_pxzvksbwnj/images/train__Leaf_Algal__Leaf_Algal_00304.jpg,Leaf_Algal,train
data/durian/mendeley_pxzvksbwnj/images/train__Leaf_Algal__Leaf_Algal_00305.jpg,Leaf_Algal,train
data/durian/mendeley_pxzvksbwnj/images/train__Leaf_Algal__Leaf_Algal_00306.jpg,Leaf_Algal,train
data/durian/mendeley_pxzvksbwnj/images/train__Leaf_Algal__Leaf_Algal_00307.jpg,Leaf_Algal,train
data/durian/mendeley_pxzvksbwnj/images/train__Leaf_Algal__Leaf_Algal_00308.jpg,Leaf_Algal,train
data/durian/mendeley_pxzvksbwnj/images/train__Leaf_Algal__Leaf_Algal_00311.jpg,Leaf_Algal,train
data/durian/mendeley_pxzvksbwnj/images/train__Leaf_Algal__Leaf_Algal_00313.jpg,Leaf_Algal,train
data/durian/mendeley_pxzvksbwnj/images/train__Leaf_Algal__Leaf_Algal_00314.jpg,Leaf_Algal,train
data/durian/mendeley_pxzvksbwnj/images/train__Leaf_Algal__Leaf_Algal_00315.jpg,Leaf_Algal,train
data/durian/mendeley_pxzvksbwnj/images/train__Leaf_Algal__Leaf_Algal_00316.jpg,Leaf_Algal,train
data/durian/mendeley_pxzvksbwnj/images/train__Leaf_Algal__Leaf_Algal_00318.jpg,Leaf_Algal,train
data/durian/mendeley_pxzvksbwnj/images/train__Leaf_Algal__Leaf_Algal_00319.jpg,Leaf_Algal,train
data/durian/mendeley_pxzvksbwnj/images/train__Leaf_Algal__Leaf_Algal_00320.jpg,Leaf_Algal,train
data/durian/mendeley_pxzvksbwnj/images/train__Leaf_Algal__Leaf_Algal_00321.jpg,Leaf_Algal,train
data/durian/mendeley_pxzvksbwnj/images/train__Leaf_Algal__Leaf_Algal_00323.jpg,Leaf_Algal,train
data/durian/mendeley_pxzvksbwnj/images/train__Leaf_Algal__Leaf_Algal_00324.jpg,Leaf_Algal,train
data/durian/mendeley_pxzvksbwnj/images/train__Leaf_Algal__Leaf_Algal_00325.jpg,Leaf_Algal,train
data/durian/mendeley_pxzvksbwnj/images/train__Leaf_Algal__Leaf_Algal_00327.jpg,Leaf_Algal,train
data/durian/mendeley_pxzvksbwnj/images/train__Leaf_Algal__Leaf_Algal_00329.jpg,Leaf_Algal,train
data/durian/mendeley_pxzvksbwnj/images/train__Leaf_Algal__Leaf_Algal_00331.jpg,Leaf_Algal,train
data/durian/mendeley_pxzvksbwnj/images/train__Leaf_Algal__Leaf_Algal_00334.jpg,Leaf_Algal,train
data/durian/mendeley_pxzvksbwnj/images/train__Leaf_Algal__Leaf_Algal_00335.jpg,Leaf_Algal,train
data/durian/mendeley_pxzvksbwnj/images/train__Leaf_Algal__Leaf_Algal_00337.jpg,Leaf_Algal,train
data/durian/mendeley_pxzvksbwnj/images/train__Leaf_Algal__Leaf_Algal_00338.jpg,Leaf_Algal,train
data/durian/mendeley_pxzvksbwnj/images/train__Leaf_Algal__Leaf_Algal_00340.jpg,Leaf_Algal,train
data/durian/mendeley_pxzvksbwnj/images/train__Leaf_Algal__Leaf_Algal_00341.jpg,Leaf_Algal,train
data/durian/mendeley_pxzvksbwnj/images/train__Leaf_Algal__Leaf_Algal_00342.jpg,Leaf_Algal,train
data/durian/mendeley_pxzvksbwnj/images/train__Leaf_Algal__Leaf_Algal_00343.jpg,Leaf_Algal,train
data/durian/mendeley_pxzvksbwnj/images/train__Leaf_Algal__Leaf_Algal_00345.jpg,Leaf_Algal,train
data/durian/mendeley_pxzvksbwnj/images/train__Leaf_Algal__Leaf_Algal_00348.jpg,Leaf_Algal,train
data/durian/mendeley_pxzvksbwnj/images/train__Leaf_Algal__Leaf_Algal_00349.jpg,Leaf_Algal,train
data/durian/mendeley_pxzvksbwnj/images/train__Leaf_Algal__Leaf_Algal_00352.jpg,Leaf_Algal,train
data/durian/mendeley_pxzvksbwnj/images/train__Leaf_Algal__Leaf_Algal_00354.jpg,Leaf_Algal,train
data/durian/mendeley_pxzvksbwnj/images/train__Leaf_Algal__Leaf_Algal_00355.jpg,Leaf_Algal,train
data/durian/mendeley_pxzvksbwnj/images/train__Leaf_Algal__Leaf_Algal_00357.jpg,Leaf_Algal,train
data/durian/mendeley_pxzvksbwnj/images/train__Leaf_Algal__Leaf_Algal_00359.jpg,Leaf_Algal,train
data/durian/mendeley_pxzvksbwnj/images/train__Leaf_Algal__Leaf_Algal_00362.jpg,Leaf_Algal,train
data/durian/mendeley_pxzvksbwnj/images/train__Leaf_Algal__Leaf_Algal_00363.jpg,Leaf_Algal,train
data/durian/mendeley_pxzvksbwnj/images/train__Leaf_Algal__Leaf_Algal_00364.jpg,Leaf_Algal,train
data/durian/mendeley_pxzvksbwnj/images/train__Leaf_Algal__Leaf_Algal_00365.jpg,Leaf_Algal,train
data/durian/mendeley_pxzvksbwnj/images/train__Leaf_Algal__Leaf_Algal_00366.jpg,Leaf_Algal,train
data/durian/mendeley_pxzvksbwnj/images/train__Leaf_Algal__Leaf_Algal_00368.jpg,Leaf_Algal,train
data/durian/mendeley_pxzvksbwnj/images/train__Leaf_Algal__Leaf_Algal_00369.jpg,Leaf_Algal,train
data/durian/mendeley_pxzvksbwnj/images/train__Leaf_Algal__Leaf_Algal_00370.jpg,Leaf_Algal,train
data/durian/mendeley_pxzvksbwnj/images/train__Leaf_Algal__Leaf_Algal_00372.jpg,Leaf_Algal,train
data/durian/mendeley_pxzvksbwnj/images/train__Leaf_Algal__Leaf_Algal_00373.jpg,Leaf_Algal,train
data/durian/mendeley_pxzvksbwnj/images/train__Leaf_Algal__Leaf_Algal_00375.jpg,Leaf_Algal,train
data/durian/mendeley_pxzvksbwnj/images/train__Leaf_Algal__Leaf_Algal_00376.jpg,Leaf_Algal,train
data/durian/mendeley_pxzvksbwnj/images/train__Leaf_Algal__Leaf_Algal_00377.jpg,Leaf_Algal,train
data/durian/mendeley_pxzvksbwnj/images/train__Leaf_Algal__Leaf_Algal_00379.jpg,Leaf_Algal,train
data/durian/mendeley_pxzvksbwnj/images/train__Leaf_Algal__Leaf_Algal_00381.jpg,Leaf_Algal,train
data/durian/mendeley_pxzvksbwnj/images/train__Leaf_Algal__Leaf_Algal_00382.jpg,Leaf_Algal,train
data/durian/mendeley_pxzvksbwnj/images/train__Leaf_Algal__Leaf_Algal_00384.jpg,Leaf_Algal,train
data/durian/mendeley_pxzvksbwnj/images/train__Leaf_Algal__Leaf_Algal_00385.jpg,Leaf_Algal,train
data/durian/mendeley_pxzvksbwnj/images/train__Leaf_Algal__Leaf_Algal_00386.jpg,Leaf_Algal,train
data/durian/mendeley_pxzvksbwnj/images/train__Leaf_Algal__Leaf_Algal_00387.jpg,Leaf_Algal,train
data/durian/mendeley_pxzvksbwnj/images/train__Leaf_Algal__Leaf_Algal_00388.jpg,Leaf_Algal,train
data/durian/mendeley_pxzvksbwnj/images/train__Leaf_Algal__Leaf_Algal_00390.jpg,Leaf_Algal,train
data/durian/mendeley_pxzvksbwnj/images/train__Leaf_Algal__Leaf_Algal_00392.jpg,Leaf_Algal,train
data/durian/mendeley_pxzvksbwnj/images/train__Leaf_Algal__Leaf_Algal_00393.jpg,Leaf_Algal,train
data/durian/mendeley_pxzvksbwnj/images/train__Leaf_Algal__Leaf_Algal_00394.jpg,Leaf_Algal,train
data/durian/mendeley_pxzvksbwnj/images/train__Leaf_Algal__Leaf_Algal_00396.jpg,Leaf_Algal,train
data/durian/mendeley_pxzvksbwnj/images/train__Leaf_Algal__Leaf_Algal_00397.jpg,Leaf_Algal,train
data/durian/mendeley_pxzvksbwnj/images/train__Leaf_Algal__Leaf_Algal_00398.jpg,Leaf_Algal,train
data/durian/mendeley_pxzvksbwnj/images/train__Leaf_Algal__Leaf_Algal_00399.jpg,Leaf_Algal,train
data/durian/mendeley_pxzvksbwnj/images/train__Leaf_Algal__Leaf_Algal_00401.jpg,Leaf_Algal,train
data/durian/mendeley_pxzvksbwnj/images/train__Leaf_Algal__Leaf_Algal_00402.jpg,Leaf_Algal,train
data/durian/mendeley_pxzvksbwnj/images/train__Leaf_Algal__Leaf_Algal_00403.jpg,Leaf_Algal,train
data/durian/mendeley_pxzvksbwnj/images/train__Leaf_Algal__Leaf_Algal_00404.jpg,Leaf_Algal,train
data/durian/mendeley_pxzvksbwnj/images/train__Leaf_Algal__Leaf_Algal_00405.jpg,Leaf_Algal,train
data/durian/mendeley_pxzvksbwnj/images/train__Leaf_Algal__Leaf_Algal_00406.jpg,Leaf_Algal,train
data/durian/mendeley_pxzvksbwnj/images/train__Leaf_Algal__Leaf_Algal_00408.jpg,Leaf_Algal,train
data/durian/mendeley_pxzvksbwnj/images/train__Leaf_Algal__Leaf_Algal_00409.jpg,Leaf_Algal,train
data/durian/mendeley_pxzvksbwnj/images/train__Leaf_Algal__Leaf_Algal_00410.jpg,Leaf_Algal,train
data/durian/mendeley_pxzvksbwnj/images/train__Leaf_Algal__Leaf_Algal_00411.jpg,Leaf_Algal,train
data/durian/mendeley_pxzvksbwnj/images/train__Leaf_Algal__Leaf_Algal_00414.jpg,Leaf_Algal,train
data/durian/mendeley_pxzvksbwnj/images/train__Leaf_Algal__Leaf_Algal_00416.jpg,Leaf_Algal,train
data/durian/mendeley_pxzvksbwnj/images/train__Leaf_Algal__Leaf_Algal_00417.jpg,Leaf_Algal,train
data/durian/mendeley_pxzvksbwnj/images/train__Leaf_Algal__Leaf_Algal_00418.jpg,Leaf_Algal,train
data/durian/mendeley_pxzvksbwnj/images/train__Leaf_Algal__Leaf_Algal_00420.jpg,Leaf_Algal,train
data/durian/mendeley_pxzvksbwnj/images/train__Leaf_Algal__Leaf_Algal_00421.jpg,Leaf_Algal,train
data/durian/mendeley_pxzvksbwnj/images/train__Leaf_Algal__Leaf_Algal_00422.jpg,Leaf_Algal,train
data/durian/mendeley_pxzvksbwnj/images/train__Leaf_Algal__Leaf_Algal_00423.jpg,Leaf_Algal,train
data/durian/mendeley_pxzvksbwnj/images/train__Leaf_Algal__Leaf_Algal_00424.jpg,Leaf_Algal,train
data/durian/mendeley_pxzvksbwnj/images/train__Leaf_Algal__Leaf_Algal_00425.jpg,Leaf_Algal,train
data/durian/mendeley_pxzvksbwnj/images/train__Leaf_Algal__Leaf_Algal_00426.jpg,Leaf_Algal,train
data/durian/mendeley_pxzvksbwnj/images/train__Leaf_Algal__Leaf_Algal_00427.jpg,Leaf_Algal,train
data/durian/mendeley_pxzvksbwnj/images/train__Leaf_Algal__Leaf_Algal_00429.jpg,Leaf_Algal,train
data/durian/mendeley_pxzvksbwnj/images/train__Leaf_Algal__Leaf_Algal_00430.jpg,Leaf_Algal,train
data/durian/mendeley_pxzvksbwnj/images/train__Leaf_Algal__Leaf_Algal_00432.jpg,Leaf_Algal,train
data/durian/mendeley_pxzvksbwnj/images/train__Leaf_Algal__Leaf_Algal_00433.jpg,Leaf_Algal,train
data/durian/mendeley_pxzvksbwnj/images/train__Leaf_Algal__Leaf_Algal_00435.jpg,Leaf_Algal,train
data/durian/mendeley_pxzvksbwnj/images/train__Leaf_Algal__Leaf_Algal_00436.jpg,Leaf_Algal,train
data/durian/mendeley_pxzvksbwnj/images/train__Leaf_Algal__Leaf_Algal_00437.jpg,Leaf_Algal,train
data/durian/mendeley_pxzvksbwnj/images/train__Leaf_Algal__Leaf_Algal_00439.jpg,Leaf_Algal,train
data/durian/mendeley_pxzvksbwnj/images/train__Leaf_Algal__Leaf_Algal_00440.jpg,Leaf_Algal,train
data/durian/mendeley_pxzvksbwnj/images/train__Leaf_Algal__Leaf_Algal_00441.jpg,Leaf_Algal,train
data/durian/mendeley_pxzvksbwnj/images/train__Leaf_Algal__Leaf_Algal_00443.jpg,Leaf_Algal,train
data/durian/mendeley_pxzvksbwnj/images/train__Leaf_Algal__Leaf_Algal_00445.jpg,Leaf_Algal,train
data/durian/mendeley_pxzvksbwnj/images/train__Leaf_Algal__Leaf_Algal_00448.jpg,Leaf_Algal,train
data/durian/mendeley_pxzvksbwnj/images/train__Leaf_Algal__Leaf_Algal_00449.jpg,Leaf_Algal,train
data/durian/mendeley_pxzvksbwnj/images/train__Leaf_Algal__Leaf_Algal_00452.jpg,Leaf_Algal,train
data/durian/mendeley_pxzvksbwnj/images/train__Leaf_Algal__Leaf_Algal_00456.jpg,Leaf_Algal,train
data/durian/mendeley_pxzvksbwnj/images/train__Leaf_Algal__Leaf_Algal_00458.jpg,Leaf_Algal,train
data/durian/mendeley_pxzvksbwnj/images/train__Leaf_Algal__Leaf_Algal_00460.jpg,Leaf_Algal,train
data/durian/mendeley_pxzvksbwnj/images/train__Leaf_Algal__Leaf_Algal_00461.jpg,Leaf_Algal,train
data/durian/mendeley_pxzvksbwnj/images/train__Leaf_Blight__Leaf_Blight_00001.jpg,Leaf_Blight,train
data/durian/mendeley_pxzvksbwnj/images/train__Leaf_Blight__Leaf_Blight_00002.jpg,Leaf_Blight,train
data/durian/mendeley_pxzvksbwnj/images/train__Leaf_Blight__Leaf_Blight_00003.jpg,Leaf_Blight,train
data/durian/mendeley_pxzvksbwnj/images/train__Leaf_Blight__Leaf_Blight_00005.jpg,Leaf_Blight,train
data/durian/mendeley_pxzvksbwnj/images/train__Leaf_Blight__Leaf_Blight_00006.jpg,Leaf_Blight,train
data/durian/mendeley_pxzvksbwnj/images/train__Leaf_Blight__Leaf_Blight_00007.jpg,Leaf_Blight,train
data/durian/mendeley_pxzvksbwnj/images/train__Leaf_Blight__Leaf_Blight_00008.jpg,Leaf_Blight,train
data/durian/mendeley_pxzvksbwnj/images/train__Leaf_Blight__Leaf_Blight_00009.jpg,Leaf_Blight,train
data/durian/mendeley_pxzvksbwnj/images/train__Leaf_Blight__Leaf_Blight_00010.jpg,Leaf_Blight,train
data/durian/mendeley_pxzvksbwnj/images/train__Leaf_Blight__Leaf_Blight_00011.jpg,Leaf_Blight,train
data/durian/mendeley_pxzvksbwnj/images/train__Leaf_Blight__Leaf_Blight_00012.jpg,Leaf_Blight,train
data/durian/mendeley_pxzvksbwnj/images/train__Leaf_Blight__Leaf_Blight_00015.jpg,Leaf_Blight,train
data/durian/mendeley_pxzvksbwnj/images/train__Leaf_Blight__Leaf_Blight_00018.jpg,Leaf_Blight,train
data/durian/mendeley_pxzvksbwnj/images/train__Leaf_Blight__Leaf_Blight_00019.jpg,Leaf_Blight,train
data/durian/mendeley_pxzvksbwnj/images/train__Leaf_Blight__Leaf_Blight_00020.jpg,Leaf_Blight,train
data/durian/mendeley_pxzvksbwnj/images/train__Leaf_Blight__Leaf_Blight_00021.jpg,Leaf_Blight,train
data/durian/mendeley_pxzvksbwnj/images/train__Leaf_Blight__Leaf_Blight_00022.jpg,Leaf_Blight,train
data/durian/mendeley_pxzvksbwnj/images/train__Leaf_Blight__Leaf_Blight_00025.jpg,Leaf_Blight,train
data/durian/mendeley_pxzvksbwnj/images/train__Leaf_Blight__Leaf_Blight_00026.jpg,Leaf_Blight,train
data/durian/mendeley_pxzvksbwnj/images/train__Leaf_Blight__Leaf_Blight_00027.jpg,Leaf_Blight,train
data/durian/mendeley_pxzvksbwnj/images/train__Leaf_Blight__Leaf_Blight_00028.jpg,Leaf_Blight,train
data/durian/mendeley_pxzvksbwnj/images/train__Leaf_Blight__Leaf_Blight_00030.jpg,Leaf_Blight,train
data/durian/mendeley_pxzvksbwnj/images/train__Leaf_Blight__Leaf_Blight_00031.jpg,Leaf_Blight,train
data/durian/mendeley_pxzvksbwnj/images/train__Leaf_Blight__Leaf_Blight_00032.jpg,Leaf_Blight,train
data/durian/mendeley_pxzvksbwnj/images/train__Leaf_Blight__Leaf_Blight_00033.jpg,Leaf_Blight,train
data/durian/mendeley_pxzvksbwnj/images/train__Leaf_Blight__Leaf_Blight_00035.jpg,Leaf_Blight,train
data/durian/mendeley_pxzvksbwnj/images/train__Leaf_Blight__Leaf_Blight_00038.jpg,Leaf_Blight,train
data/durian/mendeley_pxzvksbwnj/images/train__Leaf_Blight__Leaf_Blight_00039.jpg,Leaf_Blight,train
data/durian/mendeley_pxzvksbwnj/images/train__Leaf_Blight__Leaf_Blight_00040.jpg,Leaf_Blight,train
data/durian/mendeley_pxzvksbwnj/images/train__Leaf_Blight__Leaf_Blight_00042.jpg,Leaf_Blight,train
data/durian/mendeley_pxzvksbwnj/images/train__Leaf_Blight__Leaf_Blight_00043.jpg,Leaf_Blight,train
data/durian/mendeley_pxzvksbwnj/images/train__Leaf_Blight__Leaf_Blight_00044.jpg,Leaf_Blight,train
data/durian/mendeley_pxzvksbwnj/images/train__Leaf_Blight__Leaf_Blight_00046.jpg,Leaf_Blight,train
data/durian/mendeley_pxzvksbwnj/images/train__Leaf_Blight__Leaf_Blight_00047.jpg,Leaf_Blight,train
data/durian/mendeley_pxzvksbwnj/images/train__Leaf_Blight__Leaf_Blight_00049.jpg,Leaf_Blight,train
data/durian/mendeley_pxzvksbwnj/images/train__Leaf_Blight__Leaf_Blight_00051.jpg,Leaf_Blight,train
data/durian/mendeley_pxzvksbwnj/images/train__Leaf_Blight__Leaf_Blight_00054.jpg,Leaf_Blight,train
data/durian/mendeley_pxzvksbwnj/images/train__Leaf_Blight__Leaf_Blight_00055.jpg,Leaf_Blight,train
data/durian/mendeley_pxzvksbwnj/images/train__Leaf_Blight__Leaf_Blight_00056.jpg,Leaf_Blight,train
data/durian/mendeley_pxzvksbwnj/images/train__Leaf_Blight__Leaf_Blight_00057.jpg,Leaf_Blight,train
data/durian/mendeley_pxzvksbwnj/images/train__Leaf_Blight__Leaf_Blight_00059.jpg,Leaf_Blight,train
data/durian/mendeley_pxzvksbwnj/images/train__Leaf_Blight__Leaf_Blight_00060.jpg,Leaf_Blight,train
data/durian/mendeley_pxzvksbwnj/images/train__Leaf_Blight__Leaf_Blight_00061.jpg,Leaf_Blight,train
data/durian/mendeley_pxzvksbwnj/images/train__Leaf_Blight__Leaf_Blight_00062.jpg,Leaf_Blight,train
data/durian/mendeley_pxzvksbwnj/images/train__Leaf_Blight__Leaf_Blight_00063.jpg,Leaf_Blight,train
data/durian/mendeley_pxzvksbwnj/images/train__Leaf_Blight__Leaf_Blight_00065.jpg,Leaf_Blight,train
data/durian/mendeley_pxzvksbwnj/images/train__Leaf_Blight__Leaf_Blight_00066.jpg,Leaf_Blight,train
data/durian/mendeley_pxzvksbwnj/images/train__Leaf_Blight__Leaf_Blight_00067.jpg,Leaf_Blight,train
data/durian/mendeley_pxzvksbwnj/images/train__Leaf_Blight__Leaf_Blight_00068.jpg,Leaf_Blight,train
data/durian/mendeley_pxzvksbwnj/images/train__Leaf_Blight__Leaf_Blight_00069.jpg,Leaf_Blight,train
data/durian/mendeley_pxzvksbwnj/images/train__Leaf_Blight__Leaf_Blight_00070.jpg,Leaf_Blight,train
data/durian/mendeley_pxzvksbwnj/images/train__Leaf_Blight__Leaf_Blight_00073.jpg,Leaf_Blight,train
data/durian/mendeley_pxzvksbwnj/images/train__Leaf_Blight__Leaf_Blight_00075.jpg,Leaf_Blight,train
data/durian/mendeley_pxzvksbwnj/images/train__Leaf_Blight__Leaf_Blight_00076.jpg,Leaf_Blight,train
data/durian/mendeley_pxzvksbwnj/images/train__Leaf_Blight__Leaf_Blight_00077.jpg,Leaf_Blight,train
data/durian/mendeley_pxzvksbwnj/images/train__Leaf_Blight__Leaf_Blight_00078.jpg,Leaf_Blight,train
data/durian/mendeley_pxzvksbwnj/images/train__Leaf_Blight__Leaf_Blight_00079.jpg,Leaf_Blight,train
data/durian/mendeley_pxzvksbwnj/images/train__Leaf_Blight__Leaf_Blight_00081.jpg,Leaf_Blight,train
data/durian/mendeley_pxzvksbwnj/images/train__Leaf_Blight__Leaf_Blight_00083.jpg,Leaf_Blight,train
data/durian/mendeley_pxzvksbwnj/images/train__Leaf_Blight__Leaf_Blight_00085.jpg,Leaf_Blight,train
data/durian/mendeley_pxzvksbwnj/images/train__Leaf_Blight__Leaf_Blight_00086.jpg,Leaf_Blight,train
data/durian/mendeley_pxzvksbwnj/images/train__Leaf_Blight__Leaf_Blight_00087.jpg,Leaf_Blight,train
data/durian/mendeley_pxzvksbwnj/images/train__Leaf_Blight__Leaf_Blight_00089.jpg,Leaf_Blight,train
data/durian/mendeley_pxzvksbwnj/images/train__Leaf_Blight__Leaf_Blight_00090.jpg,Leaf_Blight,train
data/durian/mendeley_pxzvksbwnj/images/train__Leaf_Blight__Leaf_Blight_00091.jpg,Leaf_Blight,train
data/durian/mendeley_pxzvksbwnj/images/train__Leaf_Blight__Leaf_Blight_00092.jpg,Leaf_Blight,train
data/durian/mendeley_pxzvksbwnj/images/train__Leaf_Blight__Leaf_Blight_00093.jpg,Leaf_Blight,train
data/durian/mendeley_pxzvksbwnj/images/train__Leaf_Blight__Leaf_Blight_00094.jpg,Leaf_Blight,train
data/durian/mendeley_pxzvksbwnj/images/train__Leaf_Blight__Leaf_Blight_00095.jpg,Leaf_Blight,train
data/durian/mendeley_pxzvksbwnj/images/train__Leaf_Blight__Leaf_Blight_00096.jpg,Leaf_Blight,train
data/durian/mendeley_pxzvksbwnj/images/train__Leaf_Blight__Leaf_Blight_00097.jpg,Leaf_Blight,train
data/durian/mendeley_pxzvksbwnj/images/train__Leaf_Blight__Leaf_Blight_00098.jpg,Leaf_Blight,train
data/durian/mendeley_pxzvksbwnj/images/train__Leaf_Blight__Leaf_Blight_00100.jpg,Leaf_Blight,train
data/durian/mendeley_pxzvksbwnj/images/train__Leaf_Blight__Leaf_Blight_00101.jpg,Leaf_Blight,train
data/durian/mendeley_pxzvksbwnj/images/train__Leaf_Blight__Leaf_Blight_00103.jpg,Leaf_Blight,train
data/durian/mendeley_pxzvksbwnj/images/train__Leaf_Blight__Leaf_Blight_00104.jpg,Leaf_Blight,train
data/durian/mendeley_pxzvksbwnj/images/train__Leaf_Blight__Leaf_Blight_00105.jpg,Leaf_Blight,train
data/durian/mendeley_pxzvksbwnj/images/train__Leaf_Blight__Leaf_Blight_00106.jpg,Leaf_Blight,train
data/durian/mendeley_pxzvksbwnj/images/train__Leaf_Blight__Leaf_Blight_00107.jpg,Leaf_Blight,train
data/durian/mendeley_pxzvksbwnj/images/train__Leaf_Blight__Leaf_Blight_00110.jpg,Leaf_Blight,train
data/durian/mendeley_pxzvksbwnj/images/train__Leaf_Blight__Leaf_Blight_00114.jpg,Leaf_Blight,train
data/durian/mendeley_pxzvksbwnj/images/train__Leaf_Blight__Leaf_Blight_00116.jpg,Leaf_Blight,train
data/durian/mendeley_pxzvksbwnj/images/train__Leaf_Blight__Leaf_Blight_00119.jpg,Leaf_Blight,train
data/durian/mendeley_pxzvksbwnj/images/train__Leaf_Blight__Leaf_Blight_00121.jpg,Leaf_Blight,train
data/durian/mendeley_pxzvksbwnj/images/train__Leaf_Blight__Leaf_Blight_00122.jpg,Leaf_Blight,train
data/durian/mendeley_pxzvksbwnj/images/train__Leaf_Blight__Leaf_Blight_00123.jpg,Leaf_Blight,train
data/durian/mendeley_pxzvksbwnj/images/train__Leaf_Blight__Leaf_Blight_00124.jpg,Leaf_Blight,train
data/durian/mendeley_pxzvksbwnj/images/train__Leaf_Blight__Leaf_Blight_00125.jpg,Leaf_Blight,train
data/durian/mendeley_pxzvksbwnj/images/train__Leaf_Blight__Leaf_Blight_00128.jpg,Leaf_Blight,train
data/durian/mendeley_pxzvksbwnj/images/train__Leaf_Blight__Leaf_Blight_00129.jpg,Leaf_Blight,train
data/durian/mendeley_pxzvksbwnj/images/train__Leaf_Blight__Leaf_Blight_00130.jpg,Leaf_Blight,train
data/durian/mendeley_pxzvksbwnj/images/train__Leaf_Blight__Leaf_Blight_00131.jpg,Leaf_Blight,train
data/durian/mendeley_pxzvksbwnj/images/train__Leaf_Blight__Leaf_Blight_00132.jpg,Leaf_Blight,train
data/durian/mendeley_pxzvksbwnj/images/train__Leaf_Blight__Leaf_Blight_00133.jpg,Leaf_Blight,train
data/durian/mendeley_pxzvksbwnj/images/train__Leaf_Blight__Leaf_Blight_00134.jpg,Leaf_Blight,train
data/durian/mendeley_pxzvksbwnj/images/train__Leaf_Blight__Leaf_Blight_00140.jpg,Leaf_Blight,train
data/durian/mendeley_pxzvksbwnj/images/train__Leaf_Blight__Leaf_Blight_00142.jpg,Leaf_Blight,train
data/durian/mendeley_pxzvksbwnj/images/train__Leaf_Blight__Leaf_Blight_00144.jpg,Leaf_Blight,train
data/durian/mendeley_pxzvksbwnj/images/train__Leaf_Blight__Leaf_Blight_00145.jpg,Leaf_Blight,train
data/durian/mendeley_pxzvksbwnj/images/train__Leaf_Blight__Leaf_Blight_00146.jpg,Leaf_Blight,train
data/durian/mendeley_pxzvksbwnj/images/train__Leaf_Blight__Leaf_Blight_00147.jpg,Leaf_Blight,train
data/durian/mendeley_pxzvksbwnj/images/train__Leaf_Blight__Leaf_Blight_00148.jpg,Leaf_Blight,train
data/durian/mendeley_pxzvksbwnj/images/train__Leaf_Blight__Leaf_Blight_00150.jpg,Leaf_Blight,train
data/durian/mendeley_pxzvksbwnj/images/train__Leaf_Blight__Leaf_Blight_00152.jpg,Leaf_Blight,train
data/durian/mendeley_pxzvksbwnj/images/train__Leaf_Blight__Leaf_Blight_00153.jpg,Leaf_Blight,train
data/durian/mendeley_pxzvksbwnj/images/train__Leaf_Blight__Leaf_Blight_00154.jpg,Leaf_Blight,train
data/durian/mendeley_pxzvksbwnj/images/train__Leaf_Blight__Leaf_Blight_00155.jpg,Leaf_Blight,train
data/durian/mendeley_pxzvksbwnj/images/train__Leaf_Blight__Leaf_Blight_00156.jpg,Leaf_Blight,train
data/durian/mendeley_pxzvksbwnj/images/train__Leaf_Blight__Leaf_Blight_00157.jpg,Leaf_Blight,train
data/durian/mendeley_pxzvksbwnj/images/train__Leaf_Blight__Leaf_Blight_00158.jpg,Leaf_Blight,train
data/durian/mendeley_pxzvksbwnj/images/train__Leaf_Blight__Leaf_Blight_00159.jpg,Leaf_Blight,train
data/durian/mendeley_pxzvksbwnj/images/train__Leaf_Blight__Leaf_Blight_00160.jpg,Leaf_Blight,train
data/durian/mendeley_pxzvksbwnj/images/train__Leaf_Blight__Leaf_Blight_00161.jpg,Leaf_Blight,train
data/durian/mendeley_pxzvksbwnj/images/train__Leaf_Blight__Leaf_Blight_00163.jpg,Leaf_Blight,train
data/durian/mendeley_pxzvksbwnj/images/train__Leaf_Blight__Leaf_Blight_00164.jpg,Leaf_Blight,train
data/durian/mendeley_pxzvksbwnj/images/train__Leaf_Blight__Leaf_Blight_00165.jpg,Leaf_Blight,train
data/durian/mendeley_pxzvksbwnj/images/train__Leaf_Blight__Leaf_Blight_00166.jpg,Leaf_Blight,train
data/durian/mendeley_pxzvksbwnj/images/train__Leaf_Blight__Leaf_Blight_00168.jpg,Leaf_Blight,train
data/durian/mendeley_pxzvksbwnj/images/train__Leaf_Blight__Leaf_Blight_00169.jpg,Leaf_Blight,train
data/durian/mendeley_pxzvksbwnj/images/train__Leaf_Blight__Leaf_Blight_00170.jpg,Leaf_Blight,train
data/durian/mendeley_pxzvksbwnj/images/train__Leaf_Blight__Leaf_Blight_00171.jpg,Leaf_Blight,train
data/durian/mendeley_pxzvksbwnj/images/train__Leaf_Blight__Leaf_Blight_00172.jpg,Leaf_Blight,train
data/durian/mendeley_pxzvksbwnj/images/train__Leaf_Blight__Leaf_Blight_00174.jpg,Leaf_Blight,train
data/durian/mendeley_pxzvksbwnj/images/train__Leaf_Blight__Leaf_Blight_00176.jpg,Leaf_Blight,train
data/durian/mendeley_pxzvksbwnj/images/train__Leaf_Blight__Leaf_Blight_00178.jpg,Leaf_Blight,train
data/durian/mendeley_pxzvksbwnj/images/train__Leaf_Blight__Leaf_Blight_00179.jpg,Leaf_Blight,train
data/durian/mendeley_pxzvksbwnj/images/train__Leaf_Blight__Leaf_Blight_00180.jpg,Leaf_Blight,train
data/durian/mendeley_pxzvksbwnj/images/train__Leaf_Blight__Leaf_Blight_00181.jpg,Leaf_Blight,train
data/durian/mendeley_pxzvksbwnj/images/train__Leaf_Blight__Leaf_Blight_00183.jpg,Leaf_Blight,train
data/durian/mendeley_pxzvksbwnj/images/train__Leaf_Blight__Leaf_Blight_00185.jpg,Leaf_Blight,train
data/durian/mendeley_pxzvksbwnj/images/train__Leaf_Blight__Leaf_Blight_00188.jpg,Leaf_Blight,train
data/durian/mendeley_pxzvksbwnj/images/train__Leaf_Blight__Leaf_Blight_00189.jpg,Leaf_Blight,train
data/durian/mendeley_pxzvksbwnj/images/train__Leaf_Blight__Leaf_Blight_00191.jpg,Leaf_Blight,train
data/durian/mendeley_pxzvksbwnj/images/train__Leaf_Blight__Leaf_Blight_00192.jpg,Leaf_Blight,train
data/durian/mendeley_pxzvksbwnj/images/train__Leaf_Blight__Leaf_Blight_00193.jpg,Leaf_Blight,train
data/durian/mendeley_pxzvksbwnj/images/train__Leaf_Blight__Leaf_Blight_00196.jpg,Leaf_Blight,train
data/durian/mendeley_pxzvksbwnj/images/train__Leaf_Blight__Leaf_Blight_00197.jpg,Leaf_Blight,train
data/durian/mendeley_pxzvksbwnj/images/train__Leaf_Blight__Leaf_Blight_00198.jpg,Leaf_Blight,train
data/durian/mendeley_pxzvksbwnj/images/train__Leaf_Blight__Leaf_Blight_00199.jpg,Leaf_Blight,train
data/durian/mendeley_pxzvksbwnj/images/train__Leaf_Blight__Leaf_Blight_00200.jpg,Leaf_Blight,train
data/durian/mendeley_pxzvksbwnj/images/train__Leaf_Blight__Leaf_Blight_00201.jpg,Leaf_Blight,train
data/durian/mendeley_pxzvksbwnj/images/train__Leaf_Blight__Leaf_Blight_00202.jpg,Leaf_Blight,train
data/durian/mendeley_pxzvksbwnj/images/train__Leaf_Blight__Leaf_Blight_00204.jpg,Leaf_Blight,train
data/durian/mendeley_pxzvksbwnj/images/train__Leaf_Blight__Leaf_Blight_00207.jpg,Leaf_Blight,train
data/durian/mendeley_pxzvksbwnj/images/train__Leaf_Blight__Leaf_Blight_00208.jpg,Leaf_Blight,train
data/durian/mendeley_pxzvksbwnj/images/train__Leaf_Blight__Leaf_Blight_00209.jpg,Leaf_Blight,train
data/durian/mendeley_pxzvksbwnj/images/train__Leaf_Blight__Leaf_Blight_00210.jpg,Leaf_Blight,train
data/durian/mendeley_pxzvksbwnj/images/train__Leaf_Blight__Leaf_Blight_00211.jpg,Leaf_Blight,train
data/durian/mendeley_pxzvksbwnj/images/train__Leaf_Blight__Leaf_Blight_00212.jpg,Leaf_Blight,train
data/durian/mendeley_pxzvksbwnj/images/train__Leaf_Blight__Leaf_Blight_00213.jpg,Leaf_Blight,train
data/durian/mendeley_pxzvksbwnj/images/train__Leaf_Blight__Leaf_Blight_00214.jpg,Leaf_Blight,train
data/durian/mendeley_pxzvksbwnj/images/train__Leaf_Blight__Leaf_Blight_00216.jpg,Leaf_Blight,train
data/durian/mendeley_pxzvksbwnj/images/train__Leaf_Blight__Leaf_Blight_00218.jpg,Leaf_Blight,train
data/durian/mendeley_pxzvksbwnj/images/train__Leaf_Blight__Leaf_Blight_00219.jpg,Leaf_Blight,train
data/durian/mendeley_pxzvksbwnj/images/train__Leaf_Blight__Leaf_Blight_00221.jpg,Leaf_Blight,train
data/durian/mendeley_pxzvksbwnj/images/train__Leaf_Blight__Leaf_Blight_00222.jpg,Leaf_Blight,train
data/durian/mendeley_pxzvksbwnj/images/train__Leaf_Blight__Leaf_Blight_00223.jpg,Leaf_Blight,train
data/durian/mendeley_pxzvksbwnj/images/train__Leaf_Blight__Leaf_Blight_00224.jpg,Leaf_Blight,train
data/durian/mendeley_pxzvksbwnj/images/train__Leaf_Blight__Leaf_Blight_00225.jpg,Leaf_Blight,train
data/durian/mendeley_pxzvksbwnj/images/train__Leaf_Blight__Leaf_Blight_00226.jpg,Leaf_Blight,train
data/durian/mendeley_pxzvksbwnj/images/train__Leaf_Blight__Leaf_Blight_00227.jpg,Leaf_Blight,train
data/durian/mendeley_pxzvksbwnj/images/train__Leaf_Blight__Leaf_Blight_00228.jpg,Leaf_Blight,train
data/durian/mendeley_pxzvksbwnj/images/train__Leaf_Blight__Leaf_Blight_00229.jpg,Leaf_Blight,train
data/durian/mendeley_pxzvksbwnj/images/train__Leaf_Blight__Leaf_Blight_00231.jpg,Leaf_Blight,train
data/durian/mendeley_pxzvksbwnj/images/train__Leaf_Blight__Leaf_Blight_00232.jpg,Leaf_Blight,train
data/durian/mendeley_pxzvksbwnj/images/train__Leaf_Blight__Leaf_Blight_00234.jpg,Leaf_Blight,train
data/durian/mendeley_pxzvksbwnj/images/train__Leaf_Blight__Leaf_Blight_00238.jpg,Leaf_Blight,train
data/durian/mendeley_pxzvksbwnj/images/train__Leaf_Blight__Leaf_Blight_00239.jpg,Leaf_Blight,train
data/durian/mendeley_pxzvksbwnj/images/train__Leaf_Blight__Leaf_Blight_00240.jpg,Leaf_Blight,train
data/durian/mendeley_pxzvksbwnj/images/train__Leaf_Blight__Leaf_Blight_00241.jpg,Leaf_Blight,train
data/durian/mendeley_pxzvksbwnj/images/train__Leaf_Blight__Leaf_Blight_00242.jpg,Leaf_Blight,train
data/durian/mendeley_pxzvksbwnj/images/train__Leaf_Blight__Leaf_Blight_00243.jpg,Leaf_Blight,train
data/durian/mendeley_pxzvksbwnj/images/train__Leaf_Blight__Leaf_Blight_00244.jpg,Leaf_Blight,train
data/durian/mendeley_pxzvksbwnj/images/train__Leaf_Blight__Leaf_Blight_00245.jpg,Leaf_Blight,train
data/durian/mendeley_pxzvksbwnj/images/train__Leaf_Blight__Leaf_Blight_00246.jpg,Leaf_Blight,train
data/durian/mendeley_pxzvksbwnj/images/train__Leaf_Blight__Leaf_Blight_00247.jpg,Leaf_Blight,train
data/durian/mendeley_pxzvksbwnj/images/train__Leaf_Blight__Leaf_Blight_00248.jpg,Leaf_Blight,train
data/durian/mendeley_pxzvksbwnj/images/train__Leaf_Blight__Leaf_Blight_00249.jpg,Leaf_Blight,train
data/durian/mendeley_pxzvksbwnj/images/train__Leaf_Blight__Leaf_Blight_00250.jpg,Leaf_Blight,train
data/durian/mendeley_pxzvksbwnj/images/train__Leaf_Blight__Leaf_Blight_00251.jpg,Leaf_Blight,train
data/durian/mendeley_pxzvksbwnj/images/train__Leaf_Blight__Leaf_Blight_00252.jpg,Leaf_Blight,train
data/durian/mendeley_pxzvksbwnj/images/train__Leaf_Blight__Leaf_Blight_00253.jpg,Leaf_Blight,train
data/durian/mendeley_pxzvksbwnj/images/train__Leaf_Blight__Leaf_Blight_00254.jpg,Leaf_Blight,train
data/durian/mendeley_pxzvksbwnj/images/train__Leaf_Blight__Leaf_Blight_00255.jpg,Leaf_Blight,train
data/durian/mendeley_pxzvksbwnj/images/train__Leaf_Blight__Leaf_Blight_00257.jpg,Leaf_Blight,train
data/durian/mendeley_pxzvksbwnj/images/train__Leaf_Blight__Leaf_Blight_00258.jpg,Leaf_Blight,train
data/durian/mendeley_pxzvksbwnj/images/train__Leaf_Blight__Leaf_Blight_00260.jpg,Leaf_Blight,train
data/durian/mendeley_pxzvksbwnj/images/train__Leaf_Blight__Leaf_Blight_00261.jpg,Leaf_Blight,train
data/durian/mendeley_pxzvksbwnj/images/train__Leaf_Blight__Leaf_Blight_00262.jpg,Leaf_Blight,train
data/durian/mendeley_pxzvksbwnj/images/train__Leaf_Blight__Leaf_Blight_00263.jpg,Leaf_Blight,train
data/durian/mendeley_pxzvksbwnj/images/train__Leaf_Blight__Leaf_Blight_00264.jpg,Leaf_Blight,train
data/durian/mendeley_pxzvksbwnj/images/train__Leaf_Blight__Leaf_Blight_00265.jpg,Leaf_Blight,train
data/durian/mendeley_pxzvksbwnj/images/train__Leaf_Blight__Leaf_Blight_00266.jpg,Leaf_Blight,train
data/durian/mendeley_pxzvksbwnj/images/train__Leaf_Blight__Leaf_Blight_00267.jpg,Leaf_Blight,train
data/durian/mendeley_pxzvksbwnj/images/train__Leaf_Blight__Leaf_Blight_00268.jpg,Leaf_Blight,train
data/durian/mendeley_pxzvksbwnj/images/train__Leaf_Blight__Leaf_Blight_00269.jpg,Leaf_Blight,train
data/durian/mendeley_pxzvksbwnj/images/train__Leaf_Blight__Leaf_Blight_00270.jpg,Leaf_Blight,train
data/durian/mendeley_pxzvksbwnj/images/train__Leaf_Blight__Leaf_Blight_00271.jpg,Leaf_Blight,train
data/durian/mendeley_pxzvksbwnj/images/train__Leaf_Blight__Leaf_Blight_00272.jpg,Leaf_Blight,train
data/durian/mendeley_pxzvksbwnj/images/train__Leaf_Blight__Leaf_Blight_00273.jpg,Leaf_Blight,train
data/durian/mendeley_pxzvksbwnj/images/train__Leaf_Blight__Leaf_Blight_00277.jpg,Leaf_Blight,train
data/durian/mendeley_pxzvksbwnj/images/train__Leaf_Blight__Leaf_Blight_00278.jpg,Leaf_Blight,train
data/durian/mendeley_pxzvksbwnj/images/train__Leaf_Blight__Leaf_Blight_00279.jpg,Leaf_Blight,train
data/durian/mendeley_pxzvksbwnj/images/train__Leaf_Blight__Leaf_Blight_00281.jpg,Leaf_Blight,train
data/durian/mendeley_pxzvksbwnj/images/train__Leaf_Blight__Leaf_Blight_00282.jpg,Leaf_Blight,train
data/durian/mendeley_pxzvksbwnj/images/train__Leaf_Blight__Leaf_Blight_00284.jpg,Leaf_Blight,train
data/durian/mendeley_pxzvksbwnj/images/train__Leaf_Blight__Leaf_Blight_00285.jpg,Leaf_Blight,train
data/durian/mendeley_pxzvksbwnj/images/train__Leaf_Blight__Leaf_Blight_00287.jpg,Leaf_Blight,train
data/durian/mendeley_pxzvksbwnj/images/train__Leaf_Blight__Leaf_Blight_00289.jpg,Leaf_Blight,train
data/durian/mendeley_pxzvksbwnj/images/train__Leaf_Blight__Leaf_Blight_00290.jpg,Leaf_Blight,train
data/durian/mendeley_pxzvksbwnj/images/train__Leaf_Blight__Leaf_Blight_00292.jpg,Leaf_Blight,train
data/durian/mendeley_pxzvksbwnj/images/train__Leaf_Blight__Leaf_Blight_00293.jpg,Leaf_Blight,train
data/durian/mendeley_pxzvksbwnj/images/train__Leaf_Blight__Leaf_Blight_00294.jpg,Leaf_Blight,train
data/durian/mendeley_pxzvksbwnj/images/train__Leaf_Blight__Leaf_Blight_00295.jpg,Leaf_Blight,train
data/durian/mendeley_pxzvksbwnj/images/train__Leaf_Blight__Leaf_Blight_00297.jpg,Leaf_Blight,train
data/durian/mendeley_pxzvksbwnj/images/train__Leaf_Blight__Leaf_Blight_00298.jpg,Leaf_Blight,train
data/durian/mendeley_pxzvksbwnj/images/train__Leaf_Blight__Leaf_Blight_00301.jpg,Leaf_Blight,train
data/durian/mendeley_pxzvksbwnj/images/train__Leaf_Blight__Leaf_Blight_00304.jpg,Leaf_Blight,train
data/durian/mendeley_pxzvksbwnj/images/train__Leaf_Blight__Leaf_Blight_00305.jpg,Leaf_Blight,train
data/durian/mendeley_pxzvksbwnj/images/train__Leaf_Blight__Leaf_Blight_00306.jpg,Leaf_Blight,train
data/durian/mendeley_pxzvksbwnj/images/train__Leaf_Blight__Leaf_Blight_00307.jpg,Leaf_Blight,train
data/durian/mendeley_pxzvksbwnj/images/train__Leaf_Blight__Leaf_Blight_00308.jpg,Leaf_Blight,train
data/durian/mendeley_pxzvksbwnj/images/train__Leaf_Blight__Leaf_Blight_00311.jpg,Leaf_Blight,train
data/durian/mendeley_pxzvksbwnj/images/train__Leaf_Blight__Leaf_Blight_00313.jpg,Leaf_Blight,train
data/durian/mendeley_pxzvksbwnj/images/train__Leaf_Blight__Leaf_Blight_00314.jpg,Leaf_Blight,train
data/durian/mendeley_pxzvksbwnj/images/train__Leaf_Blight__Leaf_Blight_00315.jpg,Leaf_Blight,train
data/durian/mendeley_pxzvksbwnj/images/train__Leaf_Blight__Leaf_Blight_00316.jpg,Leaf_Blight,train
data/durian/mendeley_pxzvksbwnj/images/train__Leaf_Blight__Leaf_Blight_00318.jpg,Leaf_Blight,train
data/durian/mendeley_pxzvksbwnj/images/train__Leaf_Blight__Leaf_Blight_00319.jpg,Leaf_Blight,train
data/durian/mendeley_pxzvksbwnj/images/train__Leaf_Blight__Leaf_Blight_00320.jpg,Leaf_Blight,train
data/durian/mendeley_pxzvksbwnj/images/train__Leaf_Blight__Leaf_Blight_00321.jpg,Leaf_Blight,train
data/durian/mendeley_pxzvksbwnj/images/train__Leaf_Blight__Leaf_Blight_00323.jpg,Leaf_Blight,train
data/durian/mendeley_pxzvksbwnj/images/train__Leaf_Blight__Leaf_Blight_00324.jpg,Leaf_Blight,train
data/durian/mendeley_pxzvksbwnj/images/train__Leaf_Blight__Leaf_Blight_00325.jpg,Leaf_Blight,train
data/durian/mendeley_pxzvksbwnj/images/train__Leaf_Blight__Leaf_Blight_00327.jpg,Leaf_Blight,train
data/durian/mendeley_pxzvksbwnj/images/train__Leaf_Blight__Leaf_Blight_00330.jpg,Leaf_Blight,train
data/durian/mendeley_pxzvksbwnj/images/train__Leaf_Blight__Leaf_Blight_00331.jpg,Leaf_Blight,train
data/durian/mendeley_pxzvksbwnj/images/train__Leaf_Blight__Leaf_Blight_00334.jpg,Leaf_Blight,train
data/durian/mendeley_pxzvksbwnj/images/train__Leaf_Blight__Leaf_Blight_00335.jpg,Leaf_Blight,train
data/durian/mendeley_pxzvksbwnj/images/train__Leaf_Blight__Leaf_Blight_00336.jpg,Leaf_Blight,train
data/durian/mendeley_pxzvksbwnj/images/train__Leaf_Blight__Leaf_Blight_00337.jpg,Leaf_Blight,train
data/durian/mendeley_pxzvksbwnj/images/train__Leaf_Blight__Leaf_Blight_00340.jpg,Leaf_Blight,train
data/durian/mendeley_pxzvksbwnj/images/train__Leaf_Blight__Leaf_Blight_00341.jpg,Leaf_Blight,train
data/durian/mendeley_pxzvksbwnj/images/train__Leaf_Blight__Leaf_Blight_00342.jpg,Leaf_Blight,train
data/durian/mendeley_pxzvksbwnj/images/train__Leaf_Blight__Leaf_Blight_00343.jpg,Leaf_Blight,train
data/durian/mendeley_pxzvksbwnj/images/train__Leaf_Blight__Leaf_Blight_00345.jpg,Leaf_Blight,train
data/durian/mendeley_pxzvksbwnj/images/train__Leaf_Blight__Leaf_Blight_00346.jpg,Leaf_Blight,train
data/durian/mendeley_pxzvksbwnj/images/train__Leaf_Blight__Leaf_Blight_00348.jpg,Leaf_Blight,train
data/durian/mendeley_pxzvksbwnj/images/train__Leaf_Blight__Leaf_Blight_00349.jpg,Leaf_Blight,train
data/durian/mendeley_pxzvksbwnj/images/train__Leaf_Blight__Leaf_Blight_00351.jpg,Leaf_Blight,train
data/durian/mendeley_pxzvksbwnj/images/train__Leaf_Blight__Leaf_Blight_00352.jpg,Leaf_Blight,train
data/durian/mendeley_pxzvksbwnj/images/train__Leaf_Blight__Leaf_Blight_00353.jpg,Leaf_Blight,train
data/durian/mendeley_pxzvksbwnj/images/train__Leaf_Blight__Leaf_Blight_00354.jpg,Leaf_Blight,train
data/durian/mendeley_pxzvksbwnj/images/train__Leaf_Blight__Leaf_Blight_00355.jpg,Leaf_Blight,train
data/durian/mendeley_pxzvksbwnj/images/train__Leaf_Blight__Leaf_Blight_00356.jpg,Leaf_Blight,train
data/durian/mendeley_pxzvksbwnj/images/train__Leaf_Blight__Leaf_Blight_00357.jpg,Leaf_Blight,train
data/durian/mendeley_pxzvksbwnj/images/train__Leaf_Blight__Leaf_Blight_00359.jpg,Leaf_Blight,train
data/durian/mendeley_pxzvksbwnj/images/train__Leaf_Blight__Leaf_Blight_00362.jpg,Leaf_Blight,train
data/durian/mendeley_pxzvksbwnj/images/train__Leaf_Blight__Leaf_Blight_00364.jpg,Leaf_Blight,train
data/durian/mendeley_pxzvksbwnj/images/train__Leaf_Blight__Leaf_Blight_00365.jpg,Leaf_Blight,train
data/durian/mendeley_pxzvksbwnj/images/train__Leaf_Blight__Leaf_Blight_00366.jpg,Leaf_Blight,train
data/durian/mendeley_pxzvksbwnj/images/train__Leaf_Blight__Leaf_Blight_00368.jpg,Leaf_Blight,train
data/durian/mendeley_pxzvksbwnj/images/train__Leaf_Blight__Leaf_Blight_00369.jpg,Leaf_Blight,train
data/durian/mendeley_pxzvksbwnj/images/train__Leaf_Blight__Leaf_Blight_00370.jpg,Leaf_Blight,train
data/durian/mendeley_pxzvksbwnj/images/train__Leaf_Blight__Leaf_Blight_00371.jpg,Leaf_Blight,train
data/durian/mendeley_pxzvksbwnj/images/train__Leaf_Blight__Leaf_Blight_00372.jpg,Leaf_Blight,train
data/durian/mendeley_pxzvksbwnj/images/train__Leaf_Blight__Leaf_Blight_00373.jpg,Leaf_Blight,train
data/durian/mendeley_pxzvksbwnj/images/train__Leaf_Blight__Leaf_Blight_00376.jpg,Leaf_Blight,train
data/durian/mendeley_pxzvksbwnj/images/train__Leaf_Blight__Leaf_Blight_00377.jpg,Leaf_Blight,train
data/durian/mendeley_pxzvksbwnj/images/train__Leaf_Blight__Leaf_Blight_00379.jpg,Leaf_Blight,train
data/durian/mendeley_pxzvksbwnj/images/train__Leaf_Blight__Leaf_Blight_00381.jpg,Leaf_Blight,train
data/durian/mendeley_pxzvksbwnj/images/train__Leaf_Blight__Leaf_Blight_00382.jpg,Leaf_Blight,train
data/durian/mendeley_pxzvksbwnj/images/train__Leaf_Blight__Leaf_Blight_00383.jpg,Leaf_Blight,train
data/durian/mendeley_pxzvksbwnj/images/train__Leaf_Blight__Leaf_Blight_00384.jpg,Leaf_Blight,train
data/durian/mendeley_pxzvksbwnj/images/train__Leaf_Blight__Leaf_Blight_00385.jpg,Leaf_Blight,train
data/durian/mendeley_pxzvksbwnj/images/train__Leaf_Blight__Leaf_Blight_00386.jpg,Leaf_Blight,train
data/durian/mendeley_pxzvksbwnj/images/train__Leaf_Blight__Leaf_Blight_00388.jpg,Leaf_Blight,train
data/durian/mendeley_pxzvksbwnj/images/train__Leaf_Blight__Leaf_Blight_00390.jpg,Leaf_Blight,train
data/durian/mendeley_pxzvksbwnj/images/train__Leaf_Blight__Leaf_Blight_00393.jpg,Leaf_Blight,train
data/durian/mendeley_pxzvksbwnj/images/train__Leaf_Blight__Leaf_Blight_00394.jpg,Leaf_Blight,train
data/durian/mendeley_pxzvksbwnj/images/train__Leaf_Blight__Leaf_Blight_00395.jpg,Leaf_Blight,train
data/durian/mendeley_pxzvksbwnj/images/train__Leaf_Blight__Leaf_Blight_00396.jpg,Leaf_Blight,train
data/durian/mendeley_pxzvksbwnj/images/train__Leaf_Blight__Leaf_Blight_00397.jpg,Leaf_Blight,train
data/durian/mendeley_pxzvksbwnj/images/train__Leaf_Blight__Leaf_Blight_00398.jpg,Leaf_Blight,train
data/durian/mendeley_pxzvksbwnj/images/train__Leaf_Blight__Leaf_Blight_00400.jpg,Leaf_Blight,train
data/durian/mendeley_pxzvksbwnj/images/train__Leaf_Blight__Leaf_Blight_00401.jpg,Leaf_Blight,train
data/durian/mendeley_pxzvksbwnj/images/train__Leaf_Blight__Leaf_Blight_00403.jpg,Leaf_Blight,train
data/durian/mendeley_pxzvksbwnj/images/train__Leaf_Blight__Leaf_Blight_00404.jpg,Leaf_Blight,train
data/durian/mendeley_pxzvksbwnj/images/train__Leaf_Blight__Leaf_Blight_00405.jpg,Leaf_Blight,train
data/durian/mendeley_pxzvksbwnj/images/train__Leaf_Blight__Leaf_Blight_00407.jpg,Leaf_Blight,train
data/durian/mendeley_pxzvksbwnj/images/train__Leaf_Blight__Leaf_Blight_00408.jpg,Leaf_Blight,train
data/durian/mendeley_pxzvksbwnj/images/train__Leaf_Blight__Leaf_Blight_00410.jpg,Leaf_Blight,train
data/durian/mendeley_pxzvksbwnj/images/train__Leaf_Blight__Leaf_Blight_00411.jpg,Leaf_Blight,train
data/durian/mendeley_pxzvksbwnj/images/train__Leaf_Blight__Leaf_Blight_00414.jpg,Leaf_Blight,train
data/durian/mendeley_pxzvksbwnj/images/train__Leaf_Blight__Leaf_Blight_00415.jpg,Leaf_Blight,train
data/durian/mendeley_pxzvksbwnj/images/train__Leaf_Blight__Leaf_Blight_00417.jpg,Leaf_Blight,train
data/durian/mendeley_pxzvksbwnj/images/train__Leaf_Blight__Leaf_Blight_00418.jpg,Leaf_Blight,train
data/durian/mendeley_pxzvksbwnj/images/train__Leaf_Blight__Leaf_Blight_00419.jpg,Leaf_Blight,train
data/durian/mendeley_pxzvksbwnj/images/train__Leaf_Blight__Leaf_Blight_00421.jpg,Leaf_Blight,train
data/durian/mendeley_pxzvksbwnj/images/train__Leaf_Blight__Leaf_Blight_00423.jpg,Leaf_Blight,train
data/durian/mendeley_pxzvksbwnj/images/train__Leaf_Blight__Leaf_Blight_00426.jpg,Leaf_Blight,train
data/durian/mendeley_pxzvksbwnj/images/train__Leaf_Blight__Leaf_Blight_00427.jpg,Leaf_Blight,train
data/durian/mendeley_pxzvksbwnj/images/train__Leaf_Blight__Leaf_Blight_00430.jpg,Leaf_Blight,train
data/durian/mendeley_pxzvksbwnj/images/train__Leaf_Blight__Leaf_Blight_00432.jpg,Leaf_Blight,train
data/durian/mendeley_pxzvksbwnj/images/train__Leaf_Blight__Leaf_Blight_00434.jpg,Leaf_Blight,train
data/durian/mendeley_pxzvksbwnj/images/train__Leaf_Blight__Leaf_Blight_00436.jpg,Leaf_Blight,train
data/durian/mendeley_pxzvksbwnj/images/train__Leaf_Blight__Leaf_Blight_00438.jpg,Leaf_Blight,train
data/durian/mendeley_pxzvksbwnj/images/train__Leaf_Blight__Leaf_Blight_00439.jpg,Leaf_Blight,train
data/durian/mendeley_pxzvksbwnj/images/train__Leaf_Colletotrichum__Leaf_Colletotrichum_00001.jpg,Leaf_Colletotrichum,train
data/durian/mendeley_pxzvksbwnj/images/train__Leaf_Colletotrichum__Leaf_Colletotrichum_00002.jpg,Leaf_Colletotrichum,train
data/durian/mendeley_pxzvksbwnj/images/train__Leaf_Colletotrichum__Leaf_Colletotrichum_00003.jpg,Leaf_Colletotrichum,train
data/durian/mendeley_pxzvksbwnj/images/train__Leaf_Colletotrichum__Leaf_Colletotrichum_00005.jpg,Leaf_Colletotrichum,train
data/durian/mendeley_pxzvksbwnj/images/train__Leaf_Colletotrichum__Leaf_Colletotrichum_00006.jpg,Leaf_Colletotrichum,train
data/durian/mendeley_pxzvksbwnj/images/train__Leaf_Colletotrichum__Leaf_Colletotrichum_00007.jpg,Leaf_Colletotrichum,train
data/durian/mendeley_pxzvksbwnj/images/train__Leaf_Colletotrichum__Leaf_Colletotrichum_00008.jpg,Leaf_Colletotrichum,train
data/durian/mendeley_pxzvksbwnj/images/train__Leaf_Colletotrichum__Leaf_Colletotrichum_00009.jpg,Leaf_Colletotrichum,train
data/durian/mendeley_pxzvksbwnj/images/train__Leaf_Colletotrichum__Leaf_Colletotrichum_00010.jpg,Leaf_Colletotrichum,train
data/durian/mendeley_pxzvksbwnj/images/train__Leaf_Colletotrichum__Leaf_Colletotrichum_00011.jpg,Leaf_Colletotrichum,train
data/durian/mendeley_pxzvksbwnj/images/train__Leaf_Colletotrichum__Leaf_Colletotrichum_00012.jpg,Leaf_Colletotrichum,train
data/durian/mendeley_pxzvksbwnj/images/train__Leaf_Colletotrichum__Leaf_Colletotrichum_00015.jpg,Leaf_Colletotrichum,train
data/durian/mendeley_pxzvksbwnj/images/train__Leaf_Colletotrichum__Leaf_Colletotrichum_00018.jpg,Leaf_Colletotrichum,train
data/durian/mendeley_pxzvksbwnj/images/train__Leaf_Colletotrichum__Leaf_Colletotrichum_00019.jpg,Leaf_Colletotrichum,train
data/durian/mendeley_pxzvksbwnj/images/train__Leaf_Colletotrichum__Leaf_Colletotrichum_00020.jpg,Leaf_Colletotrichum,train
data/durian/mendeley_pxzvksbwnj/images/train__Leaf_Colletotrichum__Leaf_Colletotrichum_00021.jpg,Leaf_Colletotrichum,train
data/durian/mendeley_pxzvksbwnj/images/train__Leaf_Colletotrichum__Leaf_Colletotrichum_00022.jpg,Leaf_Colletotrichum,train
data/durian/mendeley_pxzvksbwnj/images/train__Leaf_Colletotrichum__Leaf_Colletotrichum_00025.jpg,Leaf_Colletotrichum,train
data/durian/mendeley_pxzvksbwnj/images/train__Leaf_Colletotrichum__Leaf_Colletotrichum_00026.jpg,Leaf_Colletotrichum,train
data/durian/mendeley_pxzvksbwnj/images/train__Leaf_Colletotrichum__Leaf_Colletotrichum_00027.jpg,Leaf_Colletotrichum,train
data/durian/mendeley_pxzvksbwnj/images/train__Leaf_Colletotrichum__Leaf_Colletotrichum_00028.jpg,Leaf_Colletotrichum,train
data/durian/mendeley_pxzvksbwnj/images/train__Leaf_Colletotrichum__Leaf_Colletotrichum_00030.jpg,Leaf_Colletotrichum,train
data/durian/mendeley_pxzvksbwnj/images/train__Leaf_Colletotrichum__Leaf_Colletotrichum_00031.jpg,Leaf_Colletotrichum,train
data/durian/mendeley_pxzvksbwnj/images/train__Leaf_Colletotrichum__Leaf_Colletotrichum_00032.jpg,Leaf_Colletotrichum,train
data/durian/mendeley_pxzvksbwnj/images/train__Leaf_Colletotrichum__Leaf_Colletotrichum_00033.jpg,Leaf_Colletotrichum,train
data/durian/mendeley_pxzvksbwnj/images/train__Leaf_Colletotrichum__Leaf_Colletotrichum_00035.jpg,Leaf_Colletotrichum,train
data/durian/mendeley_pxzvksbwnj/images/train__Leaf_Colletotrichum__Leaf_Colletotrichum_00038.jpg,Leaf_Colletotrichum,train
data/durian/mendeley_pxzvksbwnj/images/train__Leaf_Colletotrichum__Leaf_Colletotrichum_00039.jpg,Leaf_Colletotrichum,train
data/durian/mendeley_pxzvksbwnj/images/train__Leaf_Colletotrichum__Leaf_Colletotrichum_00040.jpg,Leaf_Colletotrichum,train
data/durian/mendeley_pxzvksbwnj/images/train__Leaf_Colletotrichum__Leaf_Colletotrichum_00042.jpg,Leaf_Colletotrichum,train
data/durian/mendeley_pxzvksbwnj/images/train__Leaf_Colletotrichum__Leaf_Colletotrichum_00043.jpg,Leaf_Colletotrichum,train
data/durian/mendeley_pxzvksbwnj/images/train__Leaf_Colletotrichum__Leaf_Colletotrichum_00044.jpg,Leaf_Colletotrichum,train
data/durian/mendeley_pxzvksbwnj/images/train__Leaf_Colletotrichum__Leaf_Colletotrichum_00046.jpg,Leaf_Colletotrichum,train
data/durian/mendeley_pxzvksbwnj/images/train__Leaf_Colletotrichum__Leaf_Colletotrichum_00047.jpg,Leaf_Colletotrichum,train
data/durian/mendeley_pxzvksbwnj/images/train__Leaf_Colletotrichum__Leaf_Colletotrichum_00049.jpg,Leaf_Colletotrichum,train
data/durian/mendeley_pxzvksbwnj/images/train__Leaf_Colletotrichum__Leaf_Colletotrichum_00051.jpg,Leaf_Colletotrichum,train
data/durian/mendeley_pxzvksbwnj/images/train__Leaf_Colletotrichum__Leaf_Colletotrichum_00054.jpg,Leaf_Colletotrichum,train
data/durian/mendeley_pxzvksbwnj/images/train__Leaf_Colletotrichum__Leaf_Colletotrichum_00055.jpg,Leaf_Colletotrichum,train
data/durian/mendeley_pxzvksbwnj/images/train__Leaf_Colletotrichum__Leaf_Colletotrichum_00056.jpg,Leaf_Colletotrichum,train
data/durian/mendeley_pxzvksbwnj/images/train__Leaf_Colletotrichum__Leaf_Colletotrichum_00057.jpg,Leaf_Colletotrichum,train
data/durian/mendeley_pxzvksbwnj/images/train__Leaf_Colletotrichum__Leaf_Colletotrichum_00059.jpg,Leaf_Colletotrichum,train
data/durian/mendeley_pxzvksbwnj/images/train__Leaf_Colletotrichum__Leaf_Colletotrichum_00060.jpg,Leaf_Colletotrichum,train
data/durian/mendeley_pxzvksbwnj/images/train__Leaf_Colletotrichum__Leaf_Colletotrichum_00061.jpg,Leaf_Colletotrichum,train
data/durian/mendeley_pxzvksbwnj/images/train__Leaf_Colletotrichum__Leaf_Colletotrichum_00062.jpg,Leaf_Colletotrichum,train
data/durian/mendeley_pxzvksbwnj/images/train__Leaf_Colletotrichum__Leaf_Colletotrichum_00063.jpg,Leaf_Colletotrichum,train
data/durian/mendeley_pxzvksbwnj/images/train__Leaf_Colletotrichum__Leaf_Colletotrichum_00065.jpg,Leaf_Colletotrichum,train
data/durian/mendeley_pxzvksbwnj/images/train__Leaf_Colletotrichum__Leaf_Colletotrichum_00066.jpg,Leaf_Colletotrichum,train
data/durian/mendeley_pxzvksbwnj/images/train__Leaf_Colletotrichum__Leaf_Colletotrichum_00067.jpg,Leaf_Colletotrichum,train
data/durian/mendeley_pxzvksbwnj/images/train__Leaf_Colletotrichum__Leaf_Colletotrichum_00068.jpg,Leaf_Colletotrichum,train
data/durian/mendeley_pxzvksbwnj/images/train__Leaf_Colletotrichum__Leaf_Colletotrichum_00069.jpg,Leaf_Colletotrichum,train
data/durian/mendeley_pxzvksbwnj/images/train__Leaf_Colletotrichum__Leaf_Colletotrichum_00070.jpg,Leaf_Colletotrichum,train
data/durian/mendeley_pxzvksbwnj/images/train__Leaf_Colletotrichum__Leaf_Colletotrichum_00073.jpg,Leaf_Colletotrichum,train
data/durian/mendeley_pxzvksbwnj/images/train__Leaf_Colletotrichum__Leaf_Colletotrichum_00075.jpg,Leaf_Colletotrichum,train
data/durian/mendeley_pxzvksbwnj/images/train__Leaf_Colletotrichum__Leaf_Colletotrichum_00076.jpg,Leaf_Colletotrichum,train
data/durian/mendeley_pxzvksbwnj/images/train__Leaf_Colletotrichum__Leaf_Colletotrichum_00077.jpg,Leaf_Colletotrichum,train
data/durian/mendeley_pxzvksbwnj/images/train__Leaf_Colletotrichum__Leaf_Colletotrichum_00078.jpg,Leaf_Colletotrichum,train
data/durian/mendeley_pxzvksbwnj/images/train__Leaf_Colletotrichum__Leaf_Colletotrichum_00079.jpg,Leaf_Colletotrichum,train
data/durian/mendeley_pxzvksbwnj/images/train__Leaf_Colletotrichum__Leaf_Colletotrichum_00081.jpg,Leaf_Colletotrichum,train
data/durian/mendeley_pxzvksbwnj/images/train__Leaf_Colletotrichum__Leaf_Colletotrichum_00083.jpg,Leaf_Colletotrichum,train
data/durian/mendeley_pxzvksbwnj/images/train__Leaf_Colletotrichum__Leaf_Colletotrichum_00085.jpg,Leaf_Colletotrichum,train
data/durian/mendeley_pxzvksbwnj/images/train__Leaf_Colletotrichum__Leaf_Colletotrichum_00086.jpg,Leaf_Colletotrichum,train
data/durian/mendeley_pxzvksbwnj/images/train__Leaf_Colletotrichum__Leaf_Colletotrichum_00087.jpg,Leaf_Colletotrichum,train
data/durian/mendeley_pxzvksbwnj/images/train__Leaf_Colletotrichum__Leaf_Colletotrichum_00089.jpg,Leaf_Colletotrichum,train
data/durian/mendeley_pxzvksbwnj/images/train__Leaf_Colletotrichum__Leaf_Colletotrichum_00090.jpg,Leaf_Colletotrichum,train
data/durian/mendeley_pxzvksbwnj/images/train__Leaf_Colletotrichum__Leaf_Colletotrichum_00091.jpg,Leaf_Colletotrichum,train
data/durian/mendeley_pxzvksbwnj/images/train__Leaf_Colletotrichum__Leaf_Colletotrichum_00092.jpg,Leaf_Colletotrichum,train
data/durian/mendeley_pxzvksbwnj/images/train__Leaf_Colletotrichum__Leaf_Colletotrichum_00093.jpg,Leaf_Colletotrichum,train
data/durian/mendeley_pxzvksbwnj/images/train__Leaf_Colletotrichum__Leaf_Colletotrichum_00094.jpg,Leaf_Colletotrichum,train
data/durian/mendeley_pxzvksbwnj/images/train__Leaf_Colletotrichum__Leaf_Colletotrichum_00095.jpg,Leaf_Colletotrichum,train
data/durian/mendeley_pxzvksbwnj/images/train__Leaf_Colletotrichum__Leaf_Colletotrichum_00096.jpg,Leaf_Colletotrichum,train
data/durian/mendeley_pxzvksbwnj/images/train__Leaf_Colletotrichum__Leaf_Colletotrichum_00097.jpg,Leaf_Colletotrichum,train
data/durian/mendeley_pxzvksbwnj/images/train__Leaf_Colletotrichum__Leaf_Colletotrichum_00098.jpg,Leaf_Colletotrichum,train
data/durian/mendeley_pxzvksbwnj/images/train__Leaf_Colletotrichum__Leaf_Colletotrichum_00100.jpg,Leaf_Colletotrichum,train
data/durian/mendeley_pxzvksbwnj/images/train__Leaf_Colletotrichum__Leaf_Colletotrichum_00101.jpg,Leaf_Colletotrichum,train
data/durian/mendeley_pxzvksbwnj/images/train__Leaf_Colletotrichum__Leaf_Colletotrichum_00103.jpg,Leaf_Colletotrichum,train
data/durian/mendeley_pxzvksbwnj/images/train__Leaf_Colletotrichum__Leaf_Colletotrichum_00104.jpg,Leaf_Colletotrichum,train
data/durian/mendeley_pxzvksbwnj/images/train__Leaf_Colletotrichum__Leaf_Colletotrichum_00105.jpg,Leaf_Colletotrichum,train
data/durian/mendeley_pxzvksbwnj/images/train__Leaf_Colletotrichum__Leaf_Colletotrichum_00106.jpg,Leaf_Colletotrichum,train
data/durian/mendeley_pxzvksbwnj/images/train__Leaf_Colletotrichum__Leaf_Colletotrichum_00107.jpg,Leaf_Colletotrichum,train
data/durian/mendeley_pxzvksbwnj/images/train__Leaf_Colletotrichum__Leaf_Colletotrichum_00110.jpg,Leaf_Colletotrichum,train
data/durian/mendeley_pxzvksbwnj/images/train__Leaf_Colletotrichum__Leaf_Colletotrichum_00114.jpg,Leaf_Colletotrichum,train
data/durian/mendeley_pxzvksbwnj/images/train__Leaf_Colletotrichum__Leaf_Colletotrichum_00116.jpg,Leaf_Colletotrichum,train
data/durian/mendeley_pxzvksbwnj/images/train__Leaf_Colletotrichum__Leaf_Colletotrichum_00119.jpg,Leaf_Colletotrichum,train
data/durian/mendeley_pxzvksbwnj/images/train__Leaf_Colletotrichum__Leaf_Colletotrichum_00121.jpg,Leaf_Colletotrichum,train
data/durian/mendeley_pxzvksbwnj/images/train__Leaf_Colletotrichum__Leaf_Colletotrichum_00122.jpg,Leaf_Colletotrichum,train
data/durian/mendeley_pxzvksbwnj/images/train__Leaf_Colletotrichum__Leaf_Colletotrichum_00123.jpg,Leaf_Colletotrichum,train
data/durian/mendeley_pxzvksbwnj/images/train__Leaf_Colletotrichum__Leaf_Colletotrichum_00124.jpg,Leaf_Colletotrichum,train
data/durian/mendeley_pxzvksbwnj/images/train__Leaf_Colletotrichum__Leaf_Colletotrichum_00125.jpg,Leaf_Colletotrichum,train
data/durian/mendeley_pxzvksbwnj/images/train__Leaf_Colletotrichum__Leaf_Colletotrichum_00128.jpg,Leaf_Colletotrichum,train
data/durian/mendeley_pxzvksbwnj/images/train__Leaf_Colletotrichum__Leaf_Colletotrichum_00129.jpg,Leaf_Colletotrichum,train
data/durian/mendeley_pxzvksbwnj/images/train__Leaf_Colletotrichum__Leaf_Colletotrichum_00130.jpg,Leaf_Colletotrichum,train
data/durian/mendeley_pxzvksbwnj/images/train__Leaf_Colletotrichum__Leaf_Colletotrichum_00131.jpg,Leaf_Colletotrichum,train
data/durian/mendeley_pxzvksbwnj/images/train__Leaf_Colletotrichum__Leaf_Colletotrichum_00132.jpg,Leaf_Colletotrichum,train
data/durian/mendeley_pxzvksbwnj/images/train__Leaf_Colletotrichum__Leaf_Colletotrichum_00133.jpg,Leaf_Colletotrichum,train
data/durian/mendeley_pxzvksbwnj/images/train__Leaf_Colletotrichum__Leaf_Colletotrichum_00134.jpg,Leaf_Colletotrichum,train
data/durian/mendeley_pxzvksbwnj/images/train__Leaf_Colletotrichum__Leaf_Colletotrichum_00140.jpg,Leaf_Colletotrichum,train
data/durian/mendeley_pxzvksbwnj/images/train__Leaf_Colletotrichum__Leaf_Colletotrichum_00142.jpg,Leaf_Colletotrichum,train
data/durian/mendeley_pxzvksbwnj/images/train__Leaf_Colletotrichum__Leaf_Colletotrichum_00144.jpg,Leaf_Colletotrichum,train
data/durian/mendeley_pxzvksbwnj/images/train__Leaf_Colletotrichum__Leaf_Colletotrichum_00145.jpg,Leaf_Colletotrichum,train
data/durian/mendeley_pxzvksbwnj/images/train__Leaf_Colletotrichum__Leaf_Colletotrichum_00146.jpg,Leaf_Colletotrichum,train
data/durian/mendeley_pxzvksbwnj/images/train__Leaf_Colletotrichum__Leaf_Colletotrichum_00147.jpg,Leaf_Colletotrichum,train
data/durian/mendeley_pxzvksbwnj/images/train__Leaf_Colletotrichum__Leaf_Colletotrichum_00148.jpg,Leaf_Colletotrichum,train
data/durian/mendeley_pxzvksbwnj/images/train__Leaf_Colletotrichum__Leaf_Colletotrichum_00150.jpg,Leaf_Colletotrichum,train
data/durian/mendeley_pxzvksbwnj/images/train__Leaf_Colletotrichum__Leaf_Colletotrichum_00152.jpg,Leaf_Colletotrichum,train
data/durian/mendeley_pxzvksbwnj/images/train__Leaf_Colletotrichum__Leaf_Colletotrichum_00153.jpg,Leaf_Colletotrichum,train
data/durian/mendeley_pxzvksbwnj/images/train__Leaf_Colletotrichum__Leaf_Colletotrichum_00154.jpg,Leaf_Colletotrichum,train
data/durian/mendeley_pxzvksbwnj/images/train__Leaf_Colletotrichum__Leaf_Colletotrichum_00155.jpg,Leaf_Colletotrichum,train
data/durian/mendeley_pxzvksbwnj/images/train__Leaf_Colletotrichum__Leaf_Colletotrichum_00156.jpg,Leaf_Colletotrichum,train
data/durian/mendeley_pxzvksbwnj/images/train__Leaf_Colletotrichum__Leaf_Colletotrichum_00157.jpg,Leaf_Colletotrichum,train
data/durian/mendeley_pxzvksbwnj/images/train__Leaf_Colletotrichum__Leaf_Colletotrichum_00158.jpg,Leaf_Colletotrichum,train
data/durian/mendeley_pxzvksbwnj/images/train__Leaf_Colletotrichum__Leaf_Colletotrichum_00159.jpg,Leaf_Colletotrichum,train
data/durian/mendeley_pxzvksbwnj/images/train__Leaf_Colletotrichum__Leaf_Colletotrichum_00160.jpg,Leaf_Colletotrichum,train
data/durian/mendeley_pxzvksbwnj/images/train__Leaf_Colletotrichum__Leaf_Colletotrichum_00161.jpg,Leaf_Colletotrichum,train
data/durian/mendeley_pxzvksbwnj/images/train__Leaf_Colletotrichum__Leaf_Colletotrichum_00163.jpg,Leaf_Colletotrichum,train
data/durian/mendeley_pxzvksbwnj/images/train__Leaf_Colletotrichum__Leaf_Colletotrichum_00164.jpg,Leaf_Colletotrichum,train
data/durian/mendeley_pxzvksbwnj/images/train__Leaf_Colletotrichum__Leaf_Colletotrichum_00165.jpg,Leaf_Colletotrichum,train
data/durian/mendeley_pxzvksbwnj/images/train__Leaf_Colletotrichum__Leaf_Colletotrichum_00166.jpg,Leaf_Colletotrichum,train
data/durian/mendeley_pxzvksbwnj/images/train__Leaf_Colletotrichum__Leaf_Colletotrichum_00168.jpg,Leaf_Colletotrichum,train
data/durian/mendeley_pxzvksbwnj/images/train__Leaf_Colletotrichum__Leaf_Colletotrichum_00169.jpg,Leaf_Colletotrichum,train
data/durian/mendeley_pxzvksbwnj/images/train__Leaf_Colletotrichum__Leaf_Colletotrichum_00170.jpg,Leaf_Colletotrichum,train
data/durian/mendeley_pxzvksbwnj/images/train__Leaf_Colletotrichum__Leaf_Colletotrichum_00171.jpg,Leaf_Colletotrichum,train
data/durian/mendeley_pxzvksbwnj/images/train__Leaf_Colletotrichum__Leaf_Colletotrichum_00172.jpg,Leaf_Colletotrichum,train
data/durian/mendeley_pxzvksbwnj/images/train__Leaf_Colletotrichum__Leaf_Colletotrichum_00174.jpg,Leaf_Colletotrichum,train
data/durian/mendeley_pxzvksbwnj/images/train__Leaf_Colletotrichum__Leaf_Colletotrichum_00176.jpg,Leaf_Colletotrichum,train
data/durian/mendeley_pxzvksbwnj/images/train__Leaf_Colletotrichum__Leaf_Colletotrichum_00178.jpg,Leaf_Colletotrichum,train
data/durian/mendeley_pxzvksbwnj/images/train__Leaf_Colletotrichum__Leaf_Colletotrichum_00179.jpg,Leaf_Colletotrichum,train
data/durian/mendeley_pxzvksbwnj/images/train__Leaf_Colletotrichum__Leaf_Colletotrichum_00180.jpg,Leaf_Colletotrichum,train
data/durian/mendeley_pxzvksbwnj/images/train__Leaf_Colletotrichum__Leaf_Colletotrichum_00181.jpg,Leaf_Colletotrichum,train
data/durian/mendeley_pxzvksbwnj/images/train__Leaf_Colletotrichum__Leaf_Colletotrichum_00183.jpg,Leaf_Colletotrichum,train
data/durian/mendeley_pxzvksbwnj/images/train__Leaf_Colletotrichum__Leaf_Colletotrichum_00185.jpg,Leaf_Colletotrichum,train
data/durian/mendeley_pxzvksbwnj/images/train__Leaf_Colletotrichum__Leaf_Colletotrichum_00188.jpg,Leaf_Colletotrichum,train
data/durian/mendeley_pxzvksbwnj/images/train__Leaf_Colletotrichum__Leaf_Colletotrichum_00189.jpg,Leaf_Colletotrichum,train
data/durian/mendeley_pxzvksbwnj/images/train__Leaf_Colletotrichum__Leaf_Colletotrichum_00191.jpg,Leaf_Colletotrichum,train
data/durian/mendeley_pxzvksbwnj/images/train__Leaf_Colletotrichum__Leaf_Colletotrichum_00192.jpg,Leaf_Colletotrichum,train
data/durian/mendeley_pxzvksbwnj/images/train__Leaf_Colletotrichum__Leaf_Colletotrichum_00193.jpg,Leaf_Colletotrichum,train
data/durian/mendeley_pxzvksbwnj/images/train__Leaf_Colletotrichum__Leaf_Colletotrichum_00196.jpg,Leaf_Colletotrichum,train
data/durian/mendeley_pxzvksbwnj/images/train__Leaf_Colletotrichum__Leaf_Colletotrichum_00197.jpg,Leaf_Colletotrichum,train
data/durian/mendeley_pxzvksbwnj/images/train__Leaf_Colletotrichum__Leaf_Colletotrichum_00198.jpg,Leaf_Colletotrichum,train
data/durian/mendeley_pxzvksbwnj/images/train__Leaf_Colletotrichum__Leaf_Colletotrichum_00199.jpg,Leaf_Colletotrichum,train
data/durian/mendeley_pxzvksbwnj/images/train__Leaf_Colletotrichum__Leaf_Colletotrichum_00200.jpg,Leaf_Colletotrichum,train
data/durian/mendeley_pxzvksbwnj/images/train__Leaf_Colletotrichum__Leaf_Colletotrichum_00201.jpg,Leaf_Colletotrichum,train
data/durian/mendeley_pxzvksbwnj/images/train__Leaf_Colletotrichum__Leaf_Colletotrichum_00202.jpg,Leaf_Colletotrichum,train
data/durian/mendeley_pxzvksbwnj/images/train__Leaf_Colletotrichum__Leaf_Colletotrichum_00204.jpg,Leaf_Colletotrichum,train
data/durian/mendeley_pxzvksbwnj/images/train__Leaf_Colletotrichum__Leaf_Colletotrichum_00207.jpg,Leaf_Colletotrichum,train
data/durian/mendeley_pxzvksbwnj/images/train__Leaf_Colletotrichum__Leaf_Colletotrichum_00208.jpg,Leaf_Colletotrichum,train
data/durian/mendeley_pxzvksbwnj/images/train__Leaf_Colletotrichum__Leaf_Colletotrichum_00209.jpg,Leaf_Colletotrichum,train
data/durian/mendeley_pxzvksbwnj/images/train__Leaf_Colletotrichum__Leaf_Colletotrichum_00210.jpg,Leaf_Colletotrichum,train
data/durian/mendeley_pxzvksbwnj/images/train__Leaf_Colletotrichum__Leaf_Colletotrichum_00211.jpg,Leaf_Colletotrichum,train
data/durian/mendeley_pxzvksbwnj/images/train__Leaf_Colletotrichum__Leaf_Colletotrichum_00212.jpg,Leaf_Colletotrichum,train
data/durian/mendeley_pxzvksbwnj/images/train__Leaf_Colletotrichum__Leaf_Colletotrichum_00213.jpg,Leaf_Colletotrichum,train
data/durian/mendeley_pxzvksbwnj/images/train__Leaf_Colletotrichum__Leaf_Colletotrichum_00214.jpg,Leaf_Colletotrichum,train
data/durian/mendeley_pxzvksbwnj/images/train__Leaf_Colletotrichum__Leaf_Colletotrichum_00216.jpg,Leaf_Colletotrichum,train
data/durian/mendeley_pxzvksbwnj/images/train__Leaf_Colletotrichum__Leaf_Colletotrichum_00218.jpg,Leaf_Colletotrichum,train
data/durian/mendeley_pxzvksbwnj/images/train__Leaf_Colletotrichum__Leaf_Colletotrichum_00219.jpg,Leaf_Colletotrichum,train
data/durian/mendeley_pxzvksbwnj/images/train__Leaf_Colletotrichum__Leaf_Colletotrichum_00221.jpg,Leaf_Colletotrichum,train
data/durian/mendeley_pxzvksbwnj/images/train__Leaf_Colletotrichum__Leaf_Colletotrichum_00222.jpg,Leaf_Colletotrichum,train
data/durian/mendeley_pxzvksbwnj/images/train__Leaf_Colletotrichum__Leaf_Colletotrichum_00223.jpg,Leaf_Colletotrichum,train
data/durian/mendeley_pxzvksbwnj/images/train__Leaf_Colletotrichum__Leaf_Colletotrichum_00224.jpg,Leaf_Colletotrichum,train
data/durian/mendeley_pxzvksbwnj/images/train__Leaf_Colletotrichum__Leaf_Colletotrichum_00225.jpg,Leaf_Colletotrichum,train
data/durian/mendeley_pxzvksbwnj/images/train__Leaf_Colletotrichum__Leaf_Colletotrichum_00226.jpg,Leaf_Colletotrichum,train
data/durian/mendeley_pxzvksbwnj/images/train__Leaf_Colletotrichum__Leaf_Colletotrichum_00227.jpg,Leaf_Colletotrichum,train
data/durian/mendeley_pxzvksbwnj/images/train__Leaf_Colletotrichum__Leaf_Colletotrichum_00228.jpg,Leaf_Colletotrichum,train
data/durian/mendeley_pxzvksbwnj/images/train__Leaf_Colletotrichum__Leaf_Colletotrichum_00229.jpg,Leaf_Colletotrichum,train
data/durian/mendeley_pxzvksbwnj/images/train__Leaf_Colletotrichum__Leaf_Colletotrichum_00231.jpg,Leaf_Colletotrichum,train
data/durian/mendeley_pxzvksbwnj/images/train__Leaf_Colletotrichum__Leaf_Colletotrichum_00232.jpg,Leaf_Colletotrichum,train
data/durian/mendeley_pxzvksbwnj/images/train__Leaf_Colletotrichum__Leaf_Colletotrichum_00234.jpg,Leaf_Colletotrichum,train
data/durian/mendeley_pxzvksbwnj/images/train__Leaf_Colletotrichum__Leaf_Colletotrichum_00238.jpg,Leaf_Colletotrichum,train
data/durian/mendeley_pxzvksbwnj/images/train__Leaf_Colletotrichum__Leaf_Colletotrichum_00239.jpg,Leaf_Colletotrichum,train
data/durian/mendeley_pxzvksbwnj/images/train__Leaf_Colletotrichum__Leaf_Colletotrichum_00240.jpg,Leaf_Colletotrichum,train
data/durian/mendeley_pxzvksbwnj/images/train__Leaf_Colletotrichum__Leaf_Colletotrichum_00241.jpg,Leaf_Colletotrichum,train
data/durian/mendeley_pxzvksbwnj/images/train__Leaf_Colletotrichum__Leaf_Colletotrichum_00242.jpg,Leaf_Colletotrichum,train
data/durian/mendeley_pxzvksbwnj/images/train__Leaf_Colletotrichum__Leaf_Colletotrichum_00243.jpg,Leaf_Colletotrichum,train
data/durian/mendeley_pxzvksbwnj/images/train__Leaf_Colletotrichum__Leaf_Colletotrichum_00244.jpg,Leaf_Colletotrichum,train
data/durian/mendeley_pxzvksbwnj/images/train__Leaf_Colletotrichum__Leaf_Colletotrichum_00245.jpg,Leaf_Colletotrichum,train
data/durian/mendeley_pxzvksbwnj/images/train__Leaf_Colletotrichum__Leaf_Colletotrichum_00246.jpg,Leaf_Colletotrichum,train
data/durian/mendeley_pxzvksbwnj/images/train__Leaf_Colletotrichum__Leaf_Colletotrichum_00247.jpg,Leaf_Colletotrichum,train
data/durian/mendeley_pxzvksbwnj/images/train__Leaf_Colletotrichum__Leaf_Colletotrichum_00248.jpg,Leaf_Colletotrichum,train
data/durian/mendeley_pxzvksbwnj/images/train__Leaf_Colletotrichum__Leaf_Colletotrichum_00249.jpg,Leaf_Colletotrichum,train
data/durian/mendeley_pxzvksbwnj/images/train__Leaf_Colletotrichum__Leaf_Colletotrichum_00250.jpg,Leaf_Colletotrichum,train
data/durian/mendeley_pxzvksbwnj/images/train__Leaf_Colletotrichum__Leaf_Colletotrichum_00251.jpg,Leaf_Colletotrichum,train
data/durian/mendeley_pxzvksbwnj/images/train__Leaf_Colletotrichum__Leaf_Colletotrichum_00252.jpg,Leaf_Colletotrichum,train
data/durian/mendeley_pxzvksbwnj/images/train__Leaf_Colletotrichum__Leaf_Colletotrichum_00253.jpg,Leaf_Colletotrichum,train
data/durian/mendeley_pxzvksbwnj/images/train__Leaf_Colletotrichum__Leaf_Colletotrichum_00254.jpg,Leaf_Colletotrichum,train
data/durian/mendeley_pxzvksbwnj/images/train__Leaf_Colletotrichum__Leaf_Colletotrichum_00255.jpg,Leaf_Colletotrichum,train
data/durian/mendeley_pxzvksbwnj/images/train__Leaf_Colletotrichum__Leaf_Colletotrichum_00257.jpg,Leaf_Colletotrichum,train
data/durian/mendeley_pxzvksbwnj/images/train__Leaf_Colletotrichum__Leaf_Colletotrichum_00258.jpg,Leaf_Colletotrichum,train
data/durian/mendeley_pxzvksbwnj/images/train__Leaf_Colletotrichum__Leaf_Colletotrichum_00260.jpg,Leaf_Colletotrichum,train
data/durian/mendeley_pxzvksbwnj/images/train__Leaf_Colletotrichum__Leaf_Colletotrichum_00262.jpg,Leaf_Colletotrichum,train
data/durian/mendeley_pxzvksbwnj/images/train__Leaf_Colletotrichum__Leaf_Colletotrichum_00263.jpg,Leaf_Colletotrichum,train
data/durian/mendeley_pxzvksbwnj/images/train__Leaf_Colletotrichum__Leaf_Colletotrichum_00264.jpg,Leaf_Colletotrichum,train
data/durian/mendeley_pxzvksbwnj/images/train__Leaf_Colletotrichum__Leaf_Colletotrichum_00265.jpg,Leaf_Colletotrichum,train
data/durian/mendeley_pxzvksbwnj/images/train__Leaf_Colletotrichum__Leaf_Colletotrichum_00266.jpg,Leaf_Colletotrichum,train
data/durian/mendeley_pxzvksbwnj/images/train__Leaf_Colletotrichum__Leaf_Colletotrichum_00267.jpg,Leaf_Colletotrichum,train
data/durian/mendeley_pxzvksbwnj/images/train__Leaf_Colletotrichum__Leaf_Colletotrichum_00268.jpg,Leaf_Colletotrichum,train
data/durian/mendeley_pxzvksbwnj/images/train__Leaf_Colletotrichum__Leaf_Colletotrichum_00269.jpg,Leaf_Colletotrichum,train
data/durian/mendeley_pxzvksbwnj/images/train__Leaf_Colletotrichum__Leaf_Colletotrichum_00270.jpg,Leaf_Colletotrichum,train
data/durian/mendeley_pxzvksbwnj/images/train__Leaf_Colletotrichum__Leaf_Colletotrichum_00271.jpg,Leaf_Colletotrichum,train
data/durian/mendeley_pxzvksbwnj/images/train__Leaf_Colletotrichum__Leaf_Colletotrichum_00272.jpg,Leaf_Colletotrichum,train
data/durian/mendeley_pxzvksbwnj/images/train__Leaf_Colletotrichum__Leaf_Colletotrichum_00273.jpg,Leaf_Colletotrichum,train
data/durian/mendeley_pxzvksbwnj/images/train__Leaf_Colletotrichum__Leaf_Colletotrichum_00277.jpg,Leaf_Colletotrichum,train
data/durian/mendeley_pxzvksbwnj/images/train__Leaf_Colletotrichum__Leaf_Colletotrichum_00278.jpg,Leaf_Colletotrichum,train
data/durian/mendeley_pxzvksbwnj/images/train__Leaf_Colletotrichum__Leaf_Colletotrichum_00279.jpg,Leaf_Colletotrichum,train
data/durian/mendeley_pxzvksbwnj/images/train__Leaf_Colletotrichum__Leaf_Colletotrichum_00281.jpg,Leaf_Colletotrichum,train
data/durian/mendeley_pxzvksbwnj/images/train__Leaf_Colletotrichum__Leaf_Colletotrichum_00282.jpg,Leaf_Colletotrichum,train
data/durian/mendeley_pxzvksbwnj/images/train__Leaf_Colletotrichum__Leaf_Colletotrichum_00284.jpg,Leaf_Colletotrichum,train
data/durian/mendeley_pxzvksbwnj/images/train__Leaf_Colletotrichum__Leaf_Colletotrichum_00285.jpg,Leaf_Colletotrichum,train
data/durian/mendeley_pxzvksbwnj/images/train__Leaf_Colletotrichum__Leaf_Colletotrichum_00287.jpg,Leaf_Colletotrichum,train
data/durian/mendeley_pxzvksbwnj/images/train__Leaf_Colletotrichum__Leaf_Colletotrichum_00289.jpg,Leaf_Colletotrichum,train
data/durian/mendeley_pxzvksbwnj/images/train__Leaf_Colletotrichum__Leaf_Colletotrichum_00290.jpg,Leaf_Colletotrichum,train
data/durian/mendeley_pxzvksbwnj/images/train__Leaf_Colletotrichum__Leaf_Colletotrichum_00292.jpg,Leaf_Colletotrichum,train
data/durian/mendeley_pxzvksbwnj/images/train__Leaf_Colletotrichum__Leaf_Colletotrichum_00293.jpg,Leaf_Colletotrichum,train
data/durian/mendeley_pxzvksbwnj/images/train__Leaf_Colletotrichum__Leaf_Colletotrichum_00294.jpg,Leaf_Colletotrichum,train
data/durian/mendeley_pxzvksbwnj/images/train__Leaf_Colletotrichum__Leaf_Colletotrichum_00295.jpg,Leaf_Colletotrichum,train
data/durian/mendeley_pxzvksbwnj/images/train__Leaf_Colletotrichum__Leaf_Colletotrichum_00297.jpg,Leaf_Colletotrichum,train
data/durian/mendeley_pxzvksbwnj/images/train__Leaf_Colletotrichum__Leaf_Colletotrichum_00298.jpg,Leaf_Colletotrichum,train
data/durian/mendeley_pxzvksbwnj/images/train__Leaf_Colletotrichum__Leaf_Colletotrichum_00299.jpg,Leaf_Colletotrichum,train
data/durian/mendeley_pxzvksbwnj/images/train__Leaf_Colletotrichum__Leaf_Colletotrichum_00301.jpg,Leaf_Colletotrichum,train
data/durian/mendeley_pxzvksbwnj/images/train__Leaf_Colletotrichum__Leaf_Colletotrichum_00305.jpg,Leaf_Colletotrichum,train
data/durian/mendeley_pxzvksbwnj/images/train__Leaf_Colletotrichum__Leaf_Colletotrichum_00306.jpg,Leaf_Colletotrichum,train
data/durian/mendeley_pxzvksbwnj/images/train__Leaf_Colletotrichum__Leaf_Colletotrichum_00307.jpg,Leaf_Colletotrichum,train
data/durian/mendeley_pxzvksbwnj/images/train__Leaf_Colletotrichum__Leaf_Colletotrichum_00308.jpg,Leaf_Colletotrichum,train
data/durian/mendeley_pxzvksbwnj/images/train__Leaf_Colletotrichum__Leaf_Colletotrichum_00311.jpg,Leaf_Colletotrichum,train
data/durian/mendeley_pxzvksbwnj/images/train__Leaf_Colletotrichum__Leaf_Colletotrichum_00313.jpg,Leaf_Colletotrichum,train
data/durian/mendeley_pxzvksbwnj/images/train__Leaf_Colletotrichum__Leaf_Colletotrichum_00314.jpg,Leaf_Colletotrichum,train
data/durian/mendeley_pxzvksbwnj/images/train__Leaf_Colletotrichum__Leaf_Colletotrichum_00315.jpg,Leaf_Colletotrichum,train
data/durian/mendeley_pxzvksbwnj/images/train__Leaf_Colletotrichum__Leaf_Colletotrichum_00316.jpg,Leaf_Colletotrichum,train
data/durian/mendeley_pxzvksbwnj/images/train__Leaf_Colletotrichum__Leaf_Colletotrichum_00318.jpg,Leaf_Colletotrichum,train
data/durian/mendeley_pxzvksbwnj/images/train__Leaf_Colletotrichum__Leaf_Colletotrichum_00319.jpg,Leaf_Colletotrichum,train
data/durian/mendeley_pxzvksbwnj/images/train__Leaf_Colletotrichum__Leaf_Colletotrichum_00320.jpg,Leaf_Colletotrichum,train
data/durian/mendeley_pxzvksbwnj/images/train__Leaf_Colletotrichum__Leaf_Colletotrichum_00321.jpg,Leaf_Colletotrichum,train
data/durian/mendeley_pxzvksbwnj/images/train__Leaf_Colletotrichum__Leaf_Colletotrichum_00323.jpg,Leaf_Colletotrichum,train
data/durian/mendeley_pxzvksbwnj/images/train__Leaf_Colletotrichum__Leaf_Colletotrichum_00325.jpg,Leaf_Colletotrichum,train
data/durian/mendeley_pxzvksbwnj/images/train__Leaf_Colletotrichum__Leaf_Colletotrichum_00326.jpg,Leaf_Colletotrichum,train
data/durian/mendeley_pxzvksbwnj/images/train__Leaf_Colletotrichum__Leaf_Colletotrichum_00327.jpg,Leaf_Colletotrichum,train
data/durian/mendeley_pxzvksbwnj/images/train__Leaf_Colletotrichum__Leaf_Colletotrichum_00329.jpg,Leaf_Colletotrichum,train
data/durian/mendeley_pxzvksbwnj/images/train__Leaf_Colletotrichum__Leaf_Colletotrichum_00330.jpg,Leaf_Colletotrichum,train
data/durian/mendeley_pxzvksbwnj/images/train__Leaf_Colletotrichum__Leaf_Colletotrichum_00331.jpg,Leaf_Colletotrichum,train
data/durian/mendeley_pxzvksbwnj/images/train__Leaf_Colletotrichum__Leaf_Colletotrichum_00332.jpg,Leaf_Colletotrichum,train
data/durian/mendeley_pxzvksbwnj/images/train__Leaf_Colletotrichum__Leaf_Colletotrichum_00334.jpg,Leaf_Colletotrichum,train
data/durian/mendeley_pxzvksbwnj/images/train__Leaf_Colletotrichum__Leaf_Colletotrichum_00335.jpg,Leaf_Colletotrichum,train
data/durian/mendeley_pxzvksbwnj/images/train__Leaf_Colletotrichum__Leaf_Colletotrichum_00336.jpg,Leaf_Colletotrichum,train
data/durian/mendeley_pxzvksbwnj/images/train__Leaf_Colletotrichum__Leaf_Colletotrichum_00337.jpg,Leaf_Colletotrichum,train
data/durian/mendeley_pxzvksbwnj/images/train__Leaf_Colletotrichum__Leaf_Colletotrichum_00339.jpg,Leaf_Colletotrichum,train
data/durian/mendeley_pxzvksbwnj/images/train__Leaf_Colletotrichum__Leaf_Colletotrichum_00340.jpg,Leaf_Colletotrichum,train
data/durian/mendeley_pxzvksbwnj/images/train__Leaf_Colletotrichum__Leaf_Colletotrichum_00341.jpg,Leaf_Colletotrichum,train
data/durian/mendeley_pxzvksbwnj/images/train__Leaf_Colletotrichum__Leaf_Colletotrichum_00342.jpg,Leaf_Colletotrichum,train
data/durian/mendeley_pxzvksbwnj/images/train__Leaf_Colletotrichum__Leaf_Colletotrichum_00344.jpg,Leaf_Colletotrichum,train
data/durian/mendeley_pxzvksbwnj/images/train__Leaf_Colletotrichum__Leaf_Colletotrichum_00345.jpg,Leaf_Colletotrichum,train
data/durian/mendeley_pxzvksbwnj/images/train__Leaf_Colletotrichum__Leaf_Colletotrichum_00346.jpg,Leaf_Colletotrichum,train
data/durian/mendeley_pxzvksbwnj/images/train__Leaf_Colletotrichum__Leaf_Colletotrichum_00348.jpg,Leaf_Colletotrichum,train
data/durian/mendeley_pxzvksbwnj/images/train__Leaf_Colletotrichum__Leaf_Colletotrichum_00350.jpg,Leaf_Colletotrichum,train
data/durian/mendeley_pxzvksbwnj/images/train__Leaf_Colletotrichum__Leaf_Colletotrichum_00351.jpg,Leaf_Colletotrichum,train
data/durian/mendeley_pxzvksbwnj/images/train__Leaf_Colletotrichum__Leaf_Colletotrichum_00352.jpg,Leaf_Colletotrichum,train
data/durian/mendeley_pxzvksbwnj/images/train__Leaf_Colletotrichum__Leaf_Colletotrichum_00353.jpg,Leaf_Colletotrichum,train
data/durian/mendeley_pxzvksbwnj/images/train__Leaf_Colletotrichum__Leaf_Colletotrichum_00355.jpg,Leaf_Colletotrichum,train
data/durian/mendeley_pxzvksbwnj/images/train__Leaf_Colletotrichum__Leaf_Colletotrichum_00356.jpg,Leaf_Colletotrichum,train
data/durian/mendeley_pxzvksbwnj/images/train__Leaf_Colletotrichum__Leaf_Colletotrichum_00357.jpg,Leaf_Colletotrichum,train
data/durian/mendeley_pxzvksbwnj/images/train__Leaf_Colletotrichum__Leaf_Colletotrichum_00359.jpg,Leaf_Colletotrichum,train
data/durian/mendeley_pxzvksbwnj/images/train__Leaf_Colletotrichum__Leaf_Colletotrichum_00361.jpg,Leaf_Colletotrichum,train
data/durian/mendeley_pxzvksbwnj/images/train__Leaf_Colletotrichum__Leaf_Colletotrichum_00362.jpg,Leaf_Colletotrichum,train
data/durian/mendeley_pxzvksbwnj/images/train__Leaf_Colletotrichum__Leaf_Colletotrichum_00363.jpg,Leaf_Colletotrichum,train
data/durian/mendeley_pxzvksbwnj/images/train__Leaf_Colletotrichum__Leaf_Colletotrichum_00364.jpg,Leaf_Colletotrichum,train
data/durian/mendeley_pxzvksbwnj/images/train__Leaf_Colletotrichum__Leaf_Colletotrichum_00365.jpg,Leaf_Colletotrichum,train
data/durian/mendeley_pxzvksbwnj/images/train__Leaf_Colletotrichum__Leaf_Colletotrichum_00368.jpg,Leaf_Colletotrichum,train
data/durian/mendeley_pxzvksbwnj/images/train__Leaf_Colletotrichum__Leaf_Colletotrichum_00370.jpg,Leaf_Colletotrichum,train
data/durian/mendeley_pxzvksbwnj/images/train__Leaf_Colletotrichum__Leaf_Colletotrichum_00371.jpg,Leaf_Colletotrichum,train
data/durian/mendeley_pxzvksbwnj/images/train__Leaf_Colletotrichum__Leaf_Colletotrichum_00373.jpg,Leaf_Colletotrichum,train
data/durian/mendeley_pxzvksbwnj/images/train__Leaf_Colletotrichum__Leaf_Colletotrichum_00374.jpg,Leaf_Colletotrichum,train
data/durian/mendeley_pxzvksbwnj/images/train__Leaf_Colletotrichum__Leaf_Colletotrichum_00375.jpg,Leaf_Colletotrichum,train
data/durian/mendeley_pxzvksbwnj/images/train__Leaf_Colletotrichum__Leaf_Colletotrichum_00377.jpg,Leaf_Colletotrichum,train
data/durian/mendeley_pxzvksbwnj/images/train__Leaf_Colletotrichum__Leaf_Colletotrichum_00379.jpg,Leaf_Colletotrichum,train
data/durian/mendeley_pxzvksbwnj/images/train__Leaf_Colletotrichum__Leaf_Colletotrichum_00381.jpg,Leaf_Colletotrichum,train
data/durian/mendeley_pxzvksbwnj/images/train__Leaf_Colletotrichum__Leaf_Colletotrichum_00383.jpg,Leaf_Colletotrichum,train
data/durian/mendeley_pxzvksbwnj/images/train__Leaf_Colletotrichum__Leaf_Colletotrichum_00386.jpg,Leaf_Colletotrichum,train
data/durian/mendeley_pxzvksbwnj/images/train__Leaf_Colletotrichum__Leaf_Colletotrichum_00387.jpg,Leaf_Colletotrichum,train
data/durian/mendeley_pxzvksbwnj/images/train__Leaf_Colletotrichum__Leaf_Colletotrichum_00390.jpg,Leaf_Colletotrichum,train
data/durian/mendeley_pxzvksbwnj/images/train__Leaf_Colletotrichum__Leaf_Colletotrichum_00394.jpg,Leaf_Colletotrichum,train
data/durian/mendeley_pxzvksbwnj/images/train__Leaf_Colletotrichum__Leaf_Colletotrichum_00396.jpg,Leaf_Colletotrichum,train
data/durian/mendeley_pxzvksbwnj/images/train__Leaf_Colletotrichum__Leaf_Colletotrichum_00398.jpg,Leaf_Colletotrichum,train
data/durian/mendeley_pxzvksbwnj/images/train__Leaf_Colletotrichum__Leaf_Colletotrichum_00399.jpg,Leaf_Colletotrichum,train
data/durian/mendeley_pxzvksbwnj/images/train__Leaf_Healthy__Leaf_Healthy_00001.jpg,Leaf_Healthy,train
data/durian/mendeley_pxzvksbwnj/images/train__Leaf_Healthy__Leaf_Healthy_00002.jpg,Leaf_Healthy,train
data/durian/mendeley_pxzvksbwnj/images/train__Leaf_Healthy__Leaf_Healthy_00003.jpg,Leaf_Healthy,train
data/durian/mendeley_pxzvksbwnj/images/train__Leaf_Healthy__Leaf_Healthy_00005.jpg,Leaf_Healthy,train
data/durian/mendeley_pxzvksbwnj/images/train__Leaf_Healthy__Leaf_Healthy_00006.jpg,Leaf_Healthy,train
data/durian/mendeley_pxzvksbwnj/images/train__Leaf_Healthy__Leaf_Healthy_00007.jpg,Leaf_Healthy,train
data/durian/mendeley_pxzvksbwnj/images/train__Leaf_Healthy__Leaf_Healthy_00008.jpg,Leaf_Healthy,train
data/durian/mendeley_pxzvksbwnj/images/train__Leaf_Healthy__Leaf_Healthy_00009.jpg,Leaf_Healthy,train
data/durian/mendeley_pxzvksbwnj/images/train__Leaf_Healthy__Leaf_Healthy_00010.jpg,Leaf_Healthy,train
data/durian/mendeley_pxzvksbwnj/images/train__Leaf_Healthy__Leaf_Healthy_00011.jpg,Leaf_Healthy,train
data/durian/mendeley_pxzvksbwnj/images/train__Leaf_Healthy__Leaf_Healthy_00012.jpg,Leaf_Healthy,train
data/durian/mendeley_pxzvksbwnj/images/train__Leaf_Healthy__Leaf_Healthy_00015.jpg,Leaf_Healthy,train
data/durian/mendeley_pxzvksbwnj/images/train__Leaf_Healthy__Leaf_Healthy_00018.jpg,Leaf_Healthy,train
data/durian/mendeley_pxzvksbwnj/images/train__Leaf_Healthy__Leaf_Healthy_00019.jpg,Leaf_Healthy,train
data/durian/mendeley_pxzvksbwnj/images/train__Leaf_Healthy__Leaf_Healthy_00020.jpg,Leaf_Healthy,train
data/durian/mendeley_pxzvksbwnj/images/train__Leaf_Healthy__Leaf_Healthy_00021.jpg,Leaf_Healthy,train
data/durian/mendeley_pxzvksbwnj/images/train__Leaf_Healthy__Leaf_Healthy_00022.jpg,Leaf_Healthy,train
data/durian/mendeley_pxzvksbwnj/images/train__Leaf_Healthy__Leaf_Healthy_00025.jpg,Leaf_Healthy,train
data/durian/mendeley_pxzvksbwnj/images/train__Leaf_Healthy__Leaf_Healthy_00026.jpg,Leaf_Healthy,train
data/durian/mendeley_pxzvksbwnj/images/train__Leaf_Healthy__Leaf_Healthy_00027.jpg,Leaf_Healthy,train
data/durian/mendeley_pxzvksbwnj/images/train__Leaf_Healthy__Leaf_Healthy_00028.jpg,Leaf_Healthy,train
data/durian/mendeley_pxzvksbwnj/images/train__Leaf_Healthy__Leaf_Healthy_00030.jpg,Leaf_Healthy,train
data/durian/mendeley_pxzvksbwnj/images/train__Leaf_Healthy__Leaf_Healthy_00031.jpg,Leaf_Healthy,train
data/durian/mendeley_pxzvksbwnj/images/train__Leaf_Healthy__Leaf_Healthy_00032.jpg,Leaf_Healthy,train
data/durian/mendeley_pxzvksbwnj/images/train__Leaf_Healthy__Leaf_Healthy_00033.jpg,Leaf_Healthy,train
data/durian/mendeley_pxzvksbwnj/images/train__Leaf_Healthy__Leaf_Healthy_00035.jpg,Leaf_Healthy,train
data/durian/mendeley_pxzvksbwnj/images/train__Leaf_Healthy__Leaf_Healthy_00038.jpg,Leaf_Healthy,train
data/durian/mendeley_pxzvksbwnj/images/train__Leaf_Healthy__Leaf_Healthy_00039.jpg,Leaf_Healthy,train
data/durian/mendeley_pxzvksbwnj/images/train__Leaf_Healthy__Leaf_Healthy_00040.jpg,Leaf_Healthy,train
data/durian/mendeley_pxzvksbwnj/images/train__Leaf_Healthy__Leaf_Healthy_00042.jpg,Leaf_Healthy,train
data/durian/mendeley_pxzvksbwnj/images/train__Leaf_Healthy__Leaf_Healthy_00043.jpg,Leaf_Healthy,train
data/durian/mendeley_pxzvksbwnj/images/train__Leaf_Healthy__Leaf_Healthy_00044.jpg,Leaf_Healthy,train
data/durian/mendeley_pxzvksbwnj/images/train__Leaf_Healthy__Leaf_Healthy_00046.jpg,Leaf_Healthy,train
data/durian/mendeley_pxzvksbwnj/images/train__Leaf_Healthy__Leaf_Healthy_00047.jpg,Leaf_Healthy,train
data/durian/mendeley_pxzvksbwnj/images/train__Leaf_Healthy__Leaf_Healthy_00049.jpg,Leaf_Healthy,train
data/durian/mendeley_pxzvksbwnj/images/train__Leaf_Healthy__Leaf_Healthy_00051.jpg,Leaf_Healthy,train
data/durian/mendeley_pxzvksbwnj/images/train__Leaf_Healthy__Leaf_Healthy_00054.jpg,Leaf_Healthy,train
data/durian/mendeley_pxzvksbwnj/images/train__Leaf_Healthy__Leaf_Healthy_00055.jpg,Leaf_Healthy,train
data/durian/mendeley_pxzvksbwnj/images/train__Leaf_Healthy__Leaf_Healthy_00056.jpg,Leaf_Healthy,train
data/durian/mendeley_pxzvksbwnj/images/train__Leaf_Healthy__Leaf_Healthy_00057.jpg,Leaf_Healthy,train
data/durian/mendeley_pxzvksbwnj/images/train__Leaf_Healthy__Leaf_Healthy_00059.jpg,Leaf_Healthy,train
data/durian/mendeley_pxzvksbwnj/images/train__Leaf_Healthy__Leaf_Healthy_00060.jpg,Leaf_Healthy,train
data/durian/mendeley_pxzvksbwnj/images/train__Leaf_Healthy__Leaf_Healthy_00061.jpg,Leaf_Healthy,train
data/durian/mendeley_pxzvksbwnj/images/train__Leaf_Healthy__Leaf_Healthy_00062.jpg,Leaf_Healthy,train
data/durian/mendeley_pxzvksbwnj/images/train__Leaf_Healthy__Leaf_Healthy_00063.jpg,Leaf_Healthy,train
data/durian/mendeley_pxzvksbwnj/images/train__Leaf_Healthy__Leaf_Healthy_00065.jpg,Leaf_Healthy,train
data/durian/mendeley_pxzvksbwnj/images/train__Leaf_Healthy__Leaf_Healthy_00066.jpg,Leaf_Healthy,train
data/durian/mendeley_pxzvksbwnj/images/train__Leaf_Healthy__Leaf_Healthy_00067.jpg,Leaf_Healthy,train
data/durian/mendeley_pxzvksbwnj/images/train__Leaf_Healthy__Leaf_Healthy_00068.jpg,Leaf_Healthy,train
data/durian/mendeley_pxzvksbwnj/images/train__Leaf_Healthy__Leaf_Healthy_00069.jpg,Leaf_Healthy,train
data/durian/mendeley_pxzvksbwnj/images/train__Leaf_Healthy__Leaf_Healthy_00070.jpg,Leaf_Healthy,train
data/durian/mendeley_pxzvksbwnj/images/train__Leaf_Healthy__Leaf_Healthy_00073.jpg,Leaf_Healthy,train
data/durian/mendeley_pxzvksbwnj/images/train__Leaf_Healthy__Leaf_Healthy_00075.jpg,Leaf_Healthy,train
data/durian/mendeley_pxzvksbwnj/images/train__Leaf_Healthy__Leaf_Healthy_00076.jpg,Leaf_Healthy,train
data/durian/mendeley_pxzvksbwnj/images/train__Leaf_Healthy__Leaf_Healthy_00077.jpg,Leaf_Healthy,train
data/durian/mendeley_pxzvksbwnj/images/train__Leaf_Healthy__Leaf_Healthy_00078.jpg,Leaf_Healthy,train
data/durian/mendeley_pxzvksbwnj/images/train__Leaf_Healthy__Leaf_Healthy_00079.jpg,Leaf_Healthy,train
data/durian/mendeley_pxzvksbwnj/images/train__Leaf_Healthy__Leaf_Healthy_00081.jpg,Leaf_Healthy,train
data/durian/mendeley_pxzvksbwnj/images/train__Leaf_Healthy__Leaf_Healthy_00083.jpg,Leaf_Healthy,train
data/durian/mendeley_pxzvksbwnj/images/train__Leaf_Healthy__Leaf_Healthy_00085.jpg,Leaf_Healthy,train
data/durian/mendeley_pxzvksbwnj/images/train__Leaf_Healthy__Leaf_Healthy_00086.jpg,Leaf_Healthy,train
data/durian/mendeley_pxzvksbwnj/images/train__Leaf_Healthy__Leaf_Healthy_00087.jpg,Leaf_Healthy,train
data/durian/mendeley_pxzvksbwnj/images/train__Leaf_Healthy__Leaf_Healthy_00089.jpg,Leaf_Healthy,train
data/durian/mendeley_pxzvksbwnj/images/train__Leaf_Healthy__Leaf_Healthy_00090.jpg,Leaf_Healthy,train
data/durian/mendeley_pxzvksbwnj/images/train__Leaf_Healthy__Leaf_Healthy_00091.jpg,Leaf_Healthy,train
data/durian/mendeley_pxzvksbwnj/images/train__Leaf_Healthy__Leaf_Healthy_00092.jpg,Leaf_Healthy,train
data/durian/mendeley_pxzvksbwnj/images/train__Leaf_Healthy__Leaf_Healthy_00093.jpg,Leaf_Healthy,train
data/durian/mendeley_pxzvksbwnj/images/train__Leaf_Healthy__Leaf_Healthy_00094.jpg,Leaf_Healthy,train
data/durian/mendeley_pxzvksbwnj/images/train__Leaf_Healthy__Leaf_Healthy_00095.jpg,Leaf_Healthy,train
data/durian/mendeley_pxzvksbwnj/images/train__Leaf_Healthy__Leaf_Healthy_00096.jpg,Leaf_Healthy,train
data/durian/mendeley_pxzvksbwnj/images/train__Leaf_Healthy__Leaf_Healthy_00097.jpg,Leaf_Healthy,train
data/durian/mendeley_pxzvksbwnj/images/train__Leaf_Healthy__Leaf_Healthy_00098.jpg,Leaf_Healthy,train
data/durian/mendeley_pxzvksbwnj/images/train__Leaf_Healthy__Leaf_Healthy_00100.jpg,Leaf_Healthy,train
data/durian/mendeley_pxzvksbwnj/images/train__Leaf_Healthy__Leaf_Healthy_00101.jpg,Leaf_Healthy,train
data/durian/mendeley_pxzvksbwnj/images/train__Leaf_Healthy__Leaf_Healthy_00103.jpg,Leaf_Healthy,train
data/durian/mendeley_pxzvksbwnj/images/train__Leaf_Healthy__Leaf_Healthy_00104.jpg,Leaf_Healthy,train
data/durian/mendeley_pxzvksbwnj/images/train__Leaf_Healthy__Leaf_Healthy_00105.jpg,Leaf_Healthy,train
data/durian/mendeley_pxzvksbwnj/images/train__Leaf_Healthy__Leaf_Healthy_00106.jpg,Leaf_Healthy,train
data/durian/mendeley_pxzvksbwnj/images/train__Leaf_Healthy__Leaf_Healthy_00107.jpg,Leaf_Healthy,train
data/durian/mendeley_pxzvksbwnj/images/train__Leaf_Healthy__Leaf_Healthy_00110.jpg,Leaf_Healthy,train
data/durian/mendeley_pxzvksbwnj/images/train__Leaf_Healthy__Leaf_Healthy_00114.jpg,Leaf_Healthy,train
data/durian/mendeley_pxzvksbwnj/images/train__Leaf_Healthy__Leaf_Healthy_00116.jpg,Leaf_Healthy,train
data/durian/mendeley_pxzvksbwnj/images/train__Leaf_Healthy__Leaf_Healthy_00119.jpg,Leaf_Healthy,train
data/durian/mendeley_pxzvksbwnj/images/train__Leaf_Healthy__Leaf_Healthy_00121.jpg,Leaf_Healthy,train
data/durian/mendeley_pxzvksbwnj/images/train__Leaf_Healthy__Leaf_Healthy_00122.jpg,Leaf_Healthy,train
data/durian/mendeley_pxzvksbwnj/images/train__Leaf_Healthy__Leaf_Healthy_00123.jpg,Leaf_Healthy,train
data/durian/mendeley_pxzvksbwnj/images/train__Leaf_Healthy__Leaf_Healthy_00124.jpg,Leaf_Healthy,train
data/durian/mendeley_pxzvksbwnj/images/train__Leaf_Healthy__Leaf_Healthy_00125.jpg,Leaf_Healthy,train
data/durian/mendeley_pxzvksbwnj/images/train__Leaf_Healthy__Leaf_Healthy_00128.jpg,Leaf_Healthy,train
data/durian/mendeley_pxzvksbwnj/images/train__Leaf_Healthy__Leaf_Healthy_00129.jpg,Leaf_Healthy,train
data/durian/mendeley_pxzvksbwnj/images/train__Leaf_Healthy__Leaf_Healthy_00130.jpg,Leaf_Healthy,train
data/durian/mendeley_pxzvksbwnj/images/train__Leaf_Healthy__Leaf_Healthy_00131.jpg,Leaf_Healthy,train
data/durian/mendeley_pxzvksbwnj/images/train__Leaf_Healthy__Leaf_Healthy_00132.jpg,Leaf_Healthy,train
data/durian/mendeley_pxzvksbwnj/images/train__Leaf_Healthy__Leaf_Healthy_00133.jpg,Leaf_Healthy,train
data/durian/mendeley_pxzvksbwnj/images/train__Leaf_Healthy__Leaf_Healthy_00134.jpg,Leaf_Healthy,train
data/durian/mendeley_pxzvksbwnj/images/train__Leaf_Healthy__Leaf_Healthy_00140.jpg,Leaf_Healthy,train
data/durian/mendeley_pxzvksbwnj/images/train__Leaf_Healthy__Leaf_Healthy_00142.jpg,Leaf_Healthy,train
data/durian/mendeley_pxzvksbwnj/images/train__Leaf_Healthy__Leaf_Healthy_00144.jpg,Leaf_Healthy,train
data/durian/mendeley_pxzvksbwnj/images/train__Leaf_Healthy__Leaf_Healthy_00145.jpg,Leaf_Healthy,train
data/durian/mendeley_pxzvksbwnj/images/train__Leaf_Healthy__Leaf_Healthy_00146.jpg,Leaf_Healthy,train
data/durian/mendeley_pxzvksbwnj/images/train__Leaf_Healthy__Leaf_Healthy_00147.jpg,Leaf_Healthy,train
data/durian/mendeley_pxzvksbwnj/images/train__Leaf_Healthy__Leaf_Healthy_00148.jpg,Leaf_Healthy,train
data/durian/mendeley_pxzvksbwnj/images/train__Leaf_Healthy__Leaf_Healthy_00150.jpg,Leaf_Healthy,train
data/durian/mendeley_pxzvksbwnj/images/train__Leaf_Healthy__Leaf_Healthy_00152.jpg,Leaf_Healthy,train
data/durian/mendeley_pxzvksbwnj/images/train__Leaf_Healthy__Leaf_Healthy_00153.jpg,Leaf_Healthy,train
data/durian/mendeley_pxzvksbwnj/images/train__Leaf_Healthy__Leaf_Healthy_00154.jpg,Leaf_Healthy,train
data/durian/mendeley_pxzvksbwnj/images/train__Leaf_Healthy__Leaf_Healthy_00155.jpg,Leaf_Healthy,train
data/durian/mendeley_pxzvksbwnj/images/train__Leaf_Healthy__Leaf_Healthy_00156.jpg,Leaf_Healthy,train
data/durian/mendeley_pxzvksbwnj/images/train__Leaf_Healthy__Leaf_Healthy_00157.jpg,Leaf_Healthy,train
data/durian/mendeley_pxzvksbwnj/images/train__Leaf_Healthy__Leaf_Healthy_00158.jpg,Leaf_Healthy,train
data/durian/mendeley_pxzvksbwnj/images/train__Leaf_Healthy__Leaf_Healthy_00159.jpg,Leaf_Healthy,train
data/durian/mendeley_pxzvksbwnj/images/train__Leaf_Healthy__Leaf_Healthy_00160.jpg,Leaf_Healthy,train
data/durian/mendeley_pxzvksbwnj/images/train__Leaf_Healthy__Leaf_Healthy_00161.jpg,Leaf_Healthy,train
data/durian/mendeley_pxzvksbwnj/images/train__Leaf_Healthy__Leaf_Healthy_00163.jpg,Leaf_Healthy,train
data/durian/mendeley_pxzvksbwnj/images/train__Leaf_Healthy__Leaf_Healthy_00164.jpg,Leaf_Healthy,train
data/durian/mendeley_pxzvksbwnj/images/train__Leaf_Healthy__Leaf_Healthy_00165.jpg,Leaf_Healthy,train
data/durian/mendeley_pxzvksbwnj/images/train__Leaf_Healthy__Leaf_Healthy_00166.jpg,Leaf_Healthy,train
data/durian/mendeley_pxzvksbwnj/images/train__Leaf_Healthy__Leaf_Healthy_00168.jpg,Leaf_Healthy,train
data/durian/mendeley_pxzvksbwnj/images/train__Leaf_Healthy__Leaf_Healthy_00169.jpg,Leaf_Healthy,train
data/durian/mendeley_pxzvksbwnj/images/train__Leaf_Healthy__Leaf_Healthy_00170.jpg,Leaf_Healthy,train
data/durian/mendeley_pxzvksbwnj/images/train__Leaf_Healthy__Leaf_Healthy_00171.jpg,Leaf_Healthy,train
data/durian/mendeley_pxzvksbwnj/images/train__Leaf_Healthy__Leaf_Healthy_00172.jpg,Leaf_Healthy,train
data/durian/mendeley_pxzvksbwnj/images/train__Leaf_Healthy__Leaf_Healthy_00174.jpg,Leaf_Healthy,train
data/durian/mendeley_pxzvksbwnj/images/train__Leaf_Healthy__Leaf_Healthy_00176.jpg,Leaf_Healthy,train
data/durian/mendeley_pxzvksbwnj/images/train__Leaf_Healthy__Leaf_Healthy_00178.jpg,Leaf_Healthy,train
data/durian/mendeley_pxzvksbwnj/images/train__Leaf_Healthy__Leaf_Healthy_00179.jpg,Leaf_Healthy,train
data/durian/mendeley_pxzvksbwnj/images/train__Leaf_Healthy__Leaf_Healthy_00180.jpg,Leaf_Healthy,train
data/durian/mendeley_pxzvksbwnj/images/train__Leaf_Healthy__Leaf_Healthy_00181.jpg,Leaf_Healthy,train
data/durian/mendeley_pxzvksbwnj/images/train__Leaf_Healthy__Leaf_Healthy_00183.jpg,Leaf_Healthy,train
data/durian/mendeley_pxzvksbwnj/images/train__Leaf_Healthy__Leaf_Healthy_00185.jpg,Leaf_Healthy,train
data/durian/mendeley_pxzvksbwnj/images/train__Leaf_Healthy__Leaf_Healthy_00188.jpg,Leaf_Healthy,train
data/durian/mendeley_pxzvksbwnj/images/train__Leaf_Healthy__Leaf_Healthy_00189.jpg,Leaf_Healthy,train
data/durian/mendeley_pxzvksbwnj/images/train__Leaf_Healthy__Leaf_Healthy_00191.jpg,Leaf_Healthy,train
data/durian/mendeley_pxzvksbwnj/images/train__Leaf_Healthy__Leaf_Healthy_00192.jpg,Leaf_Healthy,train
data/durian/mendeley_pxzvksbwnj/images/train__Leaf_Healthy__Leaf_Healthy_00193.jpg,Leaf_Healthy,train
data/durian/mendeley_pxzvksbwnj/images/train__Leaf_Healthy__Leaf_Healthy_00196.jpg,Leaf_Healthy,train
data/durian/mendeley_pxzvksbwnj/images/train__Leaf_Healthy__Leaf_Healthy_00197.jpg,Leaf_Healthy,train
data/durian/mendeley_pxzvksbwnj/images/train__Leaf_Healthy__Leaf_Healthy_00198.jpg,Leaf_Healthy,train
data/durian/mendeley_pxzvksbwnj/images/train__Leaf_Healthy__Leaf_Healthy_00199.jpg,Leaf_Healthy,train
data/durian/mendeley_pxzvksbwnj/images/train__Leaf_Healthy__Leaf_Healthy_00200.jpg,Leaf_Healthy,train
data/durian/mendeley_pxzvksbwnj/images/train__Leaf_Healthy__Leaf_Healthy_00201.jpg,Leaf_Healthy,train
data/durian/mendeley_pxzvksbwnj/images/train__Leaf_Healthy__Leaf_Healthy_00202.jpg,Leaf_Healthy,train
data/durian/mendeley_pxzvksbwnj/images/train__Leaf_Healthy__Leaf_Healthy_00204.jpg,Leaf_Healthy,train
data/durian/mendeley_pxzvksbwnj/images/train__Leaf_Healthy__Leaf_Healthy_00207.jpg,Leaf_Healthy,train
data/durian/mendeley_pxzvksbwnj/images/train__Leaf_Healthy__Leaf_Healthy_00208.jpg,Leaf_Healthy,train
data/durian/mendeley_pxzvksbwnj/images/train__Leaf_Healthy__Leaf_Healthy_00209.jpg,Leaf_Healthy,train
data/durian/mendeley_pxzvksbwnj/images/train__Leaf_Healthy__Leaf_Healthy_00210.jpg,Leaf_Healthy,train
data/durian/mendeley_pxzvksbwnj/images/train__Leaf_Healthy__Leaf_Healthy_00211.jpg,Leaf_Healthy,train
data/durian/mendeley_pxzvksbwnj/images/train__Leaf_Healthy__Leaf_Healthy_00212.jpg,Leaf_Healthy,train
data/durian/mendeley_pxzvksbwnj/images/train__Leaf_Healthy__Leaf_Healthy_00213.jpg,Leaf_Healthy,train
data/durian/mendeley_pxzvksbwnj/images/train__Leaf_Healthy__Leaf_Healthy_00214.jpg,Leaf_Healthy,train
data/durian/mendeley_pxzvksbwnj/images/train__Leaf_Healthy__Leaf_Healthy_00216.jpg,Leaf_Healthy,train
data/durian/mendeley_pxzvksbwnj/images/train__Leaf_Healthy__Leaf_Healthy_00218.jpg,Leaf_Healthy,train
data/durian/mendeley_pxzvksbwnj/images/train__Leaf_Healthy__Leaf_Healthy_00219.jpg,Leaf_Healthy,train
data/durian/mendeley_pxzvksbwnj/images/train__Leaf_Healthy__Leaf_Healthy_00221.jpg,Leaf_Healthy,train
data/durian/mendeley_pxzvksbwnj/images/train__Leaf_Healthy__Leaf_Healthy_00222.jpg,Leaf_Healthy,train
data/durian/mendeley_pxzvksbwnj/images/train__Leaf_Healthy__Leaf_Healthy_00223.jpg,Leaf_Healthy,train
data/durian/mendeley_pxzvksbwnj/images/train__Leaf_Healthy__Leaf_Healthy_00224.jpg,Leaf_Healthy,train
data/durian/mendeley_pxzvksbwnj/images/train__Leaf_Healthy__Leaf_Healthy_00225.jpg,Leaf_Healthy,train
data/durian/mendeley_pxzvksbwnj/images/train__Leaf_Healthy__Leaf_Healthy_00226.jpg,Leaf_Healthy,train
data/durian/mendeley_pxzvksbwnj/images/train__Leaf_Healthy__Leaf_Healthy_00227.jpg,Leaf_Healthy,train
data/durian/mendeley_pxzvksbwnj/images/train__Leaf_Healthy__Leaf_Healthy_00228.jpg,Leaf_Healthy,train
data/durian/mendeley_pxzvksbwnj/images/train__Leaf_Healthy__Leaf_Healthy_00229.jpg,Leaf_Healthy,train
data/durian/mendeley_pxzvksbwnj/images/train__Leaf_Healthy__Leaf_Healthy_00231.jpg,Leaf_Healthy,train
data/durian/mendeley_pxzvksbwnj/images/train__Leaf_Healthy__Leaf_Healthy_00232.jpg,Leaf_Healthy,train
data/durian/mendeley_pxzvksbwnj/images/train__Leaf_Healthy__Leaf_Healthy_00234.jpg,Leaf_Healthy,train
data/durian/mendeley_pxzvksbwnj/images/train__Leaf_Healthy__Leaf_Healthy_00238.jpg,Leaf_Healthy,train
data/durian/mendeley_pxzvksbwnj/images/train__Leaf_Healthy__Leaf_Healthy_00239.jpg,Leaf_Healthy,train
data/durian/mendeley_pxzvksbwnj/images/train__Leaf_Healthy__Leaf_Healthy_00240.jpg,Leaf_Healthy,train
data/durian/mendeley_pxzvksbwnj/images/train__Leaf_Healthy__Leaf_Healthy_00241.jpg,Leaf_Healthy,train
data/durian/mendeley_pxzvksbwnj/images/train__Leaf_Healthy__Leaf_Healthy_00242.jpg,Leaf_Healthy,train
data/durian/mendeley_pxzvksbwnj/images/train__Leaf_Healthy__Leaf_Healthy_00243.jpg,Leaf_Healthy,train
data/durian/mendeley_pxzvksbwnj/images/train__Leaf_Healthy__Leaf_Healthy_00244.jpg,Leaf_Healthy,train
data/durian/mendeley_pxzvksbwnj/images/train__Leaf_Healthy__Leaf_Healthy_00245.jpg,Leaf_Healthy,train
data/durian/mendeley_pxzvksbwnj/images/train__Leaf_Healthy__Leaf_Healthy_00246.jpg,Leaf_Healthy,train
data/durian/mendeley_pxzvksbwnj/images/train__Leaf_Healthy__Leaf_Healthy_00247.jpg,Leaf_Healthy,train
data/durian/mendeley_pxzvksbwnj/images/train__Leaf_Healthy__Leaf_Healthy_00248.jpg,Leaf_Healthy,train
data/durian/mendeley_pxzvksbwnj/images/train__Leaf_Healthy__Leaf_Healthy_00249.jpg,Leaf_Healthy,train
data/durian/mendeley_pxzvksbwnj/images/train__Leaf_Healthy__Leaf_Healthy_00250.jpg,Leaf_Healthy,train
data/durian/mendeley_pxzvksbwnj/images/train__Leaf_Healthy__Leaf_Healthy_00251.jpg,Leaf_Healthy,train
data/durian/mendeley_pxzvksbwnj/images/train__Leaf_Healthy__Leaf_Healthy_00252.jpg,Leaf_Healthy,train
data/durian/mendeley_pxzvksbwnj/images/train__Leaf_Healthy__Leaf_Healthy_00254.jpg,Leaf_Healthy,train
data/durian/mendeley_pxzvksbwnj/images/train__Leaf_Healthy__Leaf_Healthy_00255.jpg,Leaf_Healthy,train
data/durian/mendeley_pxzvksbwnj/images/train__Leaf_Healthy__Leaf_Healthy_00257.jpg,Leaf_Healthy,train
data/durian/mendeley_pxzvksbwnj/images/train__Leaf_Healthy__Leaf_Healthy_00258.jpg,Leaf_Healthy,train
data/durian/mendeley_pxzvksbwnj/images/train__Leaf_Healthy__Leaf_Healthy_00260.jpg,Leaf_Healthy,train
data/durian/mendeley_pxzvksbwnj/images/train__Leaf_Healthy__Leaf_Healthy_00262.jpg,Leaf_Healthy,train
data/durian/mendeley_pxzvksbwnj/images/train__Leaf_Healthy__Leaf_Healthy_00263.jpg,Leaf_Healthy,train
data/durian/mendeley_pxzvksbwnj/images/train__Leaf_Healthy__Leaf_Healthy_00264.jpg,Leaf_Healthy,train
data/durian/mendeley_pxzvksbwnj/images/train__Leaf_Healthy__Leaf_Healthy_00265.jpg,Leaf_Healthy,train
data/durian/mendeley_pxzvksbwnj/images/train__Leaf_Healthy__Leaf_Healthy_00266.jpg,Leaf_Healthy,train
data/durian/mendeley_pxzvksbwnj/images/train__Leaf_Healthy__Leaf_Healthy_00267.jpg,Leaf_Healthy,train
data/durian/mendeley_pxzvksbwnj/images/train__Leaf_Healthy__Leaf_Healthy_00268.jpg,Leaf_Healthy,train
data/durian/mendeley_pxzvksbwnj/images/train__Leaf_Healthy__Leaf_Healthy_00269.jpg,Leaf_Healthy,train
data/durian/mendeley_pxzvksbwnj/images/train__Leaf_Healthy__Leaf_Healthy_00270.jpg,Leaf_Healthy,train
data/durian/mendeley_pxzvksbwnj/images/train__Leaf_Healthy__Leaf_Healthy_00271.jpg,Leaf_Healthy,train
data/durian/mendeley_pxzvksbwnj/images/train__Leaf_Healthy__Leaf_Healthy_00272.jpg,Leaf_Healthy,train
data/durian/mendeley_pxzvksbwnj/images/train__Leaf_Healthy__Leaf_Healthy_00273.jpg,Leaf_Healthy,train
data/durian/mendeley_pxzvksbwnj/images/train__Leaf_Healthy__Leaf_Healthy_00277.jpg,Leaf_Healthy,train
data/durian/mendeley_pxzvksbwnj/images/train__Leaf_Healthy__Leaf_Healthy_00278.jpg,Leaf_Healthy,train
data/durian/mendeley_pxzvksbwnj/images/train__Leaf_Healthy__Leaf_Healthy_00279.jpg,Leaf_Healthy,train
data/durian/mendeley_pxzvksbwnj/images/train__Leaf_Healthy__Leaf_Healthy_00281.jpg,Leaf_Healthy,train
data/durian/mendeley_pxzvksbwnj/images/train__Leaf_Healthy__Leaf_Healthy_00282.jpg,Leaf_Healthy,train
data/durian/mendeley_pxzvksbwnj/images/train__Leaf_Healthy__Leaf_Healthy_00284.jpg,Leaf_Healthy,train
data/durian/mendeley_pxzvksbwnj/images/train__Leaf_Healthy__Leaf_Healthy_00285.jpg,Leaf_Healthy,train
data/durian/mendeley_pxzvksbwnj/images/train__Leaf_Healthy__Leaf_Healthy_00287.jpg,Leaf_Healthy,train
data/durian/mendeley_pxzvksbwnj/images/train__Leaf_Healthy__Leaf_Healthy_00289.jpg,Leaf_Healthy,train
data/durian/mendeley_pxzvksbwnj/images/train__Leaf_Healthy__Leaf_Healthy_00290.jpg,Leaf_Healthy,train
data/durian/mendeley_pxzvksbwnj/images/train__Leaf_Healthy__Leaf_Healthy_00292.jpg,Leaf_Healthy,train
data/durian/mendeley_pxzvksbwnj/images/train__Leaf_Healthy__Leaf_Healthy_00293.jpg,Leaf_Healthy,train
data/durian/mendeley_pxzvksbwnj/images/train__Leaf_Healthy__Leaf_Healthy_00294.jpg,Leaf_Healthy,train
data/durian/mendeley_pxzvksbwnj/images/train__Leaf_Healthy__Leaf_Healthy_00295.jpg,Leaf_Healthy,train
data/durian/mendeley_pxzvksbwnj/images/train__Leaf_Healthy__Leaf_Healthy_00297.jpg,Leaf_Healthy,train
data/durian/mendeley_pxzvksbwnj/images/train__Leaf_Healthy__Leaf_Healthy_00298.jpg,Leaf_Healthy,train
data/durian/mendeley_pxzvksbwnj/images/train__Leaf_Healthy__Leaf_Healthy_00301.jpg,Leaf_Healthy,train
data/durian/mendeley_pxzvksbwnj/images/train__Leaf_Healthy__Leaf_Healthy_00304.jpg,Leaf_Healthy,train
data/durian/mendeley_pxzvksbwnj/images/train__Leaf_Healthy__Leaf_Healthy_00305.jpg,Leaf_Healthy,train
data/durian/mendeley_pxzvksbwnj/images/train__Leaf_Healthy__Leaf_Healthy_00306.jpg,Leaf_Healthy,train
data/durian/mendeley_pxzvksbwnj/images/train__Leaf_Healthy__Leaf_Healthy_00307.jpg,Leaf_Healthy,train
data/durian/mendeley_pxzvksbwnj/images/train__Leaf_Healthy__Leaf_Healthy_00308.jpg,Leaf_Healthy,train
data/durian/mendeley_pxzvksbwnj/images/train__Leaf_Healthy__Leaf_Healthy_00311.jpg,Leaf_Healthy,train
data/durian/mendeley_pxzvksbwnj/images/train__Leaf_Healthy__Leaf_Healthy_00313.jpg,Leaf_Healthy,train
data/durian/mendeley_pxzvksbwnj/images/train__Leaf_Healthy__Leaf_Healthy_00314.jpg,Leaf_Healthy,train
data/durian/mendeley_pxzvksbwnj/images/train__Leaf_Healthy__Leaf_Healthy_00315.jpg,Leaf_Healthy,train
data/durian/mendeley_pxzvksbwnj/images/train__Leaf_Healthy__Leaf_Healthy_00316.jpg,Leaf_Healthy,train
data/durian/mendeley_pxzvksbwnj/images/train__Leaf_Healthy__Leaf_Healthy_00318.jpg,Leaf_Healthy,train
data/durian/mendeley_pxzvksbwnj/images/train__Leaf_Healthy__Leaf_Healthy_00319.jpg,Leaf_Healthy,train
data/durian/mendeley_pxzvksbwnj/images/train__Leaf_Healthy__Leaf_Healthy_00320.jpg,Leaf_Healthy,train
data/durian/mendeley_pxzvksbwnj/images/train__Leaf_Healthy__Leaf_Healthy_00321.jpg,Leaf_Healthy,train
data/durian/mendeley_pxzvksbwnj/images/train__Leaf_Healthy__Leaf_Healthy_00323.jpg,Leaf_Healthy,train
data/durian/mendeley_pxzvksbwnj/images/train__Leaf_Healthy__Leaf_Healthy_00324.jpg,Leaf_Healthy,train
data/durian/mendeley_pxzvksbwnj/images/train__Leaf_Healthy__Leaf_Healthy_00325.jpg,Leaf_Healthy,train
data/durian/mendeley_pxzvksbwnj/images/train__Leaf_Healthy__Leaf_Healthy_00327.jpg,Leaf_Healthy,train
data/durian/mendeley_pxzvksbwnj/images/train__Leaf_Healthy__Leaf_Healthy_00329.jpg,Leaf_Healthy,train
data/durian/mendeley_pxzvksbwnj/images/train__Leaf_Healthy__Leaf_Healthy_00331.jpg,Leaf_Healthy,train
data/durian/mendeley_pxzvksbwnj/images/train__Leaf_Healthy__Leaf_Healthy_00334.jpg,Leaf_Healthy,train
data/durian/mendeley_pxzvksbwnj/images/train__Leaf_Healthy__Leaf_Healthy_00335.jpg,Leaf_Healthy,train
data/durian/mendeley_pxzvksbwnj/images/train__Leaf_Healthy__Leaf_Healthy_00337.jpg,Leaf_Healthy,train
data/durian/mendeley_pxzvksbwnj/images/train__Leaf_Healthy__Leaf_Healthy_00338.jpg,Leaf_Healthy,train
data/durian/mendeley_pxzvksbwnj/images/train__Leaf_Healthy__Leaf_Healthy_00340.jpg,Leaf_Healthy,train
data/durian/mendeley_pxzvksbwnj/images/train__Leaf_Healthy__Leaf_Healthy_00341.jpg,Leaf_Healthy,train
data/durian/mendeley_pxzvksbwnj/images/train__Leaf_Healthy__Leaf_Healthy_00342.jpg,Leaf_Healthy,train
data/durian/mendeley_pxzvksbwnj/images/train__Leaf_Healthy__Leaf_Healthy_00343.jpg,Leaf_Healthy,train
data/durian/mendeley_pxzvksbwnj/images/train__Leaf_Healthy__Leaf_Healthy_00345.jpg,Leaf_Healthy,train
data/durian/mendeley_pxzvksbwnj/images/train__Leaf_Healthy__Leaf_Healthy_00346.jpg,Leaf_Healthy,train
data/durian/mendeley_pxzvksbwnj/images/train__Leaf_Healthy__Leaf_Healthy_00348.jpg,Leaf_Healthy,train
data/durian/mendeley_pxzvksbwnj/images/train__Leaf_Healthy__Leaf_Healthy_00349.jpg,Leaf_Healthy,train
data/durian/mendeley_pxzvksbwnj/images/train__Leaf_Healthy__Leaf_Healthy_00352.jpg,Leaf_Healthy,train
data/durian/mendeley_pxzvksbwnj/images/train__Leaf_Healthy__Leaf_Healthy_00354.jpg,Leaf_Healthy,train
data/durian/mendeley_pxzvksbwnj/images/train__Leaf_Healthy__Leaf_Healthy_00355.jpg,Leaf_Healthy,train
data/durian/mendeley_pxzvksbwnj/images/train__Leaf_Healthy__Leaf_Healthy_00356.jpg,Leaf_Healthy,train
data/durian/mendeley_pxzvksbwnj/images/train__Leaf_Healthy__Leaf_Healthy_00357.jpg,Leaf_Healthy,train
data/durian/mendeley_pxzvksbwnj/images/train__Leaf_Healthy__Leaf_Healthy_00359.jpg,Leaf_Healthy,train
data/durian/mendeley_pxzvksbwnj/images/train__Leaf_Healthy__Leaf_Healthy_00362.jpg,Leaf_Healthy,train
data/durian/mendeley_pxzvksbwnj/images/train__Leaf_Healthy__Leaf_Healthy_00364.jpg,Leaf_Healthy,train
data/durian/mendeley_pxzvksbwnj/images/train__Leaf_Healthy__Leaf_Healthy_00365.jpg,Leaf_Healthy,train
data/durian/mendeley_pxzvksbwnj/images/train__Leaf_Healthy__Leaf_Healthy_00366.jpg,Leaf_Healthy,train
data/durian/mendeley_pxzvksbwnj/images/train__Leaf_Healthy__Leaf_Healthy_00368.jpg,Leaf_Healthy,train
data/durian/mendeley_pxzvksbwnj/images/train__Leaf_Healthy__Leaf_Healthy_00369.jpg,Leaf_Healthy,train
data/durian/mendeley_pxzvksbwnj/images/train__Leaf_Healthy__Leaf_Healthy_00370.jpg,Leaf_Healthy,train
data/durian/mendeley_pxzvksbwnj/images/train__Leaf_Healthy__Leaf_Healthy_00371.jpg,Leaf_Healthy,train
data/durian/mendeley_pxzvksbwnj/images/train__Leaf_Healthy__Leaf_Healthy_00372.jpg,Leaf_Healthy,train
data/durian/mendeley_pxzvksbwnj/images/train__Leaf_Healthy__Leaf_Healthy_00375.jpg,Leaf_Healthy,train
data/durian/mendeley_pxzvksbwnj/images/train__Leaf_Healthy__Leaf_Healthy_00376.jpg,Leaf_Healthy,train
data/durian/mendeley_pxzvksbwnj/images/train__Leaf_Healthy__Leaf_Healthy_00377.jpg,Leaf_Healthy,train
data/durian/mendeley_pxzvksbwnj/images/train__Leaf_Healthy__Leaf_Healthy_00379.jpg,Leaf_Healthy,train
data/durian/mendeley_pxzvksbwnj/images/train__Leaf_Healthy__Leaf_Healthy_00381.jpg,Leaf_Healthy,train
data/durian/mendeley_pxzvksbwnj/images/train__Leaf_Healthy__Leaf_Healthy_00382.jpg,Leaf_Healthy,train
data/durian/mendeley_pxzvksbwnj/images/train__Leaf_Healthy__Leaf_Healthy_00383.jpg,Leaf_Healthy,train
data/durian/mendeley_pxzvksbwnj/images/train__Leaf_Healthy__Leaf_Healthy_00384.jpg,Leaf_Healthy,train
data/durian/mendeley_pxzvksbwnj/images/train__Leaf_Healthy__Leaf_Healthy_00385.jpg,Leaf_Healthy,train
data/durian/mendeley_pxzvksbwnj/images/train__Leaf_Healthy__Leaf_Healthy_00386.jpg,Leaf_Healthy,train
data/durian/mendeley_pxzvksbwnj/images/train__Leaf_Healthy__Leaf_Healthy_00387.jpg,Leaf_Healthy,train
data/durian/mendeley_pxzvksbwnj/images/train__Leaf_Healthy__Leaf_Healthy_00388.jpg,Leaf_Healthy,train
data/durian/mendeley_pxzvksbwnj/images/train__Leaf_Healthy__Leaf_Healthy_00390.jpg,Leaf_Healthy,train
data/durian/mendeley_pxzvksbwnj/images/train__Leaf_Healthy__Leaf_Healthy_00392.jpg,Leaf_Healthy,train
data/durian/mendeley_pxzvksbwnj/images/train__Leaf_Healthy__Leaf_Healthy_00393.jpg,Leaf_Healthy,train
data/durian/mendeley_pxzvksbwnj/images/train__Leaf_Healthy__Leaf_Healthy_00394.jpg,Leaf_Healthy,train
data/durian/mendeley_pxzvksbwnj/images/train__Leaf_Healthy__Leaf_Healthy_00395.jpg,Leaf_Healthy,train
data/durian/mendeley_pxzvksbwnj/images/train__Leaf_Healthy__Leaf_Healthy_00397.jpg,Leaf_Healthy,train
data/durian/mendeley_pxzvksbwnj/images/train__Leaf_Healthy__Leaf_Healthy_00399.jpg,Leaf_Healthy,train
data/durian/mendeley_pxzvksbwnj/images/train__Leaf_Healthy__Leaf_Healthy_00400.jpg,Leaf_Healthy,train
data/durian/mendeley_pxzvksbwnj/images/train__Leaf_Healthy__Leaf_Healthy_00402.jpg,Leaf_Healthy,train
data/durian/mendeley_pxzvksbwnj/images/train__Leaf_Healthy__Leaf_Healthy_00403.jpg,Leaf_Healthy,train
data/durian/mendeley_pxzvksbwnj/images/train__Leaf_Healthy__Leaf_Healthy_00404.jpg,Leaf_Healthy,train
data/durian/mendeley_pxzvksbwnj/images/train__Leaf_Healthy__Leaf_Healthy_00405.jpg,Leaf_Healthy,train
data/durian/mendeley_pxzvksbwnj/images/train__Leaf_Healthy__Leaf_Healthy_00407.jpg,Leaf_Healthy,train
data/durian/mendeley_pxzvksbwnj/images/train__Leaf_Healthy__Leaf_Healthy_00408.jpg,Leaf_Healthy,train
data/durian/mendeley_pxzvksbwnj/images/train__Leaf_Healthy__Leaf_Healthy_00409.jpg,Leaf_Healthy,train
data/durian/mendeley_pxzvksbwnj/images/train__Leaf_Healthy__Leaf_Healthy_00410.jpg,Leaf_Healthy,train
data/durian/mendeley_pxzvksbwnj/images/train__Leaf_Healthy__Leaf_Healthy_00411.jpg,Leaf_Healthy,train
data/durian/mendeley_pxzvksbwnj/images/train__Leaf_Healthy__Leaf_Healthy_00412.jpg,Leaf_Healthy,train
data/durian/mendeley_pxzvksbwnj/images/train__Leaf_Healthy__Leaf_Healthy_00416.jpg,Leaf_Healthy,train
data/durian/mendeley_pxzvksbwnj/images/train__Leaf_Healthy__Leaf_Healthy_00417.jpg,Leaf_Healthy,train
data/durian/mendeley_pxzvksbwnj/images/train__Leaf_Healthy__Leaf_Healthy_00418.jpg,Leaf_Healthy,train
data/durian/mendeley_pxzvksbwnj/images/train__Leaf_Healthy__Leaf_Healthy_00420.jpg,Leaf_Healthy,train
data/durian/mendeley_pxzvksbwnj/images/train__Leaf_Healthy__Leaf_Healthy_00421.jpg,Leaf_Healthy,train
data/durian/mendeley_pxzvksbwnj/images/train__Leaf_Healthy__Leaf_Healthy_00422.jpg,Leaf_Healthy,train
data/durian/mendeley_pxzvksbwnj/images/train__Leaf_Healthy__Leaf_Healthy_00423.jpg,Leaf_Healthy,train
data/durian/mendeley_pxzvksbwnj/images/train__Leaf_Healthy__Leaf_Healthy_00425.jpg,Leaf_Healthy,train
data/durian/mendeley_pxzvksbwnj/images/train__Leaf_Healthy__Leaf_Healthy_00428.jpg,Leaf_Healthy,train
data/durian/mendeley_pxzvksbwnj/images/train__Leaf_Healthy__Leaf_Healthy_00429.jpg,Leaf_Healthy,train
data/durian/mendeley_pxzvksbwnj/images/train__Leaf_Healthy__Leaf_Healthy_00430.jpg,Leaf_Healthy,train
data/durian/mendeley_pxzvksbwnj/images/train__Leaf_Healthy__Leaf_Healthy_00431.jpg,Leaf_Healthy,train
data/durian/mendeley_pxzvksbwnj/images/train__Leaf_Healthy__Leaf_Healthy_00433.jpg,Leaf_Healthy,train
data/durian/mendeley_pxzvksbwnj/images/train__Leaf_Healthy__Leaf_Healthy_00434.jpg,Leaf_Healthy,train
data/durian/mendeley_pxzvksbwnj/images/train__Leaf_Healthy__Leaf_Healthy_00435.jpg,Leaf_Healthy,train
data/durian/mendeley_pxzvksbwnj/images/train__Leaf_Healthy__Leaf_Healthy_00436.jpg,Leaf_Healthy,train
data/durian/mendeley_pxzvksbwnj/images/train__Leaf_Healthy__Leaf_Healthy_00437.jpg,Leaf_Healthy,train
data/durian/mendeley_pxzvksbwnj/images/train__Leaf_Healthy__Leaf_Healthy_00438.jpg,Leaf_Healthy,train
data/durian/mendeley_pxzvksbwnj/images/train__Leaf_Healthy__Leaf_Healthy_00440.jpg,Leaf_Healthy,train
data/durian/mendeley_pxzvksbwnj/images/train__Leaf_Healthy__Leaf_Healthy_00441.jpg,Leaf_Healthy,train
data/durian/mendeley_pxzvksbwnj/images/train__Leaf_Healthy__Leaf_Healthy_00442.jpg,Leaf_Healthy,train
data/durian/mendeley_pxzvksbwnj/images/train__Leaf_Healthy__Leaf_Healthy_00443.jpg,Leaf_Healthy,train
data/durian/mendeley_pxzvksbwnj/images/train__Leaf_Healthy__Leaf_Healthy_00444.jpg,Leaf_Healthy,train
data/durian/mendeley_pxzvksbwnj/images/train__Leaf_Healthy__Leaf_Healthy_00445.jpg,Leaf_Healthy,train
data/durian/mendeley_pxzvksbwnj/images/train__Leaf_Healthy__Leaf_Healthy_00447.jpg,Leaf_Healthy,train
data/durian/mendeley_pxzvksbwnj/images/train__Leaf_Healthy__Leaf_Healthy_00448.jpg,Leaf_Healthy,train
data/durian/mendeley_pxzvksbwnj/images/train__Leaf_Healthy__Leaf_Healthy_00450.jpg,Leaf_Healthy,train
data/durian/mendeley_pxzvksbwnj/images/train__Leaf_Healthy__Leaf_Healthy_00451.jpg,Leaf_Healthy,train
data/durian/mendeley_pxzvksbwnj/images/train__Leaf_Healthy__Leaf_Healthy_00453.jpg,Leaf_Healthy,train
data/durian/mendeley_pxzvksbwnj/images/train__Leaf_Healthy__Leaf_Healthy_00454.jpg,Leaf_Healthy,train
data/durian/mendeley_pxzvksbwnj/images/train__Leaf_Healthy__Leaf_Healthy_00456.jpg,Leaf_Healthy,train
data/durian/mendeley_pxzvksbwnj/images/train__Leaf_Healthy__Leaf_Healthy_00458.jpg,Leaf_Healthy,train
data/durian/mendeley_pxzvksbwnj/images/train__Leaf_Healthy__Leaf_Healthy_00460.jpg,Leaf_Healthy,train
data/durian/mendeley_pxzvksbwnj/images/train__Leaf_Healthy__Leaf_Healthy_00461.jpg,Leaf_Healthy,train
data/durian/mendeley_pxzvksbwnj/images/train__Leaf_Healthy__Leaf_Healthy_00462.jpg,Leaf_Healthy,train
data/durian/mendeley_pxzvksbwnj/images/train__Leaf_Healthy__Leaf_Healthy_00464.jpg,Leaf_Healthy,train
data/durian/mendeley_pxzvksbwnj/images/train__Leaf_Healthy__Leaf_Healthy_00466.jpg,Leaf_Healthy,train
data/durian/mendeley_pxzvksbwnj/images/train__Leaf_Healthy__Leaf_Healthy_00469.jpg,Leaf_Healthy,train
data/durian/mendeley_pxzvksbwnj/images/train__Leaf_Healthy__Leaf_Healthy_00470.jpg,Leaf_Healthy,train
data/durian/mendeley_pxzvksbwnj/images/train__Leaf_Healthy__Leaf_Healthy_00473.jpg,Leaf_Healthy,train
data/durian/mendeley_pxzvksbwnj/images/train__Leaf_Healthy__Leaf_Healthy_00474.jpg,Leaf_Healthy,train
data/durian/mendeley_pxzvksbwnj/images/train__Leaf_Healthy__Leaf_Healthy_00476.jpg,Leaf_Healthy,train
data/durian/mendeley_pxzvksbwnj/images/train__Leaf_Healthy__Leaf_Healthy_00478.jpg,Leaf_Healthy,train
data/durian/mendeley_pxzvksbwnj/images/train__Leaf_Healthy__Leaf_Healthy_00480.jpg,Leaf_Healthy,train
data/durian/mendeley_pxzvksbwnj/images/train__Leaf_Healthy__Leaf_Healthy_00482.jpg,Leaf_Healthy,train
data/durian/mendeley_pxzvksbwnj/images/train__Leaf_Healthy__Leaf_Healthy_00483.jpg,Leaf_Healthy,train
data/durian/mendeley_pxzvksbwnj/images/train__Leaf_Phomopsis__Leaf_Phomopsis_00001.jpg,Leaf_Phomopsis,train
data/durian/mendeley_pxzvksbwnj/images/train__Leaf_Phomopsis__Leaf_Phomopsis_00002.jpg,Leaf_Phomopsis,train
data/durian/mendeley_pxzvksbwnj/images/train__Leaf_Phomopsis__Leaf_Phomopsis_00003.jpg,Leaf_Phomopsis,train
data/durian/mendeley_pxzvksbwnj/images/train__Leaf_Phomopsis__Leaf_Phomopsis_00005.jpg,Leaf_Phomopsis,train
data/durian/mendeley_pxzvksbwnj/images/train__Leaf_Phomopsis__Leaf_Phomopsis_00006.jpg,Leaf_Phomopsis,train
data/durian/mendeley_pxzvksbwnj/images/train__Leaf_Phomopsis__Leaf_Phomopsis_00007.jpg,Leaf_Phomopsis,train
data/durian/mendeley_pxzvksbwnj/images/train__Leaf_Phomopsis__Leaf_Phomopsis_00008.jpg,Leaf_Phomopsis,train
data/durian/mendeley_pxzvksbwnj/images/train__Leaf_Phomopsis__Leaf_Phomopsis_00009.jpg,Leaf_Phomopsis,train
data/durian/mendeley_pxzvksbwnj/images/train__Leaf_Phomopsis__Leaf_Phomopsis_00010.jpg,Leaf_Phomopsis,train
data/durian/mendeley_pxzvksbwnj/images/train__Leaf_Phomopsis__Leaf_Phomopsis_00011.jpg,Leaf_Phomopsis,train
data/durian/mendeley_pxzvksbwnj/images/train__Leaf_Phomopsis__Leaf_Phomopsis_00012.jpg,Leaf_Phomopsis,train
data/durian/mendeley_pxzvksbwnj/images/train__Leaf_Phomopsis__Leaf_Phomopsis_00015.jpg,Leaf_Phomopsis,train
data/durian/mendeley_pxzvksbwnj/images/train__Leaf_Phomopsis__Leaf_Phomopsis_00018.jpg,Leaf_Phomopsis,train
data/durian/mendeley_pxzvksbwnj/images/train__Leaf_Phomopsis__Leaf_Phomopsis_00019.jpg,Leaf_Phomopsis,train
data/durian/mendeley_pxzvksbwnj/images/train__Leaf_Phomopsis__Leaf_Phomopsis_00020.jpg,Leaf_Phomopsis,train
data/durian/mendeley_pxzvksbwnj/images/train__Leaf_Phomopsis__Leaf_Phomopsis_00021.jpg,Leaf_Phomopsis,train
data/durian/mendeley_pxzvksbwnj/images/train__Leaf_Phomopsis__Leaf_Phomopsis_00022.jpg,Leaf_Phomopsis,train
data/durian/mendeley_pxzvksbwnj/images/train__Leaf_Phomopsis__Leaf_Phomopsis_00025.jpg,Leaf_Phomopsis,train
data/durian/mendeley_pxzvksbwnj/images/train__Leaf_Phomopsis__Leaf_Phomopsis_00026.jpg,Leaf_Phomopsis,train
data/durian/mendeley_pxzvksbwnj/images/train__Leaf_Phomopsis__Leaf_Phomopsis_00027.jpg,Leaf_Phomopsis,train
data/durian/mendeley_pxzvksbwnj/images/train__Leaf_Phomopsis__Leaf_Phomopsis_00028.jpg,Leaf_Phomopsis,train
data/durian/mendeley_pxzvksbwnj/images/train__Leaf_Phomopsis__Leaf_Phomopsis_00030.jpg,Leaf_Phomopsis,train
data/durian/mendeley_pxzvksbwnj/images/train__Leaf_Phomopsis__Leaf_Phomopsis_00031.jpg,Leaf_Phomopsis,train
data/durian/mendeley_pxzvksbwnj/images/train__Leaf_Phomopsis__Leaf_Phomopsis_00032.jpg,Leaf_Phomopsis,train
data/durian/mendeley_pxzvksbwnj/images/train__Leaf_Phomopsis__Leaf_Phomopsis_00033.jpg,Leaf_Phomopsis,train
data/durian/mendeley_pxzvksbwnj/images/train__Leaf_Phomopsis__Leaf_Phomopsis_00035.jpg,Leaf_Phomopsis,train
data/durian/mendeley_pxzvksbwnj/images/train__Leaf_Phomopsis__Leaf_Phomopsis_00038.jpg,Leaf_Phomopsis,train
data/durian/mendeley_pxzvksbwnj/images/train__Leaf_Phomopsis__Leaf_Phomopsis_00039.jpg,Leaf_Phomopsis,train
data/durian/mendeley_pxzvksbwnj/images/train__Leaf_Phomopsis__Leaf_Phomopsis_00040.jpg,Leaf_Phomopsis,train
data/durian/mendeley_pxzvksbwnj/images/train__Leaf_Phomopsis__Leaf_Phomopsis_00042.jpg,Leaf_Phomopsis,train
data/durian/mendeley_pxzvksbwnj/images/train__Leaf_Phomopsis__Leaf_Phomopsis_00043.jpg,Leaf_Phomopsis,train
data/durian/mendeley_pxzvksbwnj/images/train__Leaf_Phomopsis__Leaf_Phomopsis_00044.jpg,Leaf_Phomopsis,train
data/durian/mendeley_pxzvksbwnj/images/train__Leaf_Phomopsis__Leaf_Phomopsis_00046.jpg,Leaf_Phomopsis,train
data/durian/mendeley_pxzvksbwnj/images/train__Leaf_Phomopsis__Leaf_Phomopsis_00047.jpg,Leaf_Phomopsis,train
data/durian/mendeley_pxzvksbwnj/images/train__Leaf_Phomopsis__Leaf_Phomopsis_00049.jpg,Leaf_Phomopsis,train
data/durian/mendeley_pxzvksbwnj/images/train__Leaf_Phomopsis__Leaf_Phomopsis_00051.jpg,Leaf_Phomopsis,train
data/durian/mendeley_pxzvksbwnj/images/train__Leaf_Phomopsis__Leaf_Phomopsis_00054.jpg,Leaf_Phomopsis,train
data/durian/mendeley_pxzvksbwnj/images/train__Leaf_Phomopsis__Leaf_Phomopsis_00055.jpg,Leaf_Phomopsis,train
data/durian/mendeley_pxzvksbwnj/images/train__Leaf_Phomopsis__Leaf_Phomopsis_00056.jpg,Leaf_Phomopsis,train
data/durian/mendeley_pxzvksbwnj/images/train__Leaf_Phomopsis__Leaf_Phomopsis_00057.jpg,Leaf_Phomopsis,train
data/durian/mendeley_pxzvksbwnj/images/train__Leaf_Phomopsis__Leaf_Phomopsis_00059.jpg,Leaf_Phomopsis,train
data/durian/mendeley_pxzvksbwnj/images/train__Leaf_Phomopsis__Leaf_Phomopsis_00060.jpg,Leaf_Phomopsis,train
data/durian/mendeley_pxzvksbwnj/images/train__Leaf_Phomopsis__Leaf_Phomopsis_00061.jpg,Leaf_Phomopsis,train
data/durian/mendeley_pxzvksbwnj/images/train__Leaf_Phomopsis__Leaf_Phomopsis_00062.jpg,Leaf_Phomopsis,train
data/durian/mendeley_pxzvksbwnj/images/train__Leaf_Phomopsis__Leaf_Phomopsis_00063.jpg,Leaf_Phomopsis,train
data/durian/mendeley_pxzvksbwnj/images/train__Leaf_Phomopsis__Leaf_Phomopsis_00065.jpg,Leaf_Phomopsis,train
data/durian/mendeley_pxzvksbwnj/images/train__Leaf_Phomopsis__Leaf_Phomopsis_00066.jpg,Leaf_Phomopsis,train
data/durian/mendeley_pxzvksbwnj/images/train__Leaf_Phomopsis__Leaf_Phomopsis_00067.jpg,Leaf_Phomopsis,train
data/durian/mendeley_pxzvksbwnj/images/train__Leaf_Phomopsis__Leaf_Phomopsis_00068.jpg,Leaf_Phomopsis,train
data/durian/mendeley_pxzvksbwnj/images/train__Leaf_Phomopsis__Leaf_Phomopsis_00069.jpg,Leaf_Phomopsis,train
data/durian/mendeley_pxzvksbwnj/images/train__Leaf_Phomopsis__Leaf_Phomopsis_00070.jpg,Leaf_Phomopsis,train
data/durian/mendeley_pxzvksbwnj/images/train__Leaf_Phomopsis__Leaf_Phomopsis_00073.jpg,Leaf_Phomopsis,train
data/durian/mendeley_pxzvksbwnj/images/train__Leaf_Phomopsis__Leaf_Phomopsis_00075.jpg,Leaf_Phomopsis,train
data/durian/mendeley_pxzvksbwnj/images/train__Leaf_Phomopsis__Leaf_Phomopsis_00076.jpg,Leaf_Phomopsis,train
data/durian/mendeley_pxzvksbwnj/images/train__Leaf_Phomopsis__Leaf_Phomopsis_00077.jpg,Leaf_Phomopsis,train
data/durian/mendeley_pxzvksbwnj/images/train__Leaf_Phomopsis__Leaf_Phomopsis_00078.jpg,Leaf_Phomopsis,train
data/durian/mendeley_pxzvksbwnj/images/train__Leaf_Phomopsis__Leaf_Phomopsis_00079.jpg,Leaf_Phomopsis,train
data/durian/mendeley_pxzvksbwnj/images/train__Leaf_Phomopsis__Leaf_Phomopsis_00081.jpg,Leaf_Phomopsis,train
data/durian/mendeley_pxzvksbwnj/images/train__Leaf_Phomopsis__Leaf_Phomopsis_00083.jpg,Leaf_Phomopsis,train
data/durian/mendeley_pxzvksbwnj/images/train__Leaf_Phomopsis__Leaf_Phomopsis_00085.jpg,Leaf_Phomopsis,train
data/durian/mendeley_pxzvksbwnj/images/train__Leaf_Phomopsis__Leaf_Phomopsis_00086.jpg,Leaf_Phomopsis,train
data/durian/mendeley_pxzvksbwnj/images/train__Leaf_Phomopsis__Leaf_Phomopsis_00087.jpg,Leaf_Phomopsis,train
data/durian/mendeley_pxzvksbwnj/images/train__Leaf_Phomopsis__Leaf_Phomopsis_00089.jpg,Leaf_Phomopsis,train
data/durian/mendeley_pxzvksbwnj/images/train__Leaf_Phomopsis__Leaf_Phomopsis_00090.jpg,Leaf_Phomopsis,train
data/durian/mendeley_pxzvksbwnj/images/train__Leaf_Phomopsis__Leaf_Phomopsis_00091.jpg,Leaf_Phomopsis,train
data/durian/mendeley_pxzvksbwnj/images/train__Leaf_Phomopsis__Leaf_Phomopsis_00092.jpg,Leaf_Phomopsis,train
data/durian/mendeley_pxzvksbwnj/images/train__Leaf_Phomopsis__Leaf_Phomopsis_00093.jpg,Leaf_Phomopsis,train
data/durian/mendeley_pxzvksbwnj/images/train__Leaf_Phomopsis__Leaf_Phomopsis_00094.jpg,Leaf_Phomopsis,train
data/durian/mendeley_pxzvksbwnj/images/train__Leaf_Phomopsis__Leaf_Phomopsis_00095.jpg,Leaf_Phomopsis,train
data/durian/mendeley_pxzvksbwnj/images/train__Leaf_Phomopsis__Leaf_Phomopsis_00096.jpg,Leaf_Phomopsis,train
data/durian/mendeley_pxzvksbwnj/images/train__Leaf_Phomopsis__Leaf_Phomopsis_00097.jpg,Leaf_Phomopsis,train
data/durian/mendeley_pxzvksbwnj/images/train__Leaf_Phomopsis__Leaf_Phomopsis_00098.jpg,Leaf_Phomopsis,train
data/durian/mendeley_pxzvksbwnj/images/train__Leaf_Phomopsis__Leaf_Phomopsis_00100.jpg,Leaf_Phomopsis,train
data/durian/mendeley_pxzvksbwnj/images/train__Leaf_Phomopsis__Leaf_Phomopsis_00101.jpg,Leaf_Phomopsis,train
data/durian/mendeley_pxzvksbwnj/images/train__Leaf_Phomopsis__Leaf_Phomopsis_00103.jpg,Leaf_Phomopsis,train
data/durian/mendeley_pxzvksbwnj/images/train__Leaf_Phomopsis__Leaf_Phomopsis_00104.jpg,Leaf_Phomopsis,train
data/durian/mendeley_pxzvksbwnj/images/train__Leaf_Phomopsis__Leaf_Phomopsis_00105.jpg,Leaf_Phomopsis,train
data/durian/mendeley_pxzvksbwnj/images/train__Leaf_Phomopsis__Leaf_Phomopsis_00106.jpg,Leaf_Phomopsis,train
data/durian/mendeley_pxzvksbwnj/images/train__Leaf_Phomopsis__Leaf_Phomopsis_00107.jpg,Leaf_Phomopsis,train
data/durian/mendeley_pxzvksbwnj/images/train__Leaf_Phomopsis__Leaf_Phomopsis_00110.jpg,Leaf_Phomopsis,train
data/durian/mendeley_pxzvksbwnj/images/train__Leaf_Phomopsis__Leaf_Phomopsis_00114.jpg,Leaf_Phomopsis,train
data/durian/mendeley_pxzvksbwnj/images/train__Leaf_Phomopsis__Leaf_Phomopsis_00116.jpg,Leaf_Phomopsis,train
data/durian/mendeley_pxzvksbwnj/images/train__Leaf_Phomopsis__Leaf_Phomopsis_00119.jpg,Leaf_Phomopsis,train
data/durian/mendeley_pxzvksbwnj/images/train__Leaf_Phomopsis__Leaf_Phomopsis_00121.jpg,Leaf_Phomopsis,train
data/durian/mendeley_pxzvksbwnj/images/train__Leaf_Phomopsis__Leaf_Phomopsis_00122.jpg,Leaf_Phomopsis,train
data/durian/mendeley_pxzvksbwnj/images/train__Leaf_Phomopsis__Leaf_Phomopsis_00123.jpg,Leaf_Phomopsis,train
data/durian/mendeley_pxzvksbwnj/images/train__Leaf_Phomopsis__Leaf_Phomopsis_00124.jpg,Leaf_Phomopsis,train
data/durian/mendeley_pxzvksbwnj/images/train__Leaf_Phomopsis__Leaf_Phomopsis_00125.jpg,Leaf_Phomopsis,train
data/durian/mendeley_pxzvksbwnj/images/train__Leaf_Phomopsis__Leaf_Phomopsis_00128.jpg,Leaf_Phomopsis,train
data/durian/mendeley_pxzvksbwnj/images/train__Leaf_Phomopsis__Leaf_Phomopsis_00129.jpg,Leaf_Phomopsis,train
data/durian/mendeley_pxzvksbwnj/images/train__Leaf_Phomopsis__Leaf_Phomopsis_00130.jpg,Leaf_Phomopsis,train
data/durian/mendeley_pxzvksbwnj/images/train__Leaf_Phomopsis__Leaf_Phomopsis_00131.jpg,Leaf_Phomopsis,train
data/durian/mendeley_pxzvksbwnj/images/train__Leaf_Phomopsis__Leaf_Phomopsis_00132.jpg,Leaf_Phomopsis,train
data/durian/mendeley_pxzvksbwnj/images/train__Leaf_Phomopsis__Leaf_Phomopsis_00133.jpg,Leaf_Phomopsis,train
data/durian/mendeley_pxzvksbwnj/images/train__Leaf_Phomopsis__Leaf_Phomopsis_00134.jpg,Leaf_Phomopsis,train
data/durian/mendeley_pxzvksbwnj/images/train__Leaf_Phomopsis__Leaf_Phomopsis_00140.jpg,Leaf_Phomopsis,train
data/durian/mendeley_pxzvksbwnj/images/train__Leaf_Phomopsis__Leaf_Phomopsis_00142.jpg,Leaf_Phomopsis,train
data/durian/mendeley_pxzvksbwnj/images/train__Leaf_Phomopsis__Leaf_Phomopsis_00144.jpg,Leaf_Phomopsis,train
data/durian/mendeley_pxzvksbwnj/images/train__Leaf_Phomopsis__Leaf_Phomopsis_00145.jpg,Leaf_Phomopsis,train
data/durian/mendeley_pxzvksbwnj/images/train__Leaf_Phomopsis__Leaf_Phomopsis_00146.jpg,Leaf_Phomopsis,train
data/durian/mendeley_pxzvksbwnj/images/train__Leaf_Phomopsis__Leaf_Phomopsis_00147.jpg,Leaf_Phomopsis,train
data/durian/mendeley_pxzvksbwnj/images/train__Leaf_Phomopsis__Leaf_Phomopsis_00148.jpg,Leaf_Phomopsis,train
data/durian/mendeley_pxzvksbwnj/images/train__Leaf_Phomopsis__Leaf_Phomopsis_00150.jpg,Leaf_Phomopsis,train
data/durian/mendeley_pxzvksbwnj/images/train__Leaf_Phomopsis__Leaf_Phomopsis_00152.jpg,Leaf_Phomopsis,train
data/durian/mendeley_pxzvksbwnj/images/train__Leaf_Phomopsis__Leaf_Phomopsis_00153.jpg,Leaf_Phomopsis,train
data/durian/mendeley_pxzvksbwnj/images/train__Leaf_Phomopsis__Leaf_Phomopsis_00154.jpg,Leaf_Phomopsis,train
data/durian/mendeley_pxzvksbwnj/images/train__Leaf_Phomopsis__Leaf_Phomopsis_00155.jpg,Leaf_Phomopsis,train
data/durian/mendeley_pxzvksbwnj/images/train__Leaf_Phomopsis__Leaf_Phomopsis_00156.jpg,Leaf_Phomopsis,train
data/durian/mendeley_pxzvksbwnj/images/train__Leaf_Phomopsis__Leaf_Phomopsis_00157.jpg,Leaf_Phomopsis,train
data/durian/mendeley_pxzvksbwnj/images/train__Leaf_Phomopsis__Leaf_Phomopsis_00158.jpg,Leaf_Phomopsis,train
data/durian/mendeley_pxzvksbwnj/images/train__Leaf_Phomopsis__Leaf_Phomopsis_00159.jpg,Leaf_Phomopsis,train
data/durian/mendeley_pxzvksbwnj/images/train__Leaf_Phomopsis__Leaf_Phomopsis_00160.jpg,Leaf_Phomopsis,train
data/durian/mendeley_pxzvksbwnj/images/train__Leaf_Phomopsis__Leaf_Phomopsis_00161.jpg,Leaf_Phomopsis,train
data/durian/mendeley_pxzvksbwnj/images/train__Leaf_Phomopsis__Leaf_Phomopsis_00163.jpg,Leaf_Phomopsis,train
data/durian/mendeley_pxzvksbwnj/images/train__Leaf_Phomopsis__Leaf_Phomopsis_00164.jpg,Leaf_Phomopsis,train
data/durian/mendeley_pxzvksbwnj/images/train__Leaf_Phomopsis__Leaf_Phomopsis_00165.jpg,Leaf_Phomopsis,train
data/durian/mendeley_pxzvksbwnj/images/train__Leaf_Phomopsis__Leaf_Phomopsis_00166.jpg,Leaf_Phomopsis,train
data/durian/mendeley_pxzvksbwnj/images/train__Leaf_Phomopsis__Leaf_Phomopsis_00168.jpg,Leaf_Phomopsis,train
data/durian/mendeley_pxzvksbwnj/images/train__Leaf_Phomopsis__Leaf_Phomopsis_00169.jpg,Leaf_Phomopsis,train
data/durian/mendeley_pxzvksbwnj/images/train__Leaf_Phomopsis__Leaf_Phomopsis_00170.jpg,Leaf_Phomopsis,train
data/durian/mendeley_pxzvksbwnj/images/train__Leaf_Phomopsis__Leaf_Phomopsis_00171.jpg,Leaf_Phomopsis,train
data/durian/mendeley_pxzvksbwnj/images/train__Leaf_Phomopsis__Leaf_Phomopsis_00172.jpg,Leaf_Phomopsis,train
data/durian/mendeley_pxzvksbwnj/images/train__Leaf_Phomopsis__Leaf_Phomopsis_00174.jpg,Leaf_Phomopsis,train
data/durian/mendeley_pxzvksbwnj/images/train__Leaf_Phomopsis__Leaf_Phomopsis_00176.jpg,Leaf_Phomopsis,train
data/durian/mendeley_pxzvksbwnj/images/train__Leaf_Phomopsis__Leaf_Phomopsis_00178.jpg,Leaf_Phomopsis,train
data/durian/mendeley_pxzvksbwnj/images/train__Leaf_Phomopsis__Leaf_Phomopsis_00179.jpg,Leaf_Phomopsis,train
data/durian/mendeley_pxzvksbwnj/images/train__Leaf_Phomopsis__Leaf_Phomopsis_00180.jpg,Leaf_Phomopsis,train
data/durian/mendeley_pxzvksbwnj/images/train__Leaf_Phomopsis__Leaf_Phomopsis_00181.jpg,Leaf_Phomopsis,train
data/durian/mendeley_pxzvksbwnj/images/train__Leaf_Phomopsis__Leaf_Phomopsis_00183.jpg,Leaf_Phomopsis,train
data/durian/mendeley_pxzvksbwnj/images/train__Leaf_Phomopsis__Leaf_Phomopsis_00185.jpg,Leaf_Phomopsis,train
data/durian/mendeley_pxzvksbwnj/images/train__Leaf_Phomopsis__Leaf_Phomopsis_00188.jpg,Leaf_Phomopsis,train
data/durian/mendeley_pxzvksbwnj/images/train__Leaf_Phomopsis__Leaf_Phomopsis_00189.jpg,Leaf_Phomopsis,train
data/durian/mendeley_pxzvksbwnj/images/train__Leaf_Phomopsis__Leaf_Phomopsis_00191.jpg,Leaf_Phomopsis,train
data/durian/mendeley_pxzvksbwnj/images/train__Leaf_Phomopsis__Leaf_Phomopsis_00192.jpg,Leaf_Phomopsis,train
data/durian/mendeley_pxzvksbwnj/images/train__Leaf_Phomopsis__Leaf_Phomopsis_00193.jpg,Leaf_Phomopsis,train
data/durian/mendeley_pxzvksbwnj/images/train__Leaf_Phomopsis__Leaf_Phomopsis_00196.jpg,Leaf_Phomopsis,train
data/durian/mendeley_pxzvksbwnj/images/train__Leaf_Phomopsis__Leaf_Phomopsis_00197.jpg,Leaf_Phomopsis,train
data/durian/mendeley_pxzvksbwnj/images/train__Leaf_Phomopsis__Leaf_Phomopsis_00198.jpg,Leaf_Phomopsis,train
data/durian/mendeley_pxzvksbwnj/images/train__Leaf_Phomopsis__Leaf_Phomopsis_00199.jpg,Leaf_Phomopsis,train
data/durian/mendeley_pxzvksbwnj/images/train__Leaf_Phomopsis__Leaf_Phomopsis_00200.jpg,Leaf_Phomopsis,train
data/durian/mendeley_pxzvksbwnj/images/train__Leaf_Phomopsis__Leaf_Phomopsis_00201.jpg,Leaf_Phomopsis,train
data/durian/mendeley_pxzvksbwnj/images/train__Leaf_Phomopsis__Leaf_Phomopsis_00202.jpg,Leaf_Phomopsis,train
data/durian/mendeley_pxzvksbwnj/images/train__Leaf_Phomopsis__Leaf_Phomopsis_00204.jpg,Leaf_Phomopsis,train
data/durian/mendeley_pxzvksbwnj/images/train__Leaf_Phomopsis__Leaf_Phomopsis_00207.jpg,Leaf_Phomopsis,train
data/durian/mendeley_pxzvksbwnj/images/train__Leaf_Phomopsis__Leaf_Phomopsis_00208.jpg,Leaf_Phomopsis,train
data/durian/mendeley_pxzvksbwnj/images/train__Leaf_Phomopsis__Leaf_Phomopsis_00209.jpg,Leaf_Phomopsis,train
data/durian/mendeley_pxzvksbwnj/images/train__Leaf_Phomopsis__Leaf_Phomopsis_00210.jpg,Leaf_Phomopsis,train
data/durian/mendeley_pxzvksbwnj/images/train__Leaf_Phomopsis__Leaf_Phomopsis_00211.jpg,Leaf_Phomopsis,train
data/durian/mendeley_pxzvksbwnj/images/train__Leaf_Phomopsis__Leaf_Phomopsis_00212.jpg,Leaf_Phomopsis,train
data/durian/mendeley_pxzvksbwnj/images/train__Leaf_Phomopsis__Leaf_Phomopsis_00213.jpg,Leaf_Phomopsis,train
data/durian/mendeley_pxzvksbwnj/images/train__Leaf_Phomopsis__Leaf_Phomopsis_00214.jpg,Leaf_Phomopsis,train
data/durian/mendeley_pxzvksbwnj/images/train__Leaf_Phomopsis__Leaf_Phomopsis_00216.jpg,Leaf_Phomopsis,train
data/durian/mendeley_pxzvksbwnj/images/train__Leaf_Phomopsis__Leaf_Phomopsis_00218.jpg,Leaf_Phomopsis,train
data/durian/mendeley_pxzvksbwnj/images/train__Leaf_Phomopsis__Leaf_Phomopsis_00219.jpg,Leaf_Phomopsis,train
data/durian/mendeley_pxzvksbwnj/images/train__Leaf_Phomopsis__Leaf_Phomopsis_00221.jpg,Leaf_Phomopsis,train
data/durian/mendeley_pxzvksbwnj/images/train__Leaf_Phomopsis__Leaf_Phomopsis_00222.jpg,Leaf_Phomopsis,train
data/durian/mendeley_pxzvksbwnj/images/train__Leaf_Phomopsis__Leaf_Phomopsis_00223.jpg,Leaf_Phomopsis,train
data/durian/mendeley_pxzvksbwnj/images/train__Leaf_Phomopsis__Leaf_Phomopsis_00224.jpg,Leaf_Phomopsis,train
data/durian/mendeley_pxzvksbwnj/images/train__Leaf_Phomopsis__Leaf_Phomopsis_00225.jpg,Leaf_Phomopsis,train
data/durian/mendeley_pxzvksbwnj/images/train__Leaf_Phomopsis__Leaf_Phomopsis_00226.jpg,Leaf_Phomopsis,train
data/durian/mendeley_pxzvksbwnj/images/train__Leaf_Phomopsis__Leaf_Phomopsis_00227.jpg,Leaf_Phomopsis,train
data/durian/mendeley_pxzvksbwnj/images/train__Leaf_Phomopsis__Leaf_Phomopsis_00228.jpg,Leaf_Phomopsis,train
data/durian/mendeley_pxzvksbwnj/images/train__Leaf_Phomopsis__Leaf_Phomopsis_00229.jpg,Leaf_Phomopsis,train
data/durian/mendeley_pxzvksbwnj/images/train__Leaf_Phomopsis__Leaf_Phomopsis_00231.jpg,Leaf_Phomopsis,train
data/durian/mendeley_pxzvksbwnj/images/train__Leaf_Phomopsis__Leaf_Phomopsis_00232.jpg,Leaf_Phomopsis,train
data/durian/mendeley_pxzvksbwnj/images/train__Leaf_Phomopsis__Leaf_Phomopsis_00234.jpg,Leaf_Phomopsis,train
data/durian/mendeley_pxzvksbwnj/images/train__Leaf_Phomopsis__Leaf_Phomopsis_00238.jpg,Leaf_Phomopsis,train
data/durian/mendeley_pxzvksbwnj/images/train__Leaf_Phomopsis__Leaf_Phomopsis_00239.jpg,Leaf_Phomopsis,train
data/durian/mendeley_pxzvksbwnj/images/train__Leaf_Phomopsis__Leaf_Phomopsis_00240.jpg,Leaf_Phomopsis,train
data/durian/mendeley_pxzvksbwnj/images/train__Leaf_Phomopsis__Leaf_Phomopsis_00241.jpg,Leaf_Phomopsis,train
data/durian/mendeley_pxzvksbwnj/images/train__Leaf_Phomopsis__Leaf_Phomopsis_00242.jpg,Leaf_Phomopsis,train
data/durian/mendeley_pxzvksbwnj/images/train__Leaf_Phomopsis__Leaf_Phomopsis_00243.jpg,Leaf_Phomopsis,train
data/durian/mendeley_pxzvksbwnj/images/train__Leaf_Phomopsis__Leaf_Phomopsis_00244.jpg,Leaf_Phomopsis,train
data/durian/mendeley_pxzvksbwnj/images/train__Leaf_Phomopsis__Leaf_Phomopsis_00245.jpg,Leaf_Phomopsis,train
data/durian/mendeley_pxzvksbwnj/images/train__Leaf_Phomopsis__Leaf_Phomopsis_00246.jpg,Leaf_Phomopsis,train
data/durian/mendeley_pxzvksbwnj/images/train__Leaf_Phomopsis__Leaf_Phomopsis_00247.jpg,Leaf_Phomopsis,train
data/durian/mendeley_pxzvksbwnj/images/train__Leaf_Phomopsis__Leaf_Phomopsis_00248.jpg,Leaf_Phomopsis,train
data/durian/mendeley_pxzvksbwnj/images/train__Leaf_Phomopsis__Leaf_Phomopsis_00249.jpg,Leaf_Phomopsis,train
data/durian/mendeley_pxzvksbwnj/images/train__Leaf_Phomopsis__Leaf_Phomopsis_00250.jpg,Leaf_Phomopsis,train
data/durian/mendeley_pxzvksbwnj/images/train__Leaf_Phomopsis__Leaf_Phomopsis_00251.jpg,Leaf_Phomopsis,train
data/durian/mendeley_pxzvksbwnj/images/train__Leaf_Phomopsis__Leaf_Phomopsis_00252.jpg,Leaf_Phomopsis,train
data/durian/mendeley_pxzvksbwnj/images/train__Leaf_Phomopsis__Leaf_Phomopsis_00254.jpg,Leaf_Phomopsis,train
data/durian/mendeley_pxzvksbwnj/images/train__Leaf_Phomopsis__Leaf_Phomopsis_00255.jpg,Leaf_Phomopsis,train
data/durian/mendeley_pxzvksbwnj/images/train__Leaf_Phomopsis__Leaf_Phomopsis_00257.jpg,Leaf_Phomopsis,train
data/durian/mendeley_pxzvksbwnj/images/train__Leaf_Phomopsis__Leaf_Phomopsis_00258.jpg,Leaf_Phomopsis,train
data/durian/mendeley_pxzvksbwnj/images/train__Leaf_Phomopsis__Leaf_Phomopsis_00260.jpg,Leaf_Phomopsis,train
data/durian/mendeley_pxzvksbwnj/images/train__Leaf_Phomopsis__Leaf_Phomopsis_00262.jpg,Leaf_Phomopsis,train
data/durian/mendeley_pxzvksbwnj/images/train__Leaf_Phomopsis__Leaf_Phomopsis_00263.jpg,Leaf_Phomopsis,train
data/durian/mendeley_pxzvksbwnj/images/train__Leaf_Phomopsis__Leaf_Phomopsis_00264.jpg,Leaf_Phomopsis,train
data/durian/mendeley_pxzvksbwnj/images/train__Leaf_Phomopsis__Leaf_Phomopsis_00265.jpg,Leaf_Phomopsis,train
data/durian/mendeley_pxzvksbwnj/images/train__Leaf_Phomopsis__Leaf_Phomopsis_00266.jpg,Leaf_Phomopsis,train
data/durian/mendeley_pxzvksbwnj/images/train__Leaf_Phomopsis__Leaf_Phomopsis_00267.jpg,Leaf_Phomopsis,train
data/durian/mendeley_pxzvksbwnj/images/train__Leaf_Phomopsis__Leaf_Phomopsis_00268.jpg,Leaf_Phomopsis,train
data/durian/mendeley_pxzvksbwnj/images/train__Leaf_Phomopsis__Leaf_Phomopsis_00269.jpg,Leaf_Phomopsis,train
data/durian/mendeley_pxzvksbwnj/images/train__Leaf_Phomopsis__Leaf_Phomopsis_00270.jpg,Leaf_Phomopsis,train
data/durian/mendeley_pxzvksbwnj/images/train__Leaf_Phomopsis__Leaf_Phomopsis_00271.jpg,Leaf_Phomopsis,train
data/durian/mendeley_pxzvksbwnj/images/train__Leaf_Phomopsis__Leaf_Phomopsis_00272.jpg,Leaf_Phomopsis,train
data/durian/mendeley_pxzvksbwnj/images/train__Leaf_Phomopsis__Leaf_Phomopsis_00273.jpg,Leaf_Phomopsis,train
data/durian/mendeley_pxzvksbwnj/images/train__Leaf_Phomopsis__Leaf_Phomopsis_00277.jpg,Leaf_Phomopsis,train
data/durian/mendeley_pxzvksbwnj/images/train__Leaf_Phomopsis__Leaf_Phomopsis_00278.jpg,Leaf_Phomopsis,train
data/durian/mendeley_pxzvksbwnj/images/train__Leaf_Phomopsis__Leaf_Phomopsis_00279.jpg,Leaf_Phomopsis,train
data/durian/mendeley_pxzvksbwnj/images/train__Leaf_Phomopsis__Leaf_Phomopsis_00281.jpg,Leaf_Phomopsis,train
data/durian/mendeley_pxzvksbwnj/images/train__Leaf_Phomopsis__Leaf_Phomopsis_00282.jpg,Leaf_Phomopsis,train
data/durian/mendeley_pxzvksbwnj/images/train__Leaf_Phomopsis__Leaf_Phomopsis_00284.jpg,Leaf_Phomopsis,train
data/durian/mendeley_pxzvksbwnj/images/train__Leaf_Phomopsis__Leaf_Phomopsis_00285.jpg,Leaf_Phomopsis,train
data/durian/mendeley_pxzvksbwnj/images/train__Leaf_Phomopsis__Leaf_Phomopsis_00287.jpg,Leaf_Phomopsis,train
data/durian/mendeley_pxzvksbwnj/images/train__Leaf_Phomopsis__Leaf_Phomopsis_00289.jpg,Leaf_Phomopsis,train
data/durian/mendeley_pxzvksbwnj/images/train__Leaf_Phomopsis__Leaf_Phomopsis_00290.jpg,Leaf_Phomopsis,train
data/durian/mendeley_pxzvksbwnj/images/train__Leaf_Phomopsis__Leaf_Phomopsis_00292.jpg,Leaf_Phomopsis,train
data/durian/mendeley_pxzvksbwnj/images/train__Leaf_Phomopsis__Leaf_Phomopsis_00293.jpg,Leaf_Phomopsis,train
data/durian/mendeley_pxzvksbwnj/images/train__Leaf_Phomopsis__Leaf_Phomopsis_00294.jpg,Leaf_Phomopsis,train
data/durian/mendeley_pxzvksbwnj/images/train__Leaf_Phomopsis__Leaf_Phomopsis_00295.jpg,Leaf_Phomopsis,train
data/durian/mendeley_pxzvksbwnj/images/train__Leaf_Phomopsis__Leaf_Phomopsis_00297.jpg,Leaf_Phomopsis,train
data/durian/mendeley_pxzvksbwnj/images/train__Leaf_Phomopsis__Leaf_Phomopsis_00298.jpg,Leaf_Phomopsis,train
data/durian/mendeley_pxzvksbwnj/images/train__Leaf_Phomopsis__Leaf_Phomopsis_00299.jpg,Leaf_Phomopsis,train
data/durian/mendeley_pxzvksbwnj/images/train__Leaf_Phomopsis__Leaf_Phomopsis_00300.jpg,Leaf_Phomopsis,train
data/durian/mendeley_pxzvksbwnj/images/train__Leaf_Phomopsis__Leaf_Phomopsis_00301.jpg,Leaf_Phomopsis,train
data/durian/mendeley_pxzvksbwnj/images/train__Leaf_Phomopsis__Leaf_Phomopsis_00304.jpg,Leaf_Phomopsis,train
data/durian/mendeley_pxzvksbwnj/images/train__Leaf_Phomopsis__Leaf_Phomopsis_00305.jpg,Leaf_Phomopsis,train
data/durian/mendeley_pxzvksbwnj/images/train__Leaf_Phomopsis__Leaf_Phomopsis_00306.jpg,Leaf_Phomopsis,train
data/durian/mendeley_pxzvksbwnj/images/train__Leaf_Phomopsis__Leaf_Phomopsis_00307.jpg,Leaf_Phomopsis,train
data/durian/mendeley_pxzvksbwnj/images/train__Leaf_Phomopsis__Leaf_Phomopsis_00311.jpg,Leaf_Phomopsis,train
data/durian/mendeley_pxzvksbwnj/images/train__Leaf_Phomopsis__Leaf_Phomopsis_00313.jpg,Leaf_Phomopsis,train
data/durian/mendeley_pxzvksbwnj/images/train__Leaf_Phomopsis__Leaf_Phomopsis_00314.jpg,Leaf_Phomopsis,train
data/durian/mendeley_pxzvksbwnj/images/train__Leaf_Phomopsis__Leaf_Phomopsis_00315.jpg,Leaf_Phomopsis,train
data/durian/mendeley_pxzvksbwnj/images/train__Leaf_Phomopsis__Leaf_Phomopsis_00316.jpg,Leaf_Phomopsis,train
data/durian/mendeley_pxzvksbwnj/images/train__Leaf_Phomopsis__Leaf_Phomopsis_00318.jpg,Leaf_Phomopsis,train
data/durian/mendeley_pxzvksbwnj/images/train__Leaf_Phomopsis__Leaf_Phomopsis_00319.jpg,Leaf_Phomopsis,train
data/durian/mendeley_pxzvksbwnj/images/train__Leaf_Phomopsis__Leaf_Phomopsis_00320.jpg,Leaf_Phomopsis,train
data/durian/mendeley_pxzvksbwnj/images/train__Leaf_Phomopsis__Leaf_Phomopsis_00321.jpg,Leaf_Phomopsis,train
data/durian/mendeley_pxzvksbwnj/images/train__Leaf_Phomopsis__Leaf_Phomopsis_00323.jpg,Leaf_Phomopsis,train
data/durian/mendeley_pxzvksbwnj/images/train__Leaf_Phomopsis__Leaf_Phomopsis_00324.jpg,Leaf_Phomopsis,train
data/durian/mendeley_pxzvksbwnj/images/train__Leaf_Phomopsis__Leaf_Phomopsis_00325.jpg,Leaf_Phomopsis,train
data/durian/mendeley_pxzvksbwnj/images/train__Leaf_Phomopsis__Leaf_Phomopsis_00329.jpg,Leaf_Phomopsis,train
data/durian/mendeley_pxzvksbwnj/images/train__Leaf_Phomopsis__Leaf_Phomopsis_00330.jpg,Leaf_Phomopsis,train
data/durian/mendeley_pxzvksbwnj/images/train__Leaf_Phomopsis__Leaf_Phomopsis_00331.jpg,Leaf_Phomopsis,train
data/durian/mendeley_pxzvksbwnj/images/train__Leaf_Phomopsis__Leaf_Phomopsis_00332.jpg,Leaf_Phomopsis,train
data/durian/mendeley_pxzvksbwnj/images/train__Leaf_Phomopsis__Leaf_Phomopsis_00334.jpg,Leaf_Phomopsis,train
data/durian/mendeley_pxzvksbwnj/images/train__Leaf_Phomopsis__Leaf_Phomopsis_00336.jpg,Leaf_Phomopsis,train
data/durian/mendeley_pxzvksbwnj/images/train__Leaf_Phomopsis__Leaf_Phomopsis_00337.jpg,Leaf_Phomopsis,train
data/durian/mendeley_pxzvksbwnj/images/train__Leaf_Phomopsis__Leaf_Phomopsis_00340.jpg,Leaf_Phomopsis,train
data/durian/mendeley_pxzvksbwnj/images/train__Leaf_Phomopsis__Leaf_Phomopsis_00341.jpg,Leaf_Phomopsis,train
data/durian/mendeley_pxzvksbwnj/images/train__Leaf_Phomopsis__Leaf_Phomopsis_00342.jpg,Leaf_Phomopsis,train
data/durian/mendeley_pxzvksbwnj/images/train__Leaf_Phomopsis__Leaf_Phomopsis_00343.jpg,Leaf_Phomopsis,train
data/durian/mendeley_pxzvksbwnj/images/train__Leaf_Phomopsis__Leaf_Phomopsis_00344.jpg,Leaf_Phomopsis,train
data/durian/mendeley_pxzvksbwnj/images/train__Leaf_Phomopsis__Leaf_Phomopsis_00345.jpg,Leaf_Phomopsis,train
data/durian/mendeley_pxzvksbwnj/images/train__Leaf_Phomopsis__Leaf_Phomopsis_00346.jpg,Leaf_Phomopsis,train
data/durian/mendeley_pxzvksbwnj/images/train__Leaf_Phomopsis__Leaf_Phomopsis_00348.jpg,Leaf_Phomopsis,train
data/durian/mendeley_pxzvksbwnj/images/train__Leaf_Phomopsis__Leaf_Phomopsis_00351.jpg,Leaf_Phomopsis,train
data/durian/mendeley_pxzvksbwnj/images/train__Leaf_Phomopsis__Leaf_Phomopsis_00352.jpg,Leaf_Phomopsis,train
data/durian/mendeley_pxzvksbwnj/images/train__Leaf_Phomopsis__Leaf_Phomopsis_00353.jpg,Leaf_Phomopsis,train
data/durian/mendeley_pxzvksbwnj/images/train__Leaf_Phomopsis__Leaf_Phomopsis_00355.jpg,Leaf_Phomopsis,train
data/durian/mendeley_pxzvksbwnj/images/train__Leaf_Phomopsis__Leaf_Phomopsis_00356.jpg,Leaf_Phomopsis,train
data/durian/mendeley_pxzvksbwnj/images/train__Leaf_Phomopsis__Leaf_Phomopsis_00357.jpg,Leaf_Phomopsis,train
data/durian/mendeley_pxzvksbwnj/images/train__Leaf_Phomopsis__Leaf_Phomopsis_00359.jpg,Leaf_Phomopsis,train
data/durian/mendeley_pxzvksbwnj/images/train__Leaf_Phomopsis__Leaf_Phomopsis_00361.jpg,Leaf_Phomopsis,train
data/durian/mendeley_pxzvksbwnj/images/train__Leaf_Phomopsis__Leaf_Phomopsis_00362.jpg,Leaf_Phomopsis,train
data/durian/mendeley_pxzvksbwnj/images/train__Leaf_Phomopsis__Leaf_Phomopsis_00363.jpg,Leaf_Phomopsis,train
data/durian/mendeley_pxzvksbwnj/images/train__Leaf_Phomopsis__Leaf_Phomopsis_00364.jpg,Leaf_Phomopsis,train
data/durian/mendeley_pxzvksbwnj/images/train__Leaf_Phomopsis__Leaf_Phomopsis_00366.jpg,Leaf_Phomopsis,train
data/durian/mendeley_pxzvksbwnj/images/train__Leaf_Phomopsis__Leaf_Phomopsis_00368.jpg,Leaf_Phomopsis,train
data/durian/mendeley_pxzvksbwnj/images/train__Leaf_Phomopsis__Leaf_Phomopsis_00369.jpg,Leaf_Phomopsis,train
data/durian/mendeley_pxzvksbwnj/images/train__Leaf_Phomopsis__Leaf_Phomopsis_00370.jpg,Leaf_Phomopsis,train
data/durian/mendeley_pxzvksbwnj/images/train__Leaf_Phomopsis__Leaf_Phomopsis_00372.jpg,Leaf_Phomopsis,train
data/durian/mendeley_pxzvksbwnj/images/train__Leaf_Phomopsis__Leaf_Phomopsis_00373.jpg,Leaf_Phomopsis,train
data/durian/mendeley_pxzvksbwnj/images/train__Leaf_Phomopsis__Leaf_Phomopsis_00374.jpg,Leaf_Phomopsis,train
data/durian/mendeley_pxzvksbwnj/images/train__Leaf_Phomopsis__Leaf_Phomopsis_00375.jpg,Leaf_Phomopsis,train
data/durian/mendeley_pxzvksbwnj/images/train__Leaf_Phomopsis__Leaf_Phomopsis_00376.jpg,Leaf_Phomopsis,train
data/durian/mendeley_pxzvksbwnj/images/train__Leaf_Phomopsis__Leaf_Phomopsis_00379.jpg,Leaf_Phomopsis,train
data/durian/mendeley_pxzvksbwnj/images/train__Leaf_Phomopsis__Leaf_Phomopsis_00381.jpg,Leaf_Phomopsis,train
data/durian/mendeley_pxzvksbwnj/images/train__Leaf_Phomopsis__Leaf_Phomopsis_00382.jpg,Leaf_Phomopsis,train
data/durian/mendeley_pxzvksbwnj/images/train__Leaf_Phomopsis__Leaf_Phomopsis_00385.jpg,Leaf_Phomopsis,train
data/durian/mendeley_pxzvksbwnj/images/train__Leaf_Phomopsis__Leaf_Phomopsis_00386.jpg,Leaf_Phomopsis,train
data/durian/mendeley_pxzvksbwnj/images/train__Leaf_Phomopsis__Leaf_Phomopsis_00388.jpg,Leaf_Phomopsis,train
data/durian/mendeley_pxzvksbwnj/images/train__Leaf_Phomopsis__Leaf_Phomopsis_00389.jpg,Leaf_Phomopsis,train
data/durian/mendeley_pxzvksbwnj/images/train__Leaf_Phomopsis__Leaf_Phomopsis_00390.jpg,Leaf_Phomopsis,train
data/durian/mendeley_pxzvksbwnj/images/train__Leaf_Phomopsis__Leaf_Phomopsis_00392.jpg,Leaf_Phomopsis,train
data/durian/mendeley_pxzvksbwnj/images/train__Leaf_Phomopsis__Leaf_Phomopsis_00394.jpg,Leaf_Phomopsis,train
data/durian/mendeley_pxzvksbwnj/images/train__Leaf_Phomopsis__Leaf_Phomopsis_00397.jpg,Leaf_Phomopsis,train
data/durian/mendeley_pxzvksbwnj/images/train__Leaf_Phomopsis__Leaf_Phomopsis_00398.jpg,Leaf_Phomopsis,train
data/durian/mendeley_pxzvksbwnj/images/train__Leaf_Phomopsis__Leaf_Phomopsis_00401.jpg,Leaf_Phomopsis,train
data/durian/mendeley_pxzvksbwnj/images/train__Leaf_Phomopsis__Leaf_Phomopsis_00403.jpg,Leaf_Phomopsis,train
data/durian/mendeley_pxzvksbwnj/images/train__Leaf_Phomopsis__Leaf_Phomopsis_00405.jpg,Leaf_Phomopsis,train
data/durian/mendeley_pxzvksbwnj/images/train__Leaf_Phomopsis__Leaf_Phomopsis_00407.jpg,Leaf_Phomopsis,train
data/durian/mendeley_pxzvksbwnj/images/train__Leaf_Phomopsis__Leaf_Phomopsis_00409.jpg,Leaf_Phomopsis,train
data/durian/mendeley_pxzvksbwnj/images/train__Leaf_Phomopsis__Leaf_Phomopsis_00410.jpg,Leaf_Phomopsis,train
data/durian/mendeley_pxzvksbwnj/images/train__Leaf_Phomopsis__Leaf_Phomopsis_00411.jpg,Leaf_Phomopsis,train
data/durian/mendeley_pxzvksbwnj/images/train__Leaf_Rhizoctonia__Leaf_Rhizoctonia_00001.jpg,Leaf_Rhizoctonia,train
data/durian/mendeley_pxzvksbwnj/images/train__Leaf_Rhizoctonia__Leaf_Rhizoctonia_00002.jpg,Leaf_Rhizoctonia,train
data/durian/mendeley_pxzvksbwnj/images/train__Leaf_Rhizoctonia__Leaf_Rhizoctonia_00003.jpg,Leaf_Rhizoctonia,train
data/durian/mendeley_pxzvksbwnj/images/train__Leaf_Rhizoctonia__Leaf_Rhizoctonia_00005.jpg,Leaf_Rhizoctonia,train
data/durian/mendeley_pxzvksbwnj/images/train__Leaf_Rhizoctonia__Leaf_Rhizoctonia_00006.jpg,Leaf_Rhizoctonia,train
data/durian/mendeley_pxzvksbwnj/images/train__Leaf_Rhizoctonia__Leaf_Rhizoctonia_00007.jpg,Leaf_Rhizoctonia,train
data/durian/mendeley_pxzvksbwnj/images/train__Leaf_Rhizoctonia__Leaf_Rhizoctonia_00008.jpg,Leaf_Rhizoctonia,train
data/durian/mendeley_pxzvksbwnj/images/train__Leaf_Rhizoctonia__Leaf_Rhizoctonia_00009.jpg,Leaf_Rhizoctonia,train
data/durian/mendeley_pxzvksbwnj/images/train__Leaf_Rhizoctonia__Leaf_Rhizoctonia_00010.jpg,Leaf_Rhizoctonia,train
data/durian/mendeley_pxzvksbwnj/images/train__Leaf_Rhizoctonia__Leaf_Rhizoctonia_00011.jpg,Leaf_Rhizoctonia,train
data/durian/mendeley_pxzvksbwnj/images/train__Leaf_Rhizoctonia__Leaf_Rhizoctonia_00012.jpg,Leaf_Rhizoctonia,train
data/durian/mendeley_pxzvksbwnj/images/train__Leaf_Rhizoctonia__Leaf_Rhizoctonia_00015.jpg,Leaf_Rhizoctonia,train
data/durian/mendeley_pxzvksbwnj/images/train__Leaf_Rhizoctonia__Leaf_Rhizoctonia_00018.jpg,Leaf_Rhizoctonia,train
data/durian/mendeley_pxzvksbwnj/images/train__Leaf_Rhizoctonia__Leaf_Rhizoctonia_00019.jpg,Leaf_Rhizoctonia,train
data/durian/mendeley_pxzvksbwnj/images/train__Leaf_Rhizoctonia__Leaf_Rhizoctonia_00020.jpg,Leaf_Rhizoctonia,train
data/durian/mendeley_pxzvksbwnj/images/train__Leaf_Rhizoctonia__Leaf_Rhizoctonia_00021.jpg,Leaf_Rhizoctonia,train
data/durian/mendeley_pxzvksbwnj/images/train__Leaf_Rhizoctonia__Leaf_Rhizoctonia_00022.jpg,Leaf_Rhizoctonia,train
data/durian/mendeley_pxzvksbwnj/images/train__Leaf_Rhizoctonia__Leaf_Rhizoctonia_00025.jpg,Leaf_Rhizoctonia,train
data/durian/mendeley_pxzvksbwnj/images/train__Leaf_Rhizoctonia__Leaf_Rhizoctonia_00026.jpg,Leaf_Rhizoctonia,train
data/durian/mendeley_pxzvksbwnj/images/train__Leaf_Rhizoctonia__Leaf_Rhizoctonia_00027.jpg,Leaf_Rhizoctonia,train
data/durian/mendeley_pxzvksbwnj/images/train__Leaf_Rhizoctonia__Leaf_Rhizoctonia_00028.jpg,Leaf_Rhizoctonia,train
data/durian/mendeley_pxzvksbwnj/images/train__Leaf_Rhizoctonia__Leaf_Rhizoctonia_00030.jpg,Leaf_Rhizoctonia,train
data/durian/mendeley_pxzvksbwnj/images/train__Leaf_Rhizoctonia__Leaf_Rhizoctonia_00031.jpg,Leaf_Rhizoctonia,train
data/durian/mendeley_pxzvksbwnj/images/train__Leaf_Rhizoctonia__Leaf_Rhizoctonia_00032.jpg,Leaf_Rhizoctonia,train
data/durian/mendeley_pxzvksbwnj/images/train__Leaf_Rhizoctonia__Leaf_Rhizoctonia_00033.jpg,Leaf_Rhizoctonia,train
data/durian/mendeley_pxzvksbwnj/images/train__Leaf_Rhizoctonia__Leaf_Rhizoctonia_00035.jpg,Leaf_Rhizoctonia,train
data/durian/mendeley_pxzvksbwnj/images/train__Leaf_Rhizoctonia__Leaf_Rhizoctonia_00038.jpg,Leaf_Rhizoctonia,train
data/durian/mendeley_pxzvksbwnj/images/train__Leaf_Rhizoctonia__Leaf_Rhizoctonia_00039.jpg,Leaf_Rhizoctonia,train
data/durian/mendeley_pxzvksbwnj/images/train__Leaf_Rhizoctonia__Leaf_Rhizoctonia_00040.jpg,Leaf_Rhizoctonia,train
data/durian/mendeley_pxzvksbwnj/images/train__Leaf_Rhizoctonia__Leaf_Rhizoctonia_00042.jpg,Leaf_Rhizoctonia,train
data/durian/mendeley_pxzvksbwnj/images/train__Leaf_Rhizoctonia__Leaf_Rhizoctonia_00043.jpg,Leaf_Rhizoctonia,train
data/durian/mendeley_pxzvksbwnj/images/train__Leaf_Rhizoctonia__Leaf_Rhizoctonia_00044.jpg,Leaf_Rhizoctonia,train
data/durian/mendeley_pxzvksbwnj/images/train__Leaf_Rhizoctonia__Leaf_Rhizoctonia_00046.jpg,Leaf_Rhizoctonia,train
data/durian/mendeley_pxzvksbwnj/images/train__Leaf_Rhizoctonia__Leaf_Rhizoctonia_00047.jpg,Leaf_Rhizoctonia,train
data/durian/mendeley_pxzvksbwnj/images/train__Leaf_Rhizoctonia__Leaf_Rhizoctonia_00049.jpg,Leaf_Rhizoctonia,train
data/durian/mendeley_pxzvksbwnj/images/train__Leaf_Rhizoctonia__Leaf_Rhizoctonia_00051.jpg,Leaf_Rhizoctonia,train
data/durian/mendeley_pxzvksbwnj/images/train__Leaf_Rhizoctonia__Leaf_Rhizoctonia_00054.jpg,Leaf_Rhizoctonia,train
data/durian/mendeley_pxzvksbwnj/images/train__Leaf_Rhizoctonia__Leaf_Rhizoctonia_00055.jpg,Leaf_Rhizoctonia,train
data/durian/mendeley_pxzvksbwnj/images/train__Leaf_Rhizoctonia__Leaf_Rhizoctonia_00056.jpg,Leaf_Rhizoctonia,train
data/durian/mendeley_pxzvksbwnj/images/train__Leaf_Rhizoctonia__Leaf_Rhizoctonia_00057.jpg,Leaf_Rhizoctonia,train
data/durian/mendeley_pxzvksbwnj/images/train__Leaf_Rhizoctonia__Leaf_Rhizoctonia_00059.jpg,Leaf_Rhizoctonia,train
data/durian/mendeley_pxzvksbwnj/images/train__Leaf_Rhizoctonia__Leaf_Rhizoctonia_00060.jpg,Leaf_Rhizoctonia,train
data/durian/mendeley_pxzvksbwnj/images/train__Leaf_Rhizoctonia__Leaf_Rhizoctonia_00061.jpg,Leaf_Rhizoctonia,train
data/durian/mendeley_pxzvksbwnj/images/train__Leaf_Rhizoctonia__Leaf_Rhizoctonia_00062.jpg,Leaf_Rhizoctonia,train
data/durian/mendeley_pxzvksbwnj/images/train__Leaf_Rhizoctonia__Leaf_Rhizoctonia_00063.jpg,Leaf_Rhizoctonia,train
data/durian/mendeley_pxzvksbwnj/images/train__Leaf_Rhizoctonia__Leaf_Rhizoctonia_00065.jpg,Leaf_Rhizoctonia,train
data/durian/mendeley_pxzvksbwnj/images/train__Leaf_Rhizoctonia__Leaf_Rhizoctonia_00066.jpg,Leaf_Rhizoctonia,train
data/durian/mendeley_pxzvksbwnj/images/train__Leaf_Rhizoctonia__Leaf_Rhizoctonia_00067.jpg,Leaf_Rhizoctonia,train
data/durian/mendeley_pxzvksbwnj/images/train__Leaf_Rhizoctonia__Leaf_Rhizoctonia_00068.jpg,Leaf_Rhizoctonia,train
data/durian/mendeley_pxzvksbwnj/images/train__Leaf_Rhizoctonia__Leaf_Rhizoctonia_00069.jpg,Leaf_Rhizoctonia,train
data/durian/mendeley_pxzvksbwnj/images/train__Leaf_Rhizoctonia__Leaf_Rhizoctonia_00070.jpg,Leaf_Rhizoctonia,train
data/durian/mendeley_pxzvksbwnj/images/train__Leaf_Rhizoctonia__Leaf_Rhizoctonia_00073.jpg,Leaf_Rhizoctonia,train
data/durian/mendeley_pxzvksbwnj/images/train__Leaf_Rhizoctonia__Leaf_Rhizoctonia_00075.jpg,Leaf_Rhizoctonia,train
data/durian/mendeley_pxzvksbwnj/images/train__Leaf_Rhizoctonia__Leaf_Rhizoctonia_00076.jpg,Leaf_Rhizoctonia,train
data/durian/mendeley_pxzvksbwnj/images/train__Leaf_Rhizoctonia__Leaf_Rhizoctonia_00077.jpg,Leaf_Rhizoctonia,train
data/durian/mendeley_pxzvksbwnj/images/train__Leaf_Rhizoctonia__Leaf_Rhizoctonia_00078.jpg,Leaf_Rhizoctonia,train
data/durian/mendeley_pxzvksbwnj/images/train__Leaf_Rhizoctonia__Leaf_Rhizoctonia_00079.jpg,Leaf_Rhizoctonia,train
data/durian/mendeley_pxzvksbwnj/images/train__Leaf_Rhizoctonia__Leaf_Rhizoctonia_00081.jpg,Leaf_Rhizoctonia,train
data/durian/mendeley_pxzvksbwnj/images/train__Leaf_Rhizoctonia__Leaf_Rhizoctonia_00083.jpg,Leaf_Rhizoctonia,train
data/durian/mendeley_pxzvksbwnj/images/train__Leaf_Rhizoctonia__Leaf_Rhizoctonia_00085.jpg,Leaf_Rhizoctonia,train
data/durian/mendeley_pxzvksbwnj/images/train__Leaf_Rhizoctonia__Leaf_Rhizoctonia_00086.jpg,Leaf_Rhizoctonia,train
data/durian/mendeley_pxzvksbwnj/images/train__Leaf_Rhizoctonia__Leaf_Rhizoctonia_00087.jpg,Leaf_Rhizoctonia,train
data/durian/mendeley_pxzvksbwnj/images/train__Leaf_Rhizoctonia__Leaf_Rhizoctonia_00089.jpg,Leaf_Rhizoctonia,train
data/durian/mendeley_pxzvksbwnj/images/train__Leaf_Rhizoctonia__Leaf_Rhizoctonia_00090.jpg,Leaf_Rhizoctonia,train
data/durian/mendeley_pxzvksbwnj/images/train__Leaf_Rhizoctonia__Leaf_Rhizoctonia_00091.jpg,Leaf_Rhizoctonia,train
data/durian/mendeley_pxzvksbwnj/images/train__Leaf_Rhizoctonia__Leaf_Rhizoctonia_00092.jpg,Leaf_Rhizoctonia,train
data/durian/mendeley_pxzvksbwnj/images/train__Leaf_Rhizoctonia__Leaf_Rhizoctonia_00093.jpg,Leaf_Rhizoctonia,train
data/durian/mendeley_pxzvksbwnj/images/train__Leaf_Rhizoctonia__Leaf_Rhizoctonia_00094.jpg,Leaf_Rhizoctonia,train
data/durian/mendeley_pxzvksbwnj/images/train__Leaf_Rhizoctonia__Leaf_Rhizoctonia_00095.jpg,Leaf_Rhizoctonia,train
data/durian/mendeley_pxzvksbwnj/images/train__Leaf_Rhizoctonia__Leaf_Rhizoctonia_00096.jpg,Leaf_Rhizoctonia,train
data/durian/mendeley_pxzvksbwnj/images/train__Leaf_Rhizoctonia__Leaf_Rhizoctonia_00097.jpg,Leaf_Rhizoctonia,train
data/durian/mendeley_pxzvksbwnj/images/train__Leaf_Rhizoctonia__Leaf_Rhizoctonia_00098.jpg,Leaf_Rhizoctonia,train
data/durian/mendeley_pxzvksbwnj/images/train__Leaf_Rhizoctonia__Leaf_Rhizoctonia_00100.jpg,Leaf_Rhizoctonia,train
data/durian/mendeley_pxzvksbwnj/images/train__Leaf_Rhizoctonia__Leaf_Rhizoctonia_00101.jpg,Leaf_Rhizoctonia,train
data/durian/mendeley_pxzvksbwnj/images/train__Leaf_Rhizoctonia__Leaf_Rhizoctonia_00103.jpg,Leaf_Rhizoctonia,train
data/durian/mendeley_pxzvksbwnj/images/train__Leaf_Rhizoctonia__Leaf_Rhizoctonia_00104.jpg,Leaf_Rhizoctonia,train
data/durian/mendeley_pxzvksbwnj/images/train__Leaf_Rhizoctonia__Leaf_Rhizoctonia_00105.jpg,Leaf_Rhizoctonia,train
data/durian/mendeley_pxzvksbwnj/images/train__Leaf_Rhizoctonia__Leaf_Rhizoctonia_00106.jpg,Leaf_Rhizoctonia,train
data/durian/mendeley_pxzvksbwnj/images/train__Leaf_Rhizoctonia__Leaf_Rhizoctonia_00107.jpg,Leaf_Rhizoctonia,train
data/durian/mendeley_pxzvksbwnj/images/train__Leaf_Rhizoctonia__Leaf_Rhizoctonia_00110.jpg,Leaf_Rhizoctonia,train
data/durian/mendeley_pxzvksbwnj/images/train__Leaf_Rhizoctonia__Leaf_Rhizoctonia_00114.jpg,Leaf_Rhizoctonia,train
data/durian/mendeley_pxzvksbwnj/images/train__Leaf_Rhizoctonia__Leaf_Rhizoctonia_00116.jpg,Leaf_Rhizoctonia,train
data/durian/mendeley_pxzvksbwnj/images/train__Leaf_Rhizoctonia__Leaf_Rhizoctonia_00119.jpg,Leaf_Rhizoctonia,train
data/durian/mendeley_pxzvksbwnj/images/train__Leaf_Rhizoctonia__Leaf_Rhizoctonia_00121.jpg,Leaf_Rhizoctonia,train
data/durian/mendeley_pxzvksbwnj/images/train__Leaf_Rhizoctonia__Leaf_Rhizoctonia_00122.jpg,Leaf_Rhizoctonia,train
data/durian/mendeley_pxzvksbwnj/images/train__Leaf_Rhizoctonia__Leaf_Rhizoctonia_00123.jpg,Leaf_Rhizoctonia,train
data/durian/mendeley_pxzvksbwnj/images/train__Leaf_Rhizoctonia__Leaf_Rhizoctonia_00124.jpg,Leaf_Rhizoctonia,train
data/durian/mendeley_pxzvksbwnj/images/train__Leaf_Rhizoctonia__Leaf_Rhizoctonia_00125.jpg,Leaf_Rhizoctonia,train
data/durian/mendeley_pxzvksbwnj/images/train__Leaf_Rhizoctonia__Leaf_Rhizoctonia_00128.jpg,Leaf_Rhizoctonia,train
data/durian/mendeley_pxzvksbwnj/images/train__Leaf_Rhizoctonia__Leaf_Rhizoctonia_00129.jpg,Leaf_Rhizoctonia,train
data/durian/mendeley_pxzvksbwnj/images/train__Leaf_Rhizoctonia__Leaf_Rhizoctonia_00130.jpg,Leaf_Rhizoctonia,train
data/durian/mendeley_pxzvksbwnj/images/train__Leaf_Rhizoctonia__Leaf_Rhizoctonia_00131.jpg,Leaf_Rhizoctonia,train
data/durian/mendeley_pxzvksbwnj/images/train__Leaf_Rhizoctonia__Leaf_Rhizoctonia_00132.jpg,Leaf_Rhizoctonia,train
data/durian/mendeley_pxzvksbwnj/images/train__Leaf_Rhizoctonia__Leaf_Rhizoctonia_00133.jpg,Leaf_Rhizoctonia,train
data/durian/mendeley_pxzvksbwnj/images/train__Leaf_Rhizoctonia__Leaf_Rhizoctonia_00134.jpg,Leaf_Rhizoctonia,train
data/durian/mendeley_pxzvksbwnj/images/train__Leaf_Rhizoctonia__Leaf_Rhizoctonia_00140.jpg,Leaf_Rhizoctonia,train
data/durian/mendeley_pxzvksbwnj/images/train__Leaf_Rhizoctonia__Leaf_Rhizoctonia_00142.jpg,Leaf_Rhizoctonia,train
data/durian/mendeley_pxzvksbwnj/images/train__Leaf_Rhizoctonia__Leaf_Rhizoctonia_00144.jpg,Leaf_Rhizoctonia,train
data/durian/mendeley_pxzvksbwnj/images/train__Leaf_Rhizoctonia__Leaf_Rhizoctonia_00145.jpg,Leaf_Rhizoctonia,train
data/durian/mendeley_pxzvksbwnj/images/train__Leaf_Rhizoctonia__Leaf_Rhizoctonia_00146.jpg,Leaf_Rhizoctonia,train
data/durian/mendeley_pxzvksbwnj/images/train__Leaf_Rhizoctonia__Leaf_Rhizoctonia_00147.jpg,Leaf_Rhizoctonia,train
data/durian/mendeley_pxzvksbwnj/images/train__Leaf_Rhizoctonia__Leaf_Rhizoctonia_00148.jpg,Leaf_Rhizoctonia,train
data/durian/mendeley_pxzvksbwnj/images/train__Leaf_Rhizoctonia__Leaf_Rhizoctonia_00150.jpg,Leaf_Rhizoctonia,train
data/durian/mendeley_pxzvksbwnj/images/train__Leaf_Rhizoctonia__Leaf_Rhizoctonia_00152.jpg,Leaf_Rhizoctonia,train
data/durian/mendeley_pxzvksbwnj/images/train__Leaf_Rhizoctonia__Leaf_Rhizoctonia_00153.jpg,Leaf_Rhizoctonia,train
data/durian/mendeley_pxzvksbwnj/images/train__Leaf_Rhizoctonia__Leaf_Rhizoctonia_00154.jpg,Leaf_Rhizoctonia,train
data/durian/mendeley_pxzvksbwnj/images/train__Leaf_Rhizoctonia__Leaf_Rhizoctonia_00155.jpg,Leaf_Rhizoctonia,train
data/durian/mendeley_pxzvksbwnj/images/train__Leaf_Rhizoctonia__Leaf_Rhizoctonia_00156.jpg,Leaf_Rhizoctonia,train
data/durian/mendeley_pxzvksbwnj/images/train__Leaf_Rhizoctonia__Leaf_Rhizoctonia_00157.jpg,Leaf_Rhizoctonia,train
data/durian/mendeley_pxzvksbwnj/images/train__Leaf_Rhizoctonia__Leaf_Rhizoctonia_00158.jpg,Leaf_Rhizoctonia,train
data/durian/mendeley_pxzvksbwnj/images/train__Leaf_Rhizoctonia__Leaf_Rhizoctonia_00159.jpg,Leaf_Rhizoctonia,train
data/durian/mendeley_pxzvksbwnj/images/train__Leaf_Rhizoctonia__Leaf_Rhizoctonia_00160.jpg,Leaf_Rhizoctonia,train
data/durian/mendeley_pxzvksbwnj/images/train__Leaf_Rhizoctonia__Leaf_Rhizoctonia_00161.jpg,Leaf_Rhizoctonia,train
data/durian/mendeley_pxzvksbwnj/images/train__Leaf_Rhizoctonia__Leaf_Rhizoctonia_00163.jpg,Leaf_Rhizoctonia,train
data/durian/mendeley_pxzvksbwnj/images/train__Leaf_Rhizoctonia__Leaf_Rhizoctonia_00164.jpg,Leaf_Rhizoctonia,train
data/durian/mendeley_pxzvksbwnj/images/train__Leaf_Rhizoctonia__Leaf_Rhizoctonia_00165.jpg,Leaf_Rhizoctonia,train
data/durian/mendeley_pxzvksbwnj/images/train__Leaf_Rhizoctonia__Leaf_Rhizoctonia_00166.jpg,Leaf_Rhizoctonia,train
data/durian/mendeley_pxzvksbwnj/images/train__Leaf_Rhizoctonia__Leaf_Rhizoctonia_00168.jpg,Leaf_Rhizoctonia,train
data/durian/mendeley_pxzvksbwnj/images/train__Leaf_Rhizoctonia__Leaf_Rhizoctonia_00169.jpg,Leaf_Rhizoctonia,train
data/durian/mendeley_pxzvksbwnj/images/train__Leaf_Rhizoctonia__Leaf_Rhizoctonia_00170.jpg,Leaf_Rhizoctonia,train
data/durian/mendeley_pxzvksbwnj/images/train__Leaf_Rhizoctonia__Leaf_Rhizoctonia_00171.jpg,Leaf_Rhizoctonia,train
data/durian/mendeley_pxzvksbwnj/images/train__Leaf_Rhizoctonia__Leaf_Rhizoctonia_00172.jpg,Leaf_Rhizoctonia,train
data/durian/mendeley_pxzvksbwnj/images/train__Leaf_Rhizoctonia__Leaf_Rhizoctonia_00174.jpg,Leaf_Rhizoctonia,train
data/durian/mendeley_pxzvksbwnj/images/train__Leaf_Rhizoctonia__Leaf_Rhizoctonia_00176.jpg,Leaf_Rhizoctonia,train
data/durian/mendeley_pxzvksbwnj/images/train__Leaf_Rhizoctonia__Leaf_Rhizoctonia_00178.jpg,Leaf_Rhizoctonia,train
data/durian/mendeley_pxzvksbwnj/images/train__Leaf_Rhizoctonia__Leaf_Rhizoctonia_00179.jpg,Leaf_Rhizoctonia,train
data/durian/mendeley_pxzvksbwnj/images/train__Leaf_Rhizoctonia__Leaf_Rhizoctonia_00180.jpg,Leaf_Rhizoctonia,train
data/durian/mendeley_pxzvksbwnj/images/train__Leaf_Rhizoctonia__Leaf_Rhizoctonia_00181.jpg,Leaf_Rhizoctonia,train
data/durian/mendeley_pxzvksbwnj/images/train__Leaf_Rhizoctonia__Leaf_Rhizoctonia_00183.jpg,Leaf_Rhizoctonia,train
data/durian/mendeley_pxzvksbwnj/images/train__Leaf_Rhizoctonia__Leaf_Rhizoctonia_00185.jpg,Leaf_Rhizoctonia,train
data/durian/mendeley_pxzvksbwnj/images/train__Leaf_Rhizoctonia__Leaf_Rhizoctonia_00188.jpg,Leaf_Rhizoctonia,train
data/durian/mendeley_pxzvksbwnj/images/train__Leaf_Rhizoctonia__Leaf_Rhizoctonia_00189.jpg,Leaf_Rhizoctonia,train
data/durian/mendeley_pxzvksbwnj/images/train__Leaf_Rhizoctonia__Leaf_Rhizoctonia_00191.jpg,Leaf_Rhizoctonia,train
data/durian/mendeley_pxzvksbwnj/images/train__Leaf_Rhizoctonia__Leaf_Rhizoctonia_00192.jpg,Leaf_Rhizoctonia,train
data/durian/mendeley_pxzvksbwnj/images/train__Leaf_Rhizoctonia__Leaf_Rhizoctonia_00193.jpg,Leaf_Rhizoctonia,train
data/durian/mendeley_pxzvksbwnj/images/train__Leaf_Rhizoctonia__Leaf_Rhizoctonia_00196.jpg,Leaf_Rhizoctonia,train
data/durian/mendeley_pxzvksbwnj/images/train__Leaf_Rhizoctonia__Leaf_Rhizoctonia_00197.jpg,Leaf_Rhizoctonia,train
data/durian/mendeley_pxzvksbwnj/images/train__Leaf_Rhizoctonia__Leaf_Rhizoctonia_00198.jpg,Leaf_Rhizoctonia,train
data/durian/mendeley_pxzvksbwnj/images/train__Leaf_Rhizoctonia__Leaf_Rhizoctonia_00199.jpg,Leaf_Rhizoctonia,train
data/durian/mendeley_pxzvksbwnj/images/train__Leaf_Rhizoctonia__Leaf_Rhizoctonia_00200.jpg,Leaf_Rhizoctonia,train
data/durian/mendeley_pxzvksbwnj/images/train__Leaf_Rhizoctonia__Leaf_Rhizoctonia_00201.jpg,Leaf_Rhizoctonia,train
data/durian/mendeley_pxzvksbwnj/images/train__Leaf_Rhizoctonia__Leaf_Rhizoctonia_00202.jpg,Leaf_Rhizoctonia,train
data/durian/mendeley_pxzvksbwnj/images/train__Leaf_Rhizoctonia__Leaf_Rhizoctonia_00204.jpg,Leaf_Rhizoctonia,train
data/durian/mendeley_pxzvksbwnj/images/train__Leaf_Rhizoctonia__Leaf_Rhizoctonia_00207.jpg,Leaf_Rhizoctonia,train
data/durian/mendeley_pxzvksbwnj/images/train__Leaf_Rhizoctonia__Leaf_Rhizoctonia_00208.jpg,Leaf_Rhizoctonia,train
data/durian/mendeley_pxzvksbwnj/images/train__Leaf_Rhizoctonia__Leaf_Rhizoctonia_00209.jpg,Leaf_Rhizoctonia,train
data/durian/mendeley_pxzvksbwnj/images/train__Leaf_Rhizoctonia__Leaf_Rhizoctonia_00210.jpg,Leaf_Rhizoctonia,train
data/durian/mendeley_pxzvksbwnj/images/train__Leaf_Rhizoctonia__Leaf_Rhizoctonia_00211.jpg,Leaf_Rhizoctonia,train
data/durian/mendeley_pxzvksbwnj/images/train__Leaf_Rhizoctonia__Leaf_Rhizoctonia_00212.jpg,Leaf_Rhizoctonia,train
data/durian/mendeley_pxzvksbwnj/images/train__Leaf_Rhizoctonia__Leaf_Rhizoctonia_00213.jpg,Leaf_Rhizoctonia,train
data/durian/mendeley_pxzvksbwnj/images/train__Leaf_Rhizoctonia__Leaf_Rhizoctonia_00214.jpg,Leaf_Rhizoctonia,train
data/durian/mendeley_pxzvksbwnj/images/train__Leaf_Rhizoctonia__Leaf_Rhizoctonia_00216.jpg,Leaf_Rhizoctonia,train
data/durian/mendeley_pxzvksbwnj/images/train__Leaf_Rhizoctonia__Leaf_Rhizoctonia_00218.jpg,Leaf_Rhizoctonia,train
data/durian/mendeley_pxzvksbwnj/images/train__Leaf_Rhizoctonia__Leaf_Rhizoctonia_00219.jpg,Leaf_Rhizoctonia,train
data/durian/mendeley_pxzvksbwnj/images/train__Leaf_Rhizoctonia__Leaf_Rhizoctonia_00221.jpg,Leaf_Rhizoctonia,train
data/durian/mendeley_pxzvksbwnj/images/train__Leaf_Rhizoctonia__Leaf_Rhizoctonia_00222.jpg,Leaf_Rhizoctonia,train
data/durian/mendeley_pxzvksbwnj/images/train__Leaf_Rhizoctonia__Leaf_Rhizoctonia_00223.jpg,Leaf_Rhizoctonia,train
data/durian/mendeley_pxzvksbwnj/images/train__Leaf_Rhizoctonia__Leaf_Rhizoctonia_00224.jpg,Leaf_Rhizoctonia,train
data/durian/mendeley_pxzvksbwnj/images/train__Leaf_Rhizoctonia__Leaf_Rhizoctonia_00225.jpg,Leaf_Rhizoctonia,train
data/durian/mendeley_pxzvksbwnj/images/train__Leaf_Rhizoctonia__Leaf_Rhizoctonia_00226.jpg,Leaf_Rhizoctonia,train
data/durian/mendeley_pxzvksbwnj/images/train__Leaf_Rhizoctonia__Leaf_Rhizoctonia_00227.jpg,Leaf_Rhizoctonia,train
data/durian/mendeley_pxzvksbwnj/images/train__Leaf_Rhizoctonia__Leaf_Rhizoctonia_00228.jpg,Leaf_Rhizoctonia,train
data/durian/mendeley_pxzvksbwnj/images/train__Leaf_Rhizoctonia__Leaf_Rhizoctonia_00229.jpg,Leaf_Rhizoctonia,train
data/durian/mendeley_pxzvksbwnj/images/train__Leaf_Rhizoctonia__Leaf_Rhizoctonia_00231.jpg,Leaf_Rhizoctonia,train
data/durian/mendeley_pxzvksbwnj/images/train__Leaf_Rhizoctonia__Leaf_Rhizoctonia_00232.jpg,Leaf_Rhizoctonia,train
data/durian/mendeley_pxzvksbwnj/images/train__Leaf_Rhizoctonia__Leaf_Rhizoctonia_00234.jpg,Leaf_Rhizoctonia,train
data/durian/mendeley_pxzvksbwnj/images/train__Leaf_Rhizoctonia__Leaf_Rhizoctonia_00238.jpg,Leaf_Rhizoctonia,train
data/durian/mendeley_pxzvksbwnj/images/train__Leaf_Rhizoctonia__Leaf_Rhizoctonia_00239.jpg,Leaf_Rhizoctonia,train
data/durian/mendeley_pxzvksbwnj/images/train__Leaf_Rhizoctonia__Leaf_Rhizoctonia_00240.jpg,Leaf_Rhizoctonia,train
data/durian/mendeley_pxzvksbwnj/images/train__Leaf_Rhizoctonia__Leaf_Rhizoctonia_00241.jpg,Leaf_Rhizoctonia,train
data/durian/mendeley_pxzvksbwnj/images/train__Leaf_Rhizoctonia__Leaf_Rhizoctonia_00242.jpg,Leaf_Rhizoctonia,train
data/durian/mendeley_pxzvksbwnj/images/train__Leaf_Rhizoctonia__Leaf_Rhizoctonia_00243.jpg,Leaf_Rhizoctonia,train
data/durian/mendeley_pxzvksbwnj/images/train__Leaf_Rhizoctonia__Leaf_Rhizoctonia_00244.jpg,Leaf_Rhizoctonia,train
data/durian/mendeley_pxzvksbwnj/images/train__Leaf_Rhizoctonia__Leaf_Rhizoctonia_00245.jpg,Leaf_Rhizoctonia,train
data/durian/mendeley_pxzvksbwnj/images/train__Leaf_Rhizoctonia__Leaf_Rhizoctonia_00246.jpg,Leaf_Rhizoctonia,train
data/durian/mendeley_pxzvksbwnj/images/train__Leaf_Rhizoctonia__Leaf_Rhizoctonia_00247.jpg,Leaf_Rhizoctonia,train
data/durian/mendeley_pxzvksbwnj/images/train__Leaf_Rhizoctonia__Leaf_Rhizoctonia_00248.jpg,Leaf_Rhizoctonia,train
data/durian/mendeley_pxzvksbwnj/images/train__Leaf_Rhizoctonia__Leaf_Rhizoctonia_00249.jpg,Leaf_Rhizoctonia,train
data/durian/mendeley_pxzvksbwnj/images/train__Leaf_Rhizoctonia__Leaf_Rhizoctonia_00250.jpg,Leaf_Rhizoctonia,train
data/durian/mendeley_pxzvksbwnj/images/train__Leaf_Rhizoctonia__Leaf_Rhizoctonia_00251.jpg,Leaf_Rhizoctonia,train
data/durian/mendeley_pxzvksbwnj/images/train__Leaf_Rhizoctonia__Leaf_Rhizoctonia_00252.jpg,Leaf_Rhizoctonia,train
data/durian/mendeley_pxzvksbwnj/images/train__Leaf_Rhizoctonia__Leaf_Rhizoctonia_00254.jpg,Leaf_Rhizoctonia,train
data/durian/mendeley_pxzvksbwnj/images/train__Leaf_Rhizoctonia__Leaf_Rhizoctonia_00255.jpg,Leaf_Rhizoctonia,train
data/durian/mendeley_pxzvksbwnj/images/train__Leaf_Rhizoctonia__Leaf_Rhizoctonia_00257.jpg,Leaf_Rhizoctonia,train
data/durian/mendeley_pxzvksbwnj/images/train__Leaf_Rhizoctonia__Leaf_Rhizoctonia_00258.jpg,Leaf_Rhizoctonia,train
data/durian/mendeley_pxzvksbwnj/images/train__Leaf_Rhizoctonia__Leaf_Rhizoctonia_00260.jpg,Leaf_Rhizoctonia,train
data/durian/mendeley_pxzvksbwnj/images/train__Leaf_Rhizoctonia__Leaf_Rhizoctonia_00262.jpg,Leaf_Rhizoctonia,train
data/durian/mendeley_pxzvksbwnj/images/train__Leaf_Rhizoctonia__Leaf_Rhizoctonia_00263.jpg,Leaf_Rhizoctonia,train
data/durian/mendeley_pxzvksbwnj/images/train__Leaf_Rhizoctonia__Leaf_Rhizoctonia_00264.jpg,Leaf_Rhizoctonia,train
data/durian/mendeley_pxzvksbwnj/images/train__Leaf_Rhizoctonia__Leaf_Rhizoctonia_00265.jpg,Leaf_Rhizoctonia,train
data/durian/mendeley_pxzvksbwnj/images/train__Leaf_Rhizoctonia__Leaf_Rhizoctonia_00266.jpg,Leaf_Rhizoctonia,train
data/durian/mendeley_pxzvksbwnj/images/train__Leaf_Rhizoctonia__Leaf_Rhizoctonia_00267.jpg,Leaf_Rhizoctonia,train
data/durian/mendeley_pxzvksbwnj/images/train__Leaf_Rhizoctonia__Leaf_Rhizoctonia_00268.jpg,Leaf_Rhizoctonia,train
data/durian/mendeley_pxzvksbwnj/images/train__Leaf_Rhizoctonia__Leaf_Rhizoctonia_00269.jpg,Leaf_Rhizoctonia,train
data/durian/mendeley_pxzvksbwnj/images/train__Leaf_Rhizoctonia__Leaf_Rhizoctonia_00270.jpg,Leaf_Rhizoctonia,train
data/durian/mendeley_pxzvksbwnj/images/train__Leaf_Rhizoctonia__Leaf_Rhizoctonia_00271.jpg,Leaf_Rhizoctonia,train
data/durian/mendeley_pxzvksbwnj/images/train__Leaf_Rhizoctonia__Leaf_Rhizoctonia_00272.jpg,Leaf_Rhizoctonia,train
data/durian/mendeley_pxzvksbwnj/images/train__Leaf_Rhizoctonia__Leaf_Rhizoctonia_00273.jpg,Leaf_Rhizoctonia,train
data/durian/mendeley_pxzvksbwnj/images/train__Leaf_Rhizoctonia__Leaf_Rhizoctonia_00277.jpg,Leaf_Rhizoctonia,train
data/durian/mendeley_pxzvksbwnj/images/train__Leaf_Rhizoctonia__Leaf_Rhizoctonia_00278.jpg,Leaf_Rhizoctonia,train
data/durian/mendeley_pxzvksbwnj/images/train__Leaf_Rhizoctonia__Leaf_Rhizoctonia_00279.jpg,Leaf_Rhizoctonia,train
data/durian/mendeley_pxzvksbwnj/images/train__Leaf_Rhizoctonia__Leaf_Rhizoctonia_00281.jpg,Leaf_Rhizoctonia,train
data/durian/mendeley_pxzvksbwnj/images/train__Leaf_Rhizoctonia__Leaf_Rhizoctonia_00282.jpg,Leaf_Rhizoctonia,train
data/durian/mendeley_pxzvksbwnj/images/train__Leaf_Rhizoctonia__Leaf_Rhizoctonia_00284.jpg,Leaf_Rhizoctonia,train
data/durian/mendeley_pxzvksbwnj/images/train__Leaf_Rhizoctonia__Leaf_Rhizoctonia_00285.jpg,Leaf_Rhizoctonia,train
data/durian/mendeley_pxzvksbwnj/images/train__Leaf_Rhizoctonia__Leaf_Rhizoctonia_00287.jpg,Leaf_Rhizoctonia,train
data/durian/mendeley_pxzvksbwnj/images/train__Leaf_Rhizoctonia__Leaf_Rhizoctonia_00289.jpg,Leaf_Rhizoctonia,train
data/durian/mendeley_pxzvksbwnj/images/train__Leaf_Rhizoctonia__Leaf_Rhizoctonia_00290.jpg,Leaf_Rhizoctonia,train
data/durian/mendeley_pxzvksbwnj/images/train__Leaf_Rhizoctonia__Leaf_Rhizoctonia_00292.jpg,Leaf_Rhizoctonia,train
data/durian/mendeley_pxzvksbwnj/images/train__Leaf_Rhizoctonia__Leaf_Rhizoctonia_00293.jpg,Leaf_Rhizoctonia,train
data/durian/mendeley_pxzvksbwnj/images/train__Leaf_Rhizoctonia__Leaf_Rhizoctonia_00294.jpg,Leaf_Rhizoctonia,train
data/durian/mendeley_pxzvksbwnj/images/train__Leaf_Rhizoctonia__Leaf_Rhizoctonia_00295.jpg,Leaf_Rhizoctonia,train
data/durian/mendeley_pxzvksbwnj/images/train__Leaf_Rhizoctonia__Leaf_Rhizoctonia_00297.jpg,Leaf_Rhizoctonia,train
data/durian/mendeley_pxzvksbwnj/images/train__Leaf_Rhizoctonia__Leaf_Rhizoctonia_00299.jpg,Leaf_Rhizoctonia,train
data/durian/mendeley_pxzvksbwnj/images/train__Leaf_Rhizoctonia__Leaf_Rhizoctonia_00300.jpg,Leaf_Rhizoctonia,train
data/durian/mendeley_pxzvksbwnj/images/train__Leaf_Rhizoctonia__Leaf_Rhizoctonia_00301.jpg,Leaf_Rhizoctonia,train
data/durian/mendeley_pxzvksbwnj/images/train__Leaf_Rhizoctonia__Leaf_Rhizoctonia_00304.jpg,Leaf_Rhizoctonia,train
data/durian/mendeley_pxzvksbwnj/images/train__Leaf_Rhizoctonia__Leaf_Rhizoctonia_00305.jpg,Leaf_Rhizoctonia,train
data/durian/mendeley_pxzvksbwnj/images/train__Leaf_Rhizoctonia__Leaf_Rhizoctonia_00306.jpg,Leaf_Rhizoctonia,train
data/durian/mendeley_pxzvksbwnj/images/train__Leaf_Rhizoctonia__Leaf_Rhizoctonia_00308.jpg,Leaf_Rhizoctonia,train
data/durian/mendeley_pxzvksbwnj/images/train__Leaf_Rhizoctonia__Leaf_Rhizoctonia_00311.jpg,Leaf_Rhizoctonia,train
data/durian/mendeley_pxzvksbwnj/images/train__Leaf_Rhizoctonia__Leaf_Rhizoctonia_00313.jpg,Leaf_Rhizoctonia,train
data/durian/mendeley_pxzvksbwnj/images/train__Leaf_Rhizoctonia__Leaf_Rhizoctonia_00314.jpg,Leaf_Rhizoctonia,train
data/durian/mendeley_pxzvksbwnj/images/train__Leaf_Rhizoctonia__Leaf_Rhizoctonia_00315.jpg,Leaf_Rhizoctonia,train
data/durian/mendeley_pxzvksbwnj/images/train__Leaf_Rhizoctonia__Leaf_Rhizoctonia_00316.jpg,Leaf_Rhizoctonia,train
data/durian/mendeley_pxzvksbwnj/images/train__Leaf_Rhizoctonia__Leaf_Rhizoctonia_00318.jpg,Leaf_Rhizoctonia,train
data/durian/mendeley_pxzvksbwnj/images/train__Leaf_Rhizoctonia__Leaf_Rhizoctonia_00319.jpg,Leaf_Rhizoctonia,train
data/durian/mendeley_pxzvksbwnj/images/train__Leaf_Rhizoctonia__Leaf_Rhizoctonia_00320.jpg,Leaf_Rhizoctonia,train
data/durian/mendeley_pxzvksbwnj/images/train__Leaf_Rhizoctonia__Leaf_Rhizoctonia_00321.jpg,Leaf_Rhizoctonia,train
data/durian/mendeley_pxzvksbwnj/images/train__Leaf_Rhizoctonia__Leaf_Rhizoctonia_00323.jpg,Leaf_Rhizoctonia,train
data/durian/mendeley_pxzvksbwnj/images/train__Leaf_Rhizoctonia__Leaf_Rhizoctonia_00324.jpg,Leaf_Rhizoctonia,train
data/durian/mendeley_pxzvksbwnj/images/train__Leaf_Rhizoctonia__Leaf_Rhizoctonia_00325.jpg,Leaf_Rhizoctonia,train
data/durian/mendeley_pxzvksbwnj/images/train__Leaf_Rhizoctonia__Leaf_Rhizoctonia_00327.jpg,Leaf_Rhizoctonia,train
data/durian/mendeley_pxzvksbwnj/images/train__Leaf_Rhizoctonia__Leaf_Rhizoctonia_00329.jpg,Leaf_Rhizoctonia,train
data/durian/mendeley_pxzvksbwnj/images/train__Leaf_Rhizoctonia__Leaf_Rhizoctonia_00330.jpg,Leaf_Rhizoctonia,train
data/durian/mendeley_pxzvksbwnj/images/train__Leaf_Rhizoctonia__Leaf_Rhizoctonia_00331.jpg,Leaf_Rhizoctonia,train
data/durian/mendeley_pxzvksbwnj/images/train__Leaf_Rhizoctonia__Leaf_Rhizoctonia_00332.jpg,Leaf_Rhizoctonia,train
data/durian/mendeley_pxzvksbwnj/images/train__Leaf_Rhizoctonia__Leaf_Rhizoctonia_00334.jpg,Leaf_Rhizoctonia,train
data/durian/mendeley_pxzvksbwnj/images/train__Leaf_Rhizoctonia__Leaf_Rhizoctonia_00335.jpg,Leaf_Rhizoctonia,train
data/durian/mendeley_pxzvksbwnj/images/train__Leaf_Rhizoctonia__Leaf_Rhizoctonia_00337.jpg,Leaf_Rhizoctonia,train
data/durian/mendeley_pxzvksbwnj/images/train__Leaf_Rhizoctonia__Leaf_Rhizoctonia_00339.jpg,Leaf_Rhizoctonia,train
data/durian/mendeley_pxzvksbwnj/images/train__Leaf_Rhizoctonia__Leaf_Rhizoctonia_00340.jpg,Leaf_Rhizoctonia,train
data/durian/mendeley_pxzvksbwnj/images/train__Leaf_Rhizoctonia__Leaf_Rhizoctonia_00342.jpg,Leaf_Rhizoctonia,train
data/durian/mendeley_pxzvksbwnj/images/train__Leaf_Rhizoctonia__Leaf_Rhizoctonia_00343.jpg,Leaf_Rhizoctonia,train
data/durian/mendeley_pxzvksbwnj/images/train__Leaf_Rhizoctonia__Leaf_Rhizoctonia_00344.jpg,Leaf_Rhizoctonia,train
data/durian/mendeley_pxzvksbwnj/images/train__Leaf_Rhizoctonia__Leaf_Rhizoctonia_00345.jpg,Leaf_Rhizoctonia,train
data/durian/mendeley_pxzvksbwnj/images/train__Leaf_Rhizoctonia__Leaf_Rhizoctonia_00346.jpg,Leaf_Rhizoctonia,train
data/durian/mendeley_pxzvksbwnj/images/train__Leaf_Rhizoctonia__Leaf_Rhizoctonia_00348.jpg,Leaf_Rhizoctonia,train
data/durian/mendeley_pxzvksbwnj/images/train__Leaf_Rhizoctonia__Leaf_Rhizoctonia_00349.jpg,Leaf_Rhizoctonia,train
data/durian/mendeley_pxzvksbwnj/images/train__Leaf_Rhizoctonia__Leaf_Rhizoctonia_00350.jpg,Leaf_Rhizoctonia,train
data/durian/mendeley_pxzvksbwnj/images/train__Leaf_Rhizoctonia__Leaf_Rhizoctonia_00351.jpg,Leaf_Rhizoctonia,train
data/durian/mendeley_pxzvksbwnj/images/train__Leaf_Rhizoctonia__Leaf_Rhizoctonia_00353.jpg,Leaf_Rhizoctonia,train
data/durian/mendeley_pxzvksbwnj/images/train__Leaf_Rhizoctonia__Leaf_Rhizoctonia_00354.jpg,Leaf_Rhizoctonia,train
data/durian/mendeley_pxzvksbwnj/images/train__Leaf_Rhizoctonia__Leaf_Rhizoctonia_00355.jpg,Leaf_Rhizoctonia,train
data/durian/mendeley_pxzvksbwnj/images/train__Leaf_Rhizoctonia__Leaf_Rhizoctonia_00356.jpg,Leaf_Rhizoctonia,train
data/durian/mendeley_pxzvksbwnj/images/train__Leaf_Rhizoctonia__Leaf_Rhizoctonia_00357.jpg,Leaf_Rhizoctonia,train
data/durian/mendeley_pxzvksbwnj/images/train__Leaf_Rhizoctonia__Leaf_Rhizoctonia_00359.jpg,Leaf_Rhizoctonia,train
data/durian/mendeley_pxzvksbwnj/images/train__Leaf_Rhizoctonia__Leaf_Rhizoctonia_00362.jpg,Leaf_Rhizoctonia,train
data/durian/mendeley_pxzvksbwnj/images/train__Leaf_Rhizoctonia__Leaf_Rhizoctonia_00363.jpg,Leaf_Rhizoctonia,train
data/durian/mendeley_pxzvksbwnj/images/train__Leaf_Rhizoctonia__Leaf_Rhizoctonia_00366.jpg,Leaf_Rhizoctonia,train
data/durian/mendeley_pxzvksbwnj/images/train__Leaf_Rhizoctonia__Leaf_Rhizoctonia_00368.jpg,Leaf_Rhizoctonia,train
data/durian/mendeley_pxzvksbwnj/images/train__Leaf_Rhizoctonia__Leaf_Rhizoctonia_00369.jpg,Leaf_Rhizoctonia,train
data/durian/mendeley_pxzvksbwnj/images/train__Leaf_Rhizoctonia__Leaf_Rhizoctonia_00370.jpg,Leaf_Rhizoctonia,train
data/durian/mendeley_pxzvksbwnj/images/train__Leaf_Rhizoctonia__Leaf_Rhizoctonia_00371.jpg,Leaf_Rhizoctonia,train
data/durian/mendeley_pxzvksbwnj/images/train__Leaf_Rhizoctonia__Leaf_Rhizoctonia_00373.jpg,Leaf_Rhizoctonia,train
data/durian/mendeley_pxzvksbwnj/images/train__Leaf_Rhizoctonia__Leaf_Rhizoctonia_00374.jpg,Leaf_Rhizoctonia,train
data/durian/mendeley_pxzvksbwnj/images/train__Leaf_Rhizoctonia__Leaf_Rhizoctonia_00375.jpg,Leaf_Rhizoctonia,train
data/durian/mendeley_pxzvksbwnj/images/train__Leaf_Rhizoctonia__Leaf_Rhizoctonia_00376.jpg,Leaf_Rhizoctonia,train
data/durian/mendeley_pxzvksbwnj/images/train__Leaf_Rhizoctonia__Leaf_Rhizoctonia_00377.jpg,Leaf_Rhizoctonia,train
data/durian/mendeley_pxzvksbwnj/images/train__Leaf_Rhizoctonia__Leaf_Rhizoctonia_00379.jpg,Leaf_Rhizoctonia,train
data/durian/mendeley_pxzvksbwnj/images/train__Leaf_Rhizoctonia__Leaf_Rhizoctonia_00381.jpg,Leaf_Rhizoctonia,train
data/durian/mendeley_pxzvksbwnj/images/train__Leaf_Rhizoctonia__Leaf_Rhizoctonia_00384.jpg,Leaf_Rhizoctonia,train
data/durian/mendeley_pxzvksbwnj/images/train__Leaf_Rhizoctonia__Leaf_Rhizoctonia_00385.jpg,Leaf_Rhizoctonia,train
data/durian/mendeley_pxzvksbwnj/images/train__Leaf_Rhizoctonia__Leaf_Rhizoctonia_00392.jpg,Leaf_Rhizoctonia,train
data/durian/mendeley_pxzvksbwnj/images/train__Leaf_Rhizoctonia__Leaf_Rhizoctonia_00394.jpg,Leaf_Rhizoctonia,train
data/durian/mendeley_pxzvksbwnj/images/train__Leaf_Rhizoctonia__Leaf_Rhizoctonia_00396.jpg,Leaf_Rhizoctonia,train
data/durian/mendeley_pxzvksbwnj/images/train__Leaf_Rhizoctonia__Leaf_Rhizoctonia_00397.jpg,Leaf_Rhizoctonia,train
data/durian/mendeley_pxzvksbwnj/images/train__Leaf_Rhizoctonia__Leaf_Rhizoctonia_00398.jpg,Leaf_Rhizoctonia,train
data/durian/mendeley_pxzvksbwnj/images/val__Leaf_Algal__Leaf_Algal_00024.jpg,Leaf_Algal,val
data/durian/mendeley_pxzvksbwnj/images/val__Leaf_Algal__Leaf_Algal_00029.jpg,Leaf_Algal,val
data/durian/mendeley_pxzvksbwnj/images/val__Leaf_Algal__Leaf_Algal_00034.jpg,Leaf_Algal,val
data/durian/mendeley_pxzvksbwnj/images/val__Leaf_Algal__Leaf_Algal_00036.jpg,Leaf_Algal,val
data/durian/mendeley_pxzvksbwnj/images/val__Leaf_Algal__Leaf_Algal_00037.jpg,Leaf_Algal,val
data/durian/mendeley_pxzvksbwnj/images/val__Leaf_Algal__Leaf_Algal_00052.jpg,Leaf_Algal,val
data/durian/mendeley_pxzvksbwnj/images/val__Leaf_Algal__Leaf_Algal_00071.jpg,Leaf_Algal,val
data/durian/mendeley_pxzvksbwnj/images/val__Leaf_Algal__Leaf_Algal_00074.jpg,Leaf_Algal,val
data/durian/mendeley_pxzvksbwnj/images/val__Leaf_Algal__Leaf_Algal_00084.jpg,Leaf_Algal,val
data/durian/mendeley_pxzvksbwnj/images/val__Leaf_Algal__Leaf_Algal_00088.jpg,Leaf_Algal,val
data/durian/mendeley_pxzvksbwnj/images/val__Leaf_Algal__Leaf_Algal_00108.jpg,Leaf_Algal,val
data/durian/mendeley_pxzvksbwnj/images/val__Leaf_Algal__Leaf_Algal_00109.jpg,Leaf_Algal,val
data/durian/mendeley_pxzvksbwnj/images/val__Leaf_Algal__Leaf_Algal_00117.jpg,Leaf_Algal,val
data/durian/mendeley_pxzvksbwnj/images/val__Leaf_Algal__Leaf_Algal_00118.jpg,Leaf_Algal,val
data/durian/mendeley_pxzvksbwnj/images/val__Leaf_Algal__Leaf_Algal_00127.jpg,Leaf_Algal,val
data/durian/mendeley_pxzvksbwnj/images/val__Leaf_Algal__Leaf_Algal_00135.jpg,Leaf_Algal,val
data/durian/mendeley_pxzvksbwnj/images/val__Leaf_Algal__Leaf_Algal_00137.jpg,Leaf_Algal,val
data/durian/mendeley_pxzvksbwnj/images/val__Leaf_Algal__Leaf_Algal_00138.jpg,Leaf_Algal,val
data/durian/mendeley_pxzvksbwnj/images/val__Leaf_Algal__Leaf_Algal_00139.jpg,Leaf_Algal,val
data/durian/mendeley_pxzvksbwnj/images/val__Leaf_Algal__Leaf_Algal_00149.jpg,Leaf_Algal,val
data/durian/mendeley_pxzvksbwnj/images/val__Leaf_Algal__Leaf_Algal_00162.jpg,Leaf_Algal,val
data/durian/mendeley_pxzvksbwnj/images/val__Leaf_Algal__Leaf_Algal_00167.jpg,Leaf_Algal,val
data/durian/mendeley_pxzvksbwnj/images/val__Leaf_Algal__Leaf_Algal_00182.jpg,Leaf_Algal,val
data/durian/mendeley_pxzvksbwnj/images/val__Leaf_Algal__Leaf_Algal_00187.jpg,Leaf_Algal,val
data/durian/mendeley_pxzvksbwnj/images/val__Leaf_Algal__Leaf_Algal_00190.jpg,Leaf_Algal,val
data/durian/mendeley_pxzvksbwnj/images/val__Leaf_Algal__Leaf_Algal_00203.jpg,Leaf_Algal,val
data/durian/mendeley_pxzvksbwnj/images/val__Leaf_Algal__Leaf_Algal_00205.jpg,Leaf_Algal,val
data/durian/mendeley_pxzvksbwnj/images/val__Leaf_Algal__Leaf_Algal_00206.jpg,Leaf_Algal,val
data/durian/mendeley_pxzvksbwnj/images/val__Leaf_Algal__Leaf_Algal_00220.jpg,Leaf_Algal,val
data/durian/mendeley_pxzvksbwnj/images/val__Leaf_Algal__Leaf_Algal_00233.jpg,Leaf_Algal,val
data/durian/mendeley_pxzvksbwnj/images/val__Leaf_Algal__Leaf_Algal_00235.jpg,Leaf_Algal,val
data/durian/mendeley_pxzvksbwnj/images/val__Leaf_Algal__Leaf_Algal_00237.jpg,Leaf_Algal,val
data/durian/mendeley_pxzvksbwnj/images/val__Leaf_Algal__Leaf_Algal_00256.jpg,Leaf_Algal,val
data/durian/mendeley_pxzvksbwnj/images/val__Leaf_Algal__Leaf_Algal_00274.jpg,Leaf_Algal,val
data/durian/mendeley_pxzvksbwnj/images/val__Leaf_Algal__Leaf_Algal_00276.jpg,Leaf_Algal,val
data/durian/mendeley_pxzvksbwnj/images/val__Leaf_Algal__Leaf_Algal_00286.jpg,Leaf_Algal,val
data/durian/mendeley_pxzvksbwnj/images/val__Leaf_Algal__Leaf_Algal_00291.jpg,Leaf_Algal,val
data/durian/mendeley_pxzvksbwnj/images/val__Leaf_Algal__Leaf_Algal_00299.jpg,Leaf_Algal,val
data/durian/mendeley_pxzvksbwnj/images/val__Leaf_Algal__Leaf_Algal_00300.jpg,Leaf_Algal,val
data/durian/mendeley_pxzvksbwnj/images/val__Leaf_Algal__Leaf_Algal_00312.jpg,Leaf_Algal,val
data/durian/mendeley_pxzvksbwnj/images/val__Leaf_Algal__Leaf_Algal_00326.jpg,Leaf_Algal,val
data/durian/mendeley_pxzvksbwnj/images/val__Leaf_Algal__Leaf_Algal_00330.jpg,Leaf_Algal,val
data/durian/mendeley_pxzvksbwnj/images/val__Leaf_Algal__Leaf_Algal_00332.jpg,Leaf_Algal,val
data/durian/mendeley_pxzvksbwnj/images/val__Leaf_Algal__Leaf_Algal_00336.jpg,Leaf_Algal,val
data/durian/mendeley_pxzvksbwnj/images/val__Leaf_Algal__Leaf_Algal_00339.jpg,Leaf_Algal,val
data/durian/mendeley_pxzvksbwnj/images/val__Leaf_Algal__Leaf_Algal_00344.jpg,Leaf_Algal,val
data/durian/mendeley_pxzvksbwnj/images/val__Leaf_Algal__Leaf_Algal_00346.jpg,Leaf_Algal,val
data/durian/mendeley_pxzvksbwnj/images/val__Leaf_Algal__Leaf_Algal_00350.jpg,Leaf_Algal,val
data/durian/mendeley_pxzvksbwnj/images/val__Leaf_Algal__Leaf_Algal_00351.jpg,Leaf_Algal,val
data/durian/mendeley_pxzvksbwnj/images/val__Leaf_Algal__Leaf_Algal_00353.jpg,Leaf_Algal,val
data/durian/mendeley_pxzvksbwnj/images/val__Leaf_Algal__Leaf_Algal_00356.jpg,Leaf_Algal,val
data/durian/mendeley_pxzvksbwnj/images/val__Leaf_Algal__Leaf_Algal_00361.jpg,Leaf_Algal,val
data/durian/mendeley_pxzvksbwnj/images/val__Leaf_Algal__Leaf_Algal_00371.jpg,Leaf_Algal,val
data/durian/mendeley_pxzvksbwnj/images/val__Leaf_Algal__Leaf_Algal_00383.jpg,Leaf_Algal,val
data/durian/mendeley_pxzvksbwnj/images/val__Leaf_Algal__Leaf_Algal_00395.jpg,Leaf_Algal,val
data/durian/mendeley_pxzvksbwnj/images/val__Leaf_Algal__Leaf_Algal_00400.jpg,Leaf_Algal,val
data/durian/mendeley_pxzvksbwnj/images/val__Leaf_Algal__Leaf_Algal_00407.jpg,Leaf_Algal,val
data/durian/mendeley_pxzvksbwnj/images/val__Leaf_Algal__Leaf_Algal_00412.jpg,Leaf_Algal,val
data/durian/mendeley_pxzvksbwnj/images/val__Leaf_Algal__Leaf_Algal_00419.jpg,Leaf_Algal,val
data/durian/mendeley_pxzvksbwnj/images/val__Leaf_Algal__Leaf_Algal_00431.jpg,Leaf_Algal,val
data/durian/mendeley_pxzvksbwnj/images/val__Leaf_Algal__Leaf_Algal_00434.jpg,Leaf_Algal,val
data/durian/mendeley_pxzvksbwnj/images/val__Leaf_Algal__Leaf_Algal_00438.jpg,Leaf_Algal,val
data/durian/mendeley_pxzvksbwnj/images/val__Leaf_Algal__Leaf_Algal_00442.jpg,Leaf_Algal,val
data/durian/mendeley_pxzvksbwnj/images/val__Leaf_Algal__Leaf_Algal_00446.jpg,Leaf_Algal,val
data/durian/mendeley_pxzvksbwnj/images/val__Leaf_Algal__Leaf_Algal_00451.jpg,Leaf_Algal,val
data/durian/mendeley_pxzvksbwnj/images/val__Leaf_Algal__Leaf_Algal_00454.jpg,Leaf_Algal,val
data/durian/mendeley_pxzvksbwnj/images/val__Leaf_Algal__Leaf_Algal_00455.jpg,Leaf_Algal,val
data/durian/mendeley_pxzvksbwnj/images/val__Leaf_Algal__Leaf_Algal_00457.jpg,Leaf_Algal,val
data/durian/mendeley_pxzvksbwnj/images/val__Leaf_Algal__Leaf_Algal_00462.jpg,Leaf_Algal,val
data/durian/mendeley_pxzvksbwnj/images/val__Leaf_Blight__Leaf_Blight_00024.jpg,Leaf_Blight,val
data/durian/mendeley_pxzvksbwnj/images/val__Leaf_Blight__Leaf_Blight_00029.jpg,Leaf_Blight,val
data/durian/mendeley_pxzvksbwnj/images/val__Leaf_Blight__Leaf_Blight_00034.jpg,Leaf_Blight,val
data/durian/mendeley_pxzvksbwnj/images/val__Leaf_Blight__Leaf_Blight_00036.jpg,Leaf_Blight,val
data/durian/mendeley_pxzvksbwnj/images/val__Leaf_Blight__Leaf_Blight_00037.jpg,Leaf_Blight,val
data/durian/mendeley_pxzvksbwnj/images/val__Leaf_Blight__Leaf_Blight_00052.jpg,Leaf_Blight,val
data/durian/mendeley_pxzvksbwnj/images/val__Leaf_Blight__Leaf_Blight_00071.jpg,Leaf_Blight,val
data/durian/mendeley_pxzvksbwnj/images/val__Leaf_Blight__Leaf_Blight_00074.jpg,Leaf_Blight,val
data/durian/mendeley_pxzvksbwnj/images/val__Leaf_Blight__Leaf_Blight_00084.jpg,Leaf_Blight,val
data/durian/mendeley_pxzvksbwnj/images/val__Leaf_Blight__Leaf_Blight_00088.jpg,Leaf_Blight,val
data/durian/mendeley_pxzvksbwnj/images/val__Leaf_Blight__Leaf_Blight_00099.jpg,Leaf_Blight,val
data/durian/mendeley_pxzvksbwnj/images/val__Leaf_Blight__Leaf_Blight_00108.jpg,Leaf_Blight,val
data/durian/mendeley_pxzvksbwnj/images/val__Leaf_Blight__Leaf_Blight_00109.jpg,Leaf_Blight,val
data/durian/mendeley_pxzvksbwnj/images/val__Leaf_Blight__Leaf_Blight_00117.jpg,Leaf_Blight,val
data/durian/mendeley_pxzvksbwnj/images/val__Leaf_Blight__Leaf_Blight_00118.jpg,Leaf_Blight,val
data/durian/mendeley_pxzvksbwnj/images/val__Leaf_Blight__Leaf_Blight_00127.jpg,Leaf_Blight,val
data/durian/mendeley_pxzvksbwnj/images/val__Leaf_Blight__Leaf_Blight_00135.jpg,Leaf_Blight,val
data/durian/mendeley_pxzvksbwnj/images/val__Leaf_Blight__Leaf_Blight_00137.jpg,Leaf_Blight,val
data/durian/mendeley_pxzvksbwnj/images/val__Leaf_Blight__Leaf_Blight_00138.jpg,Leaf_Blight,val
data/durian/mendeley_pxzvksbwnj/images/val__Leaf_Blight__Leaf_Blight_00139.jpg,Leaf_Blight,val
data/durian/mendeley_pxzvksbwnj/images/val__Leaf_Blight__Leaf_Blight_00149.jpg,Leaf_Blight,val
data/durian/mendeley_pxzvksbwnj/images/val__Leaf_Blight__Leaf_Blight_00162.jpg,Leaf_Blight,val
data/durian/mendeley_pxzvksbwnj/images/val__Leaf_Blight__Leaf_Blight_00167.jpg,Leaf_Blight,val
data/durian/mendeley_pxzvksbwnj/images/val__Leaf_Blight__Leaf_Blight_00182.jpg,Leaf_Blight,val
data/durian/mendeley_pxzvksbwnj/images/val__Leaf_Blight__Leaf_Blight_00187.jpg,Leaf_Blight,val
data/durian/mendeley_pxzvksbwnj/images/val__Leaf_Blight__Leaf_Blight_00190.jpg,Leaf_Blight,val
data/durian/mendeley_pxzvksbwnj/images/val__Leaf_Blight__Leaf_Blight_00203.jpg,Leaf_Blight,val
data/durian/mendeley_pxzvksbwnj/images/val__Leaf_Blight__Leaf_Blight_00205.jpg,Leaf_Blight,val
data/durian/mendeley_pxzvksbwnj/images/val__Leaf_Blight__Leaf_Blight_00206.jpg,Leaf_Blight,val
data/durian/mendeley_pxzvksbwnj/images/val__Leaf_Blight__Leaf_Blight_00220.jpg,Leaf_Blight,val
data/durian/mendeley_pxzvksbwnj/images/val__Leaf_Blight__Leaf_Blight_00233.jpg,Leaf_Blight,val
data/durian/mendeley_pxzvksbwnj/images/val__Leaf_Blight__Leaf_Blight_00235.jpg,Leaf_Blight,val
data/durian/mendeley_pxzvksbwnj/images/val__Leaf_Blight__Leaf_Blight_00237.jpg,Leaf_Blight,val
data/durian/mendeley_pxzvksbwnj/images/val__Leaf_Blight__Leaf_Blight_00256.jpg,Leaf_Blight,val
data/durian/mendeley_pxzvksbwnj/images/val__Leaf_Blight__Leaf_Blight_00274.jpg,Leaf_Blight,val
data/durian/mendeley_pxzvksbwnj/images/val__Leaf_Blight__Leaf_Blight_00276.jpg,Leaf_Blight,val
data/durian/mendeley_pxzvksbwnj/images/val__Leaf_Blight__Leaf_Blight_00286.jpg,Leaf_Blight,val
data/durian/mendeley_pxzvksbwnj/images/val__Leaf_Blight__Leaf_Blight_00291.jpg,Leaf_Blight,val
data/durian/mendeley_pxzvksbwnj/images/val__Leaf_Blight__Leaf_Blight_00296.jpg,Leaf_Blight,val
data/durian/mendeley_pxzvksbwnj/images/val__Leaf_Blight__Leaf_Blight_00299.jpg,Leaf_Blight,val
data/durian/mendeley_pxzvksbwnj/images/val__Leaf_Blight__Leaf_Blight_00300.jpg,Leaf_Blight,val
data/durian/mendeley_pxzvksbwnj/images/val__Leaf_Blight__Leaf_Blight_00312.jpg,Leaf_Blight,val
data/durian/mendeley_pxzvksbwnj/images/val__Leaf_Blight__Leaf_Blight_00326.jpg,Leaf_Blight,val
data/durian/mendeley_pxzvksbwnj/images/val__Leaf_Blight__Leaf_Blight_00329.jpg,Leaf_Blight,val
data/durian/mendeley_pxzvksbwnj/images/val__Leaf_Blight__Leaf_Blight_00332.jpg,Leaf_Blight,val
data/durian/mendeley_pxzvksbwnj/images/val__Leaf_Blight__Leaf_Blight_00338.jpg,Leaf_Blight,val
data/durian/mendeley_pxzvksbwnj/images/val__Leaf_Blight__Leaf_Blight_00339.jpg,Leaf_Blight,val
data/durian/mendeley_pxzvksbwnj/images/val__Leaf_Blight__Leaf_Blight_00344.jpg,Leaf_Blight,val
data/durian/mendeley_pxzvksbwnj/images/val__Leaf_Blight__Leaf_Blight_00350.jpg,Leaf_Blight,val
data/durian/mendeley_pxzvksbwnj/images/val__Leaf_Blight__Leaf_Blight_00361.jpg,Leaf_Blight,val
data/durian/mendeley_pxzvksbwnj/images/val__Leaf_Blight__Leaf_Blight_00363.jpg,Leaf_Blight,val
data/durian/mendeley_pxzvksbwnj/images/val__Leaf_Blight__Leaf_Blight_00375.jpg,Leaf_Blight,val
data/durian/mendeley_pxzvksbwnj/images/val__Leaf_Blight__Leaf_Blight_00387.jpg,Leaf_Blight,val
data/durian/mendeley_pxzvksbwnj/images/val__Leaf_Blight__Leaf_Blight_00392.jpg,Leaf_Blight,val
data/durian/mendeley_pxzvksbwnj/images/val__Leaf_Blight__Leaf_Blight_00399.jpg,Leaf_Blight,val
data/durian/mendeley_pxzvksbwnj/images/val__Leaf_Blight__Leaf_Blight_00402.jpg,Leaf_Blight,val
data/durian/mendeley_pxzvksbwnj/images/val__Leaf_Blight__Leaf_Blight_00409.jpg,Leaf_Blight,val
data/durian/mendeley_pxzvksbwnj/images/val__Leaf_Blight__Leaf_Blight_00412.jpg,Leaf_Blight,val
data/durian/mendeley_pxzvksbwnj/images/val__Leaf_Blight__Leaf_Blight_00413.jpg,Leaf_Blight,val
data/durian/mendeley_pxzvksbwnj/images/val__Leaf_Blight__Leaf_Blight_00416.jpg,Leaf_Blight,val
data/durian/mendeley_pxzvksbwnj/images/val__Leaf_Blight__Leaf_Blight_00420.jpg,Leaf_Blight,val
data/durian/mendeley_pxzvksbwnj/images/val__Leaf_Blight__Leaf_Blight_00424.jpg,Leaf_Blight,val
data/durian/mendeley_pxzvksbwnj/images/val__Leaf_Blight__Leaf_Blight_00429.jpg,Leaf_Blight,val
data/durian/mendeley_pxzvksbwnj/images/val__Leaf_Blight__Leaf_Blight_00433.jpg,Leaf_Blight,val
data/durian/mendeley_pxzvksbwnj/images/val__Leaf_Blight__Leaf_Blight_00435.jpg,Leaf_Blight,val
data/durian/mendeley_pxzvksbwnj/images/val__Leaf_Blight__Leaf_Blight_00440.jpg,Leaf_Blight,val
data/durian/mendeley_pxzvksbwnj/images/val__Leaf_Colletotrichum__Leaf_Colletotrichum_00024.jpg,Leaf_Colletotrichum,val
data/durian/mendeley_pxzvksbwnj/images/val__Leaf_Colletotrichum__Leaf_Colletotrichum_00029.jpg,Leaf_Colletotrichum,val
data/durian/mendeley_pxzvksbwnj/images/val__Leaf_Colletotrichum__Leaf_Colletotrichum_00034.jpg,Leaf_Colletotrichum,val
data/durian/mendeley_pxzvksbwnj/images/val__Leaf_Colletotrichum__Leaf_Colletotrichum_00036.jpg,Leaf_Colletotrichum,val
data/durian/mendeley_pxzvksbwnj/images/val__Leaf_Colletotrichum__Leaf_Colletotrichum_00037.jpg,Leaf_Colletotrichum,val
data/durian/mendeley_pxzvksbwnj/images/val__Leaf_Colletotrichum__Leaf_Colletotrichum_00052.jpg,Leaf_Colletotrichum,val
data/durian/mendeley_pxzvksbwnj/images/val__Leaf_Colletotrichum__Leaf_Colletotrichum_00071.jpg,Leaf_Colletotrichum,val
data/durian/mendeley_pxzvksbwnj/images/val__Leaf_Colletotrichum__Leaf_Colletotrichum_00074.jpg,Leaf_Colletotrichum,val
data/durian/mendeley_pxzvksbwnj/images/val__Leaf_Colletotrichum__Leaf_Colletotrichum_00084.jpg,Leaf_Colletotrichum,val
data/durian/mendeley_pxzvksbwnj/images/val__Leaf_Colletotrichum__Leaf_Colletotrichum_00088.jpg,Leaf_Colletotrichum,val
data/durian/mendeley_pxzvksbwnj/images/val__Leaf_Colletotrichum__Leaf_Colletotrichum_00099.jpg,Leaf_Colletotrichum,val
data/durian/mendeley_pxzvksbwnj/images/val__Leaf_Colletotrichum__Leaf_Colletotrichum_00108.jpg,Leaf_Colletotrichum,val
data/durian/mendeley_pxzvksbwnj/images/val__Leaf_Colletotrichum__Leaf_Colletotrichum_00109.jpg,Leaf_Colletotrichum,val
data/durian/mendeley_pxzvksbwnj/images/val__Leaf_Colletotrichum__Leaf_Colletotrichum_00117.jpg,Leaf_Colletotrichum,val
data/durian/mendeley_pxzvksbwnj/images/val__Leaf_Colletotrichum__Leaf_Colletotrichum_00118.jpg,Leaf_Colletotrichum,val
data/durian/mendeley_pxzvksbwnj/images/val__Leaf_Colletotrichum__Leaf_Colletotrichum_00127.jpg,Leaf_Colletotrichum,val
data/durian/mendeley_pxzvksbwnj/images/val__Leaf_Colletotrichum__Leaf_Colletotrichum_00135.jpg,Leaf_Colletotrichum,val
data/durian/mendeley_pxzvksbwnj/images/val__Leaf_Colletotrichum__Leaf_Colletotrichum_00137.jpg,Leaf_Colletotrichum,val
data/durian/mendeley_pxzvksbwnj/images/val__Leaf_Colletotrichum__Leaf_Colletotrichum_00138.jpg,Leaf_Colletotrichum,val
data/durian/mendeley_pxzvksbwnj/images/val__Leaf_Colletotrichum__Leaf_Colletotrichum_00139.jpg,Leaf_Colletotrichum,val
data/durian/mendeley_pxzvksbwnj/images/val__Leaf_Colletotrichum__Leaf_Colletotrichum_00149.jpg,Leaf_Colletotrichum,val
data/durian/mendeley_pxzvksbwnj/images/val__Leaf_Colletotrichum__Leaf_Colletotrichum_00162.jpg,Leaf_Colletotrichum,val
data/durian/mendeley_pxzvksbwnj/images/val__Leaf_Colletotrichum__Leaf_Colletotrichum_00167.jpg,Leaf_Colletotrichum,val
data/durian/mendeley_pxzvksbwnj/images/val__Leaf_Colletotrichum__Leaf_Colletotrichum_00182.jpg,Leaf_Colletotrichum,val
data/durian/mendeley_pxzvksbwnj/images/val__Leaf_Colletotrichum__Leaf_Colletotrichum_00186.jpg,Leaf_Colletotrichum,val
data/durian/mendeley_pxzvksbwnj/images/val__Leaf_Colletotrichum__Leaf_Colletotrichum_00187.jpg,Leaf_Colletotrichum,val
data/durian/mendeley_pxzvksbwnj/images/val__Leaf_Colletotrichum__Leaf_Colletotrichum_00190.jpg,Leaf_Colletotrichum,val
data/durian/mendeley_pxzvksbwnj/images/val__Leaf_Colletotrichum__Leaf_Colletotrichum_00203.jpg,Leaf_Colletotrichum,val
data/durian/mendeley_pxzvksbwnj/images/val__Leaf_Colletotrichum__Leaf_Colletotrichum_00205.jpg,Leaf_Colletotrichum,val
data/durian/mendeley_pxzvksbwnj/images/val__Leaf_Colletotrichum__Leaf_Colletotrichum_00206.jpg,Leaf_Colletotrichum,val
data/durian/mendeley_pxzvksbwnj/images/val__Leaf_Colletotrichum__Leaf_Colletotrichum_00220.jpg,Leaf_Colletotrichum,val
data/durian/mendeley_pxzvksbwnj/images/val__Leaf_Colletotrichum__Leaf_Colletotrichum_00233.jpg,Leaf_Colletotrichum,val
data/durian/mendeley_pxzvksbwnj/images/val__Leaf_Colletotrichum__Leaf_Colletotrichum_00235.jpg,Leaf_Colletotrichum,val
data/durian/mendeley_pxzvksbwnj/images/val__Leaf_Colletotrichum__Leaf_Colletotrichum_00237.jpg,Leaf_Colletotrichum,val
data/durian/mendeley_pxzvksbwnj/images/val__Leaf_Colletotrichum__Leaf_Colletotrichum_00256.jpg,Leaf_Colletotrichum,val
data/durian/mendeley_pxzvksbwnj/images/val__Leaf_Colletotrichum__Leaf_Colletotrichum_00261.jpg,Leaf_Colletotrichum,val
data/durian/mendeley_pxzvksbwnj/images/val__Leaf_Colletotrichum__Leaf_Colletotrichum_00274.jpg,Leaf_Colletotrichum,val
data/durian/mendeley_pxzvksbwnj/images/val__Leaf_Colletotrichum__Leaf_Colletotrichum_00276.jpg,Leaf_Colletotrichum,val
data/durian/mendeley_pxzvksbwnj/images/val__Leaf_Colletotrichum__Leaf_Colletotrichum_00286.jpg,Leaf_Colletotrichum,val
data/durian/mendeley_pxzvksbwnj/images/val__Leaf_Colletotrichum__Leaf_Colletotrichum_00291.jpg,Leaf_Colletotrichum,val
data/durian/mendeley_pxzvksbwnj/images/val__Leaf_Colletotrichum__Leaf_Colletotrichum_00296.jpg,Leaf_Colletotrichum,val
data/durian/mendeley_pxzvksbwnj/images/val__Leaf_Colletotrichum__Leaf_Colletotrichum_00300.jpg,Leaf_Colletotrichum,val
data/durian/mendeley_pxzvksbwnj/images/val__Leaf_Colletotrichum__Leaf_Colletotrichum_00304.jpg,Leaf_Colletotrichum,val
data/durian/mendeley_pxzvksbwnj/images/val__Leaf_Colletotrichum__Leaf_Colletotrichum_00312.jpg,Leaf_Colletotrichum,val
data/durian/mendeley_pxzvksbwnj/images/val__Leaf_Colletotrichum__Leaf_Colletotrichum_00317.jpg,Leaf_Colletotrichum,val
data/durian/mendeley_pxzvksbwnj/images/val__Leaf_Colletotrichum__Leaf_Colletotrichum_00322.jpg,Leaf_Colletotrichum,val
data/durian/mendeley_pxzvksbwnj/images/val__Leaf_Colletotrichum__Leaf_Colletotrichum_00324.jpg,Leaf_Colletotrichum,val
data/durian/mendeley_pxzvksbwnj/images/val__Leaf_Colletotrichum__Leaf_Colletotrichum_00338.jpg,Leaf_Colletotrichum,val
data/durian/mendeley_pxzvksbwnj/images/val__Leaf_Colletotrichum__Leaf_Colletotrichum_00343.jpg,Leaf_Colletotrichum,val
data/durian/mendeley_pxzvksbwnj/images/val__Leaf_Colletotrichum__Leaf_Colletotrichum_00349.jpg,Leaf_Colletotrichum,val
data/durian/mendeley_pxzvksbwnj/images/val__Leaf_Colletotrichum__Leaf_Colletotrichum_00354.jpg,Leaf_Colletotrichum,val
data/durian/mendeley_pxzvksbwnj/images/val__Leaf_Colletotrichum__Leaf_Colletotrichum_00369.jpg,Leaf_Colletotrichum,val
data/durian/mendeley_pxzvksbwnj/images/val__Leaf_Colletotrichum__Leaf_Colletotrichum_00372.jpg,Leaf_Colletotrichum,val
data/durian/mendeley_pxzvksbwnj/images/val__Leaf_Colletotrichum__Leaf_Colletotrichum_00376.jpg,Leaf_Colletotrichum,val
data/durian/mendeley_pxzvksbwnj/images/val__Leaf_Colletotrichum__Leaf_Colletotrichum_00384.jpg,Leaf_Colletotrichum,val
data/durian/mendeley_pxzvksbwnj/images/val__Leaf_Colletotrichum__Leaf_Colletotrichum_00389.jpg,Leaf_Colletotrichum,val
data/durian/mendeley_pxzvksbwnj/images/val__Leaf_Colletotrichum__Leaf_Colletotrichum_00392.jpg,Leaf_Colletotrichum,val
data/durian/mendeley_pxzvksbwnj/images/val__Leaf_Colletotrichum__Leaf_Colletotrichum_00393.jpg,Leaf_Colletotrichum,val
data/durian/mendeley_pxzvksbwnj/images/val__Leaf_Colletotrichum__Leaf_Colletotrichum_00395.jpg,Leaf_Colletotrichum,val
data/durian/mendeley_pxzvksbwnj/images/val__Leaf_Colletotrichum__Leaf_Colletotrichum_00400.jpg,Leaf_Colletotrichum,val
data/durian/mendeley_pxzvksbwnj/images/val__Leaf_Healthy__Leaf_Healthy_00024.jpg,Leaf_Healthy,val
data/durian/mendeley_pxzvksbwnj/images/val__Leaf_Healthy__Leaf_Healthy_00029.jpg,Leaf_Healthy,val
data/durian/mendeley_pxzvksbwnj/images/val__Leaf_Healthy__Leaf_Healthy_00034.jpg,Leaf_Healthy,val
data/durian/mendeley_pxzvksbwnj/images/val__Leaf_Healthy__Leaf_Healthy_00036.jpg,Leaf_Healthy,val
data/durian/mendeley_pxzvksbwnj/images/val__Leaf_Healthy__Leaf_Healthy_00037.jpg,Leaf_Healthy,val
data/durian/mendeley_pxzvksbwnj/images/val__Leaf_Healthy__Leaf_Healthy_00052.jpg,Leaf_Healthy,val
data/durian/mendeley_pxzvksbwnj/images/val__Leaf_Healthy__Leaf_Healthy_00071.jpg,Leaf_Healthy,val
data/durian/mendeley_pxzvksbwnj/images/val__Leaf_Healthy__Leaf_Healthy_00074.jpg,Leaf_Healthy,val
data/durian/mendeley_pxzvksbwnj/images/val__Leaf_Healthy__Leaf_Healthy_00084.jpg,Leaf_Healthy,val
data/durian/mendeley_pxzvksbwnj/images/val__Leaf_Healthy__Leaf_Healthy_00088.jpg,Leaf_Healthy,val
data/durian/mendeley_pxzvksbwnj/images/val__Leaf_Healthy__Leaf_Healthy_00108.jpg,Leaf_Healthy,val
data/durian/mendeley_pxzvksbwnj/images/val__Leaf_Healthy__Leaf_Healthy_00109.jpg,Leaf_Healthy,val
data/durian/mendeley_pxzvksbwnj/images/val__Leaf_Healthy__Leaf_Healthy_00117.jpg,Leaf_Healthy,val
data/durian/mendeley_pxzvksbwnj/images/val__Leaf_Healthy__Leaf_Healthy_00118.jpg,Leaf_Healthy,val
data/durian/mendeley_pxzvksbwnj/images/val__Leaf_Healthy__Leaf_Healthy_00127.jpg,Leaf_Healthy,val
data/durian/mendeley_pxzvksbwnj/images/val__Leaf_Healthy__Leaf_Healthy_00135.jpg,Leaf_Healthy,val
data/durian/mendeley_pxzvksbwnj/images/val__Leaf_Healthy__Leaf_Healthy_00137.jpg,Leaf_Healthy,val
data/durian/mendeley_pxzvksbwnj/images/val__Leaf_Healthy__Leaf_Healthy_00138.jpg,Leaf_Healthy,val
data/durian/mendeley_pxzvksbwnj/images/val__Leaf_Healthy__Leaf_Healthy_00139.jpg,Leaf_Healthy,val
data/durian/mendeley_pxzvksbwnj/images/val__Leaf_Healthy__Leaf_Healthy_00149.jpg,Leaf_Healthy,val
data/durian/mendeley_pxzvksbwnj/images/val__Leaf_Healthy__Leaf_Healthy_00162.jpg,Leaf_Healthy,val
data/durian/mendeley_pxzvksbwnj/images/val__Leaf_Healthy__Leaf_Healthy_00167.jpg,Leaf_Healthy,val
data/durian/mendeley_pxzvksbwnj/images/val__Leaf_Healthy__Leaf_Healthy_00182.jpg,Leaf_Healthy,val
data/durian/mendeley_pxzvksbwnj/images/val__Leaf_Healthy__Leaf_Healthy_00187.jpg,Leaf_Healthy,val
data/durian/mendeley_pxzvksbwnj/images/val__Leaf_Healthy__Leaf_Healthy_00190.jpg,Leaf_Healthy,val
data/durian/mendeley_pxzvksbwnj/images/val__Leaf_Healthy__Leaf_Healthy_00203.jpg,Leaf_Healthy,val
data/durian/mendeley_pxzvksbwnj/images/val__Leaf_Healthy__Leaf_Healthy_00205.jpg,Leaf_Healthy,val
data/durian/mendeley_pxzvksbwnj/images/val__Leaf_Healthy__Leaf_Healthy_00206.jpg,Leaf_Healthy,val
data/durian/mendeley_pxzvksbwnj/images/val__Leaf_Healthy__Leaf_Healthy_00220.jpg,Leaf_Healthy,val
data/durian/mendeley_pxzvksbwnj/images/val__Leaf_Healthy__Leaf_Healthy_00233.jpg,Leaf_Healthy,val
data/durian/mendeley_pxzvksbwnj/images/val__Leaf_Healthy__Leaf_Healthy_00235.jpg,Leaf_Healthy,val
data/durian/mendeley_pxzvksbwnj/images/val__Leaf_Healthy__Leaf_Healthy_00237.jpg,Leaf_Healthy,val
data/durian/mendeley_pxzvksbwnj/images/val__Leaf_Healthy__Leaf_Healthy_00253.jpg,Leaf_Healthy,val
data/durian/mendeley_pxzvksbwnj/images/val__Leaf_Healthy__Leaf_Healthy_00256.jpg,Leaf_Healthy,val
data/durian/mendeley_pxzvksbwnj/images/val__Leaf_Healthy__Leaf_Healthy_00261.jpg,Leaf_Healthy,val
data/durian/mendeley_pxzvksbwnj/images/val__Leaf_Healthy__Leaf_Healthy_00274.jpg,Leaf_Healthy,val
data/durian/mendeley_pxzvksbwnj/images/val__Leaf_Healthy__Leaf_Healthy_00276.jpg,Leaf_Healthy,val
data/durian/mendeley_pxzvksbwnj/images/val__Leaf_Healthy__Leaf_Healthy_00286.jpg,Leaf_Healthy,val
data/durian/mendeley_pxzvksbwnj/images/val__Leaf_Healthy__Leaf_Healthy_00291.jpg,Leaf_Healthy,val
data/durian/mendeley_pxzvksbwnj/images/val__Leaf_Healthy__Leaf_Healthy_00299.jpg,Leaf_Healthy,val
data/durian/mendeley_pxzvksbwnj/images/val__Leaf_Healthy__Leaf_Healthy_00300.jpg,Leaf_Healthy,val
data/durian/mendeley_pxzvksbwnj/images/val__Leaf_Healthy__Leaf_Healthy_00312.jpg,Leaf_Healthy,val
data/durian/mendeley_pxzvksbwnj/images/val__Leaf_Healthy__Leaf_Healthy_00326.jpg,Leaf_Healthy,val
data/durian/mendeley_pxzvksbwnj/images/val__Leaf_Healthy__Leaf_Healthy_00330.jpg,Leaf_Healthy,val
data/durian/mendeley_pxzvksbwnj/images/val__Leaf_Healthy__Leaf_Healthy_00332.jpg,Leaf_Healthy,val
data/durian/mendeley_pxzvksbwnj/images/val__Leaf_Healthy__Leaf_Healthy_00336.jpg,Leaf_Healthy,val
data/durian/mendeley_pxzvksbwnj/images/val__Leaf_Healthy__Leaf_Healthy_00339.jpg,Leaf_Healthy,val
data/durian/mendeley_pxzvksbwnj/images/val__Leaf_Healthy__Leaf_Healthy_00344.jpg,Leaf_Healthy,val
data/durian/mendeley_pxzvksbwnj/images/val__Leaf_Healthy__Leaf_Healthy_00350.jpg,Leaf_Healthy,val
data/durian/mendeley_pxzvksbwnj/images/val__Leaf_Healthy__Leaf_Healthy_00351.jpg,Leaf_Healthy,val
data/durian/mendeley_pxzvksbwnj/images/val__Leaf_Healthy__Leaf_Healthy_00353.jpg,Leaf_Healthy,val
data/durian/mendeley_pxzvksbwnj/images/val__Leaf_Healthy__Leaf_Healthy_00363.jpg,Leaf_Healthy,val
data/durian/mendeley_pxzvksbwnj/images/val__Leaf_Healthy__Leaf_Healthy_00373.jpg,Leaf_Healthy,val
data/durian/mendeley_pxzvksbwnj/images/val__Leaf_Healthy__Leaf_Healthy_00396.jpg,Leaf_Healthy,val
data/durian/mendeley_pxzvksbwnj/images/val__Leaf_Healthy__Leaf_Healthy_00398.jpg,Leaf_Healthy,val
data/durian/mendeley_pxzvksbwnj/images/val__Leaf_Healthy__Leaf_Healthy_00401.jpg,Leaf_Healthy,val
data/durian/mendeley_pxzvksbwnj/images/val__Leaf_Healthy__Leaf_Healthy_00406.jpg,Leaf_Healthy,val
data/durian/mendeley_pxzvksbwnj/images/val__Leaf_Healthy__Leaf_Healthy_00419.jpg,Leaf_Healthy,val
data/durian/mendeley_pxzvksbwnj/images/val__Leaf_Healthy__Leaf_Healthy_00424.jpg,Leaf_Healthy,val
data/durian/mendeley_pxzvksbwnj/images/val__Leaf_Healthy__Leaf_Healthy_00426.jpg,Leaf_Healthy,val
data/durian/mendeley_pxzvksbwnj/images/val__Leaf_Healthy__Leaf_Healthy_00427.jpg,Leaf_Healthy,val
data/durian/mendeley_pxzvksbwnj/images/val__Leaf_Healthy__Leaf_Healthy_00432.jpg,Leaf_Healthy,val
data/durian/mendeley_pxzvksbwnj/images/val__Leaf_Healthy__Leaf_Healthy_00439.jpg,Leaf_Healthy,val
data/durian/mendeley_pxzvksbwnj/images/val__Leaf_Healthy__Leaf_Healthy_00452.jpg,Leaf_Healthy,val
data/durian/mendeley_pxzvksbwnj/images/val__Leaf_Healthy__Leaf_Healthy_00455.jpg,Leaf_Healthy,val
data/durian/mendeley_pxzvksbwnj/images/val__Leaf_Healthy__Leaf_Healthy_00459.jpg,Leaf_Healthy,val
data/durian/mendeley_pxzvksbwnj/images/val__Leaf_Healthy__Leaf_Healthy_00463.jpg,Leaf_Healthy,val
data/durian/mendeley_pxzvksbwnj/images/val__Leaf_Healthy__Leaf_Healthy_00467.jpg,Leaf_Healthy,val
data/durian/mendeley_pxzvksbwnj/images/val__Leaf_Healthy__Leaf_Healthy_00472.jpg,Leaf_Healthy,val
data/durian/mendeley_pxzvksbwnj/images/val__Leaf_Healthy__Leaf_Healthy_00477.jpg,Leaf_Healthy,val
data/durian/mendeley_pxzvksbwnj/images/val__Leaf_Healthy__Leaf_Healthy_00479.jpg,Leaf_Healthy,val
data/durian/mendeley_pxzvksbwnj/images/val__Leaf_Healthy__Leaf_Healthy_00484.jpg,Leaf_Healthy,val
data/durian/mendeley_pxzvksbwnj/images/val__Leaf_Phomopsis__Leaf_Phomopsis_00024.jpg,Leaf_Phomopsis,val
data/durian/mendeley_pxzvksbwnj/images/val__Leaf_Phomopsis__Leaf_Phomopsis_00029.jpg,Leaf_Phomopsis,val
data/durian/mendeley_pxzvksbwnj/images/val__Leaf_Phomopsis__Leaf_Phomopsis_00034.jpg,Leaf_Phomopsis,val
data/durian/mendeley_pxzvksbwnj/images/val__Leaf_Phomopsis__Leaf_Phomopsis_00036.jpg,Leaf_Phomopsis,val
data/durian/mendeley_pxzvksbwnj/images/val__Leaf_Phomopsis__Leaf_Phomopsis_00037.jpg,Leaf_Phomopsis,val
data/durian/mendeley_pxzvksbwnj/images/val__Leaf_Phomopsis__Leaf_Phomopsis_00052.jpg,Leaf_Phomopsis,val
data/durian/mendeley_pxzvksbwnj/images/val__Leaf_Phomopsis__Leaf_Phomopsis_00071.jpg,Leaf_Phomopsis,val
data/durian/mendeley_pxzvksbwnj/images/val__Leaf_Phomopsis__Leaf_Phomopsis_00074.jpg,Leaf_Phomopsis,val
data/durian/mendeley_pxzvksbwnj/images/val__Leaf_Phomopsis__Leaf_Phomopsis_00084.jpg,Leaf_Phomopsis,val
data/durian/mendeley_pxzvksbwnj/images/val__Leaf_Phomopsis__Leaf_Phomopsis_00088.jpg,Leaf_Phomopsis,val
data/durian/mendeley_pxzvksbwnj/images/val__Leaf_Phomopsis__Leaf_Phomopsis_00099.jpg,Leaf_Phomopsis,val
data/durian/mendeley_pxzvksbwnj/images/val__Leaf_Phomopsis__Leaf_Phomopsis_00108.jpg,Leaf_Phomopsis,val
data/durian/mendeley_pxzvksbwnj/images/val__Leaf_Phomopsis__Leaf_Phomopsis_00109.jpg,Leaf_Phomopsis,val
data/durian/mendeley_pxzvksbwnj/images/val__Leaf_Phomopsis__Leaf_Phomopsis_00117.jpg,Leaf_Phomopsis,val
data/durian/mendeley_pxzvksbwnj/images/val__Leaf_Phomopsis__Leaf_Phomopsis_00118.jpg,Leaf_Phomopsis,val
data/durian/mendeley_pxzvksbwnj/images/val__Leaf_Phomopsis__Leaf_Phomopsis_00127.jpg,Leaf_Phomopsis,val
data/durian/mendeley_pxzvksbwnj/images/val__Leaf_Phomopsis__Leaf_Phomopsis_00135.jpg,Leaf_Phomopsis,val
data/durian/mendeley_pxzvksbwnj/images/val__Leaf_Phomopsis__Leaf_Phomopsis_00137.jpg,Leaf_Phomopsis,val
data/durian/mendeley_pxzvksbwnj/images/val__Leaf_Phomopsis__Leaf_Phomopsis_00138.jpg,Leaf_Phomopsis,val
data/durian/mendeley_pxzvksbwnj/images/val__Leaf_Phomopsis__Leaf_Phomopsis_00139.jpg,Leaf_Phomopsis,val
data/durian/mendeley_pxzvksbwnj/images/val__Leaf_Phomopsis__Leaf_Phomopsis_00149.jpg,Leaf_Phomopsis,val
data/durian/mendeley_pxzvksbwnj/images/val__Leaf_Phomopsis__Leaf_Phomopsis_00162.jpg,Leaf_Phomopsis,val
data/durian/mendeley_pxzvksbwnj/images/val__Leaf_Phomopsis__Leaf_Phomopsis_00167.jpg,Leaf_Phomopsis,val
data/durian/mendeley_pxzvksbwnj/images/val__Leaf_Phomopsis__Leaf_Phomopsis_00182.jpg,Leaf_Phomopsis,val
data/durian/mendeley_pxzvksbwnj/images/val__Leaf_Phomopsis__Leaf_Phomopsis_00187.jpg,Leaf_Phomopsis,val
data/durian/mendeley_pxzvksbwnj/images/val__Leaf_Phomopsis__Leaf_Phomopsis_00190.jpg,Leaf_Phomopsis,val
data/durian/mendeley_pxzvksbwnj/images/val__Leaf_Phomopsis__Leaf_Phomopsis_00203.jpg,Leaf_Phomopsis,val
data/durian/mendeley_pxzvksbwnj/images/val__Leaf_Phomopsis__Leaf_Phomopsis_00205.jpg,Leaf_Phomopsis,val
data/durian/mendeley_pxzvksbwnj/images/val__Leaf_Phomopsis__Leaf_Phomopsis_00206.jpg,Leaf_Phomopsis,val
data/durian/mendeley_pxzvksbwnj/images/val__Leaf_Phomopsis__Leaf_Phomopsis_00220.jpg,Leaf_Phomopsis,val
data/durian/mendeley_pxzvksbwnj/images/val__Leaf_Phomopsis__Leaf_Phomopsis_00233.jpg,Leaf_Phomopsis,val
data/durian/mendeley_pxzvksbwnj/images/val__Leaf_Phomopsis__Leaf_Phomopsis_00235.jpg,Leaf_Phomopsis,val
data/durian/mendeley_pxzvksbwnj/images/val__Leaf_Phomopsis__Leaf_Phomopsis_00237.jpg,Leaf_Phomopsis,val
data/durian/mendeley_pxzvksbwnj/images/val__Leaf_Phomopsis__Leaf_Phomopsis_00253.jpg,Leaf_Phomopsis,val
data/durian/mendeley_pxzvksbwnj/images/val__Leaf_Phomopsis__Leaf_Phomopsis_00256.jpg,Leaf_Phomopsis,val
data/durian/mendeley_pxzvksbwnj/images/val__Leaf_Phomopsis__Leaf_Phomopsis_00261.jpg,Leaf_Phomopsis,val
data/durian/mendeley_pxzvksbwnj/images/val__Leaf_Phomopsis__Leaf_Phomopsis_00274.jpg,Leaf_Phomopsis,val
data/durian/mendeley_pxzvksbwnj/images/val__Leaf_Phomopsis__Leaf_Phomopsis_00276.jpg,Leaf_Phomopsis,val
data/durian/mendeley_pxzvksbwnj/images/val__Leaf_Phomopsis__Leaf_Phomopsis_00286.jpg,Leaf_Phomopsis,val
data/durian/mendeley_pxzvksbwnj/images/val__Leaf_Phomopsis__Leaf_Phomopsis_00291.jpg,Leaf_Phomopsis,val
data/durian/mendeley_pxzvksbwnj/images/val__Leaf_Phomopsis__Leaf_Phomopsis_00296.jpg,Leaf_Phomopsis,val
data/durian/mendeley_pxzvksbwnj/images/val__Leaf_Phomopsis__Leaf_Phomopsis_00308.jpg,Leaf_Phomopsis,val
data/durian/mendeley_pxzvksbwnj/images/val__Leaf_Phomopsis__Leaf_Phomopsis_00312.jpg,Leaf_Phomopsis,val
data/durian/mendeley_pxzvksbwnj/images/val__Leaf_Phomopsis__Leaf_Phomopsis_00326.jpg,Leaf_Phomopsis,val
data/durian/mendeley_pxzvksbwnj/images/val__Leaf_Phomopsis__Leaf_Phomopsis_00327.jpg,Leaf_Phomopsis,val
data/durian/mendeley_pxzvksbwnj/images/val__Leaf_Phomopsis__Leaf_Phomopsis_00335.jpg,Leaf_Phomopsis,val
data/durian/mendeley_pxzvksbwnj/images/val__Leaf_Phomopsis__Leaf_Phomopsis_00338.jpg,Leaf_Phomopsis,val
data/durian/mendeley_pxzvksbwnj/images/val__Leaf_Phomopsis__Leaf_Phomopsis_00339.jpg,Leaf_Phomopsis,val
data/durian/mendeley_pxzvksbwnj/images/val__Leaf_Phomopsis__Leaf_Phomopsis_00349.jpg,Leaf_Phomopsis,val
data/durian/mendeley_pxzvksbwnj/images/val__Leaf_Phomopsis__Leaf_Phomopsis_00350.jpg,Leaf_Phomopsis,val
data/durian/mendeley_pxzvksbwnj/images/val__Leaf_Phomopsis__Leaf_Phomopsis_00354.jpg,Leaf_Phomopsis,val
data/durian/mendeley_pxzvksbwnj/images/val__Leaf_Phomopsis__Leaf_Phomopsis_00365.jpg,Leaf_Phomopsis,val
data/durian/mendeley_pxzvksbwnj/images/val__Leaf_Phomopsis__Leaf_Phomopsis_00371.jpg,Leaf_Phomopsis,val
data/durian/mendeley_pxzvksbwnj/images/val__Leaf_Phomopsis__Leaf_Phomopsis_00383.jpg,Leaf_Phomopsis,val
data/durian/mendeley_pxzvksbwnj/images/val__Leaf_Phomopsis__Leaf_Phomopsis_00384.jpg,Leaf_Phomopsis,val
data/durian/mendeley_pxzvksbwnj/images/val__Leaf_Phomopsis__Leaf_Phomopsis_00387.jpg,Leaf_Phomopsis,val
data/durian/mendeley_pxzvksbwnj/images/val__Leaf_Phomopsis__Leaf_Phomopsis_00391.jpg,Leaf_Phomopsis,val
data/durian/mendeley_pxzvksbwnj/images/val__Leaf_Phomopsis__Leaf_Phomopsis_00395.jpg,Leaf_Phomopsis,val
data/durian/mendeley_pxzvksbwnj/images/val__Leaf_Phomopsis__Leaf_Phomopsis_00400.jpg,Leaf_Phomopsis,val
data/durian/mendeley_pxzvksbwnj/images/val__Leaf_Phomopsis__Leaf_Phomopsis_00404.jpg,Leaf_Phomopsis,val
data/durian/mendeley_pxzvksbwnj/images/val__Leaf_Phomopsis__Leaf_Phomopsis_00406.jpg,Leaf_Phomopsis,val
data/durian/mendeley_pxzvksbwnj/images/val__Leaf_Rhizoctonia__Leaf_Rhizoctonia_00024.jpg,Leaf_Rhizoctonia,val
data/durian/mendeley_pxzvksbwnj/images/val__Leaf_Rhizoctonia__Leaf_Rhizoctonia_00029.jpg,Leaf_Rhizoctonia,val
data/durian/mendeley_pxzvksbwnj/images/val__Leaf_Rhizoctonia__Leaf_Rhizoctonia_00034.jpg,Leaf_Rhizoctonia,val
data/durian/mendeley_pxzvksbwnj/images/val__Leaf_Rhizoctonia__Leaf_Rhizoctonia_00036.jpg,Leaf_Rhizoctonia,val
data/durian/mendeley_pxzvksbwnj/images/val__Leaf_Rhizoctonia__Leaf_Rhizoctonia_00037.jpg,Leaf_Rhizoctonia,val
data/durian/mendeley_pxzvksbwnj/images/val__Leaf_Rhizoctonia__Leaf_Rhizoctonia_00052.jpg,Leaf_Rhizoctonia,val
data/durian/mendeley_pxzvksbwnj/images/val__Leaf_Rhizoctonia__Leaf_Rhizoctonia_00071.jpg,Leaf_Rhizoctonia,val
data/durian/mendeley_pxzvksbwnj/images/val__Leaf_Rhizoctonia__Leaf_Rhizoctonia_00074.jpg,Leaf_Rhizoctonia,val
data/durian/mendeley_pxzvksbwnj/images/val__Leaf_Rhizoctonia__Leaf_Rhizoctonia_00084.jpg,Leaf_Rhizoctonia,val
data/durian/mendeley_pxzvksbwnj/images/val__Leaf_Rhizoctonia__Leaf_Rhizoctonia_00088.jpg,Leaf_Rhizoctonia,val
data/durian/mendeley_pxzvksbwnj/images/val__Leaf_Rhizoctonia__Leaf_Rhizoctonia_00099.jpg,Leaf_Rhizoctonia,val
data/durian/mendeley_pxzvksbwnj/images/val__Leaf_Rhizoctonia__Leaf_Rhizoctonia_00108.jpg,Leaf_Rhizoctonia,val
data/durian/mendeley_pxzvksbwnj/images/val__Leaf_Rhizoctonia__Leaf_Rhizoctonia_00109.jpg,Leaf_Rhizoctonia,val
data/durian/mendeley_pxzvksbwnj/images/val__Leaf_Rhizoctonia__Leaf_Rhizoctonia_00117.jpg,Leaf_Rhizoctonia,val
data/durian/mendeley_pxzvksbwnj/images/val__Leaf_Rhizoctonia__Leaf_Rhizoctonia_00118.jpg,Leaf_Rhizoctonia,val
data/durian/mendeley_pxzvksbwnj/images/val__Leaf_Rhizoctonia__Leaf_Rhizoctonia_00127.jpg,Leaf_Rhizoctonia,val
data/durian/mendeley_pxzvksbwnj/images/val__Leaf_Rhizoctonia__Leaf_Rhizoctonia_00135.jpg,Leaf_Rhizoctonia,val
data/durian/mendeley_pxzvksbwnj/images/val__Leaf_Rhizoctonia__Leaf_Rhizoctonia_00137.jpg,Leaf_Rhizoctonia,val
data/durian/mendeley_pxzvksbwnj/images/val__Leaf_Rhizoctonia__Leaf_Rhizoctonia_00138.jpg,Leaf_Rhizoctonia,val
data/durian/mendeley_pxzvksbwnj/images/val__Leaf_Rhizoctonia__Leaf_Rhizoctonia_00139.jpg,Leaf_Rhizoctonia,val
data/durian/mendeley_pxzvksbwnj/images/val__Leaf_Rhizoctonia__Leaf_Rhizoctonia_00149.jpg,Leaf_Rhizoctonia,val
data/durian/mendeley_pxzvksbwnj/images/val__Leaf_Rhizoctonia__Leaf_Rhizoctonia_00162.jpg,Leaf_Rhizoctonia,val
data/durian/mendeley_pxzvksbwnj/images/val__Leaf_Rhizoctonia__Leaf_Rhizoctonia_00167.jpg,Leaf_Rhizoctonia,val
data/durian/mendeley_pxzvksbwnj/images/val__Leaf_Rhizoctonia__Leaf_Rhizoctonia_00182.jpg,Leaf_Rhizoctonia,val
data/durian/mendeley_pxzvksbwnj/images/val__Leaf_Rhizoctonia__Leaf_Rhizoctonia_00186.jpg,Leaf_Rhizoctonia,val
data/durian/mendeley_pxzvksbwnj/images/val__Leaf_Rhizoctonia__Leaf_Rhizoctonia_00187.jpg,Leaf_Rhizoctonia,val
data/durian/mendeley_pxzvksbwnj/images/val__Leaf_Rhizoctonia__Leaf_Rhizoctonia_00190.jpg,Leaf_Rhizoctonia,val
data/durian/mendeley_pxzvksbwnj/images/val__Leaf_Rhizoctonia__Leaf_Rhizoctonia_00203.jpg,Leaf_Rhizoctonia,val
data/durian/mendeley_pxzvksbwnj/images/val__Leaf_Rhizoctonia__Leaf_Rhizoctonia_00205.jpg,Leaf_Rhizoctonia,val
data/durian/mendeley_pxzvksbwnj/images/val__Leaf_Rhizoctonia__Leaf_Rhizoctonia_00206.jpg,Leaf_Rhizoctonia,val
data/durian/mendeley_pxzvksbwnj/images/val__Leaf_Rhizoctonia__Leaf_Rhizoctonia_00220.jpg,Leaf_Rhizoctonia,val
data/durian/mendeley_pxzvksbwnj/images/val__Leaf_Rhizoctonia__Leaf_Rhizoctonia_00233.jpg,Leaf_Rhizoctonia,val
data/durian/mendeley_pxzvksbwnj/images/val__Leaf_Rhizoctonia__Leaf_Rhizoctonia_00235.jpg,Leaf_Rhizoctonia,val
data/durian/mendeley_pxzvksbwnj/images/val__Leaf_Rhizoctonia__Leaf_Rhizoctonia_00237.jpg,Leaf_Rhizoctonia,val
data/durian/mendeley_pxzvksbwnj/images/val__Leaf_Rhizoctonia__Leaf_Rhizoctonia_00253.jpg,Leaf_Rhizoctonia,val
data/durian/mendeley_pxzvksbwnj/images/val__Leaf_Rhizoctonia__Leaf_Rhizoctonia_00256.jpg,Leaf_Rhizoctonia,val
data/durian/mendeley_pxzvksbwnj/images/val__Leaf_Rhizoctonia__Leaf_Rhizoctonia_00261.jpg,Leaf_Rhizoctonia,val
data/durian/mendeley_pxzvksbwnj/images/val__Leaf_Rhizoctonia__Leaf_Rhizoctonia_00274.jpg,Leaf_Rhizoctonia,val
data/durian/mendeley_pxzvksbwnj/images/val__Leaf_Rhizoctonia__Leaf_Rhizoctonia_00276.jpg,Leaf_Rhizoctonia,val
data/durian/mendeley_pxzvksbwnj/images/val__Leaf_Rhizoctonia__Leaf_Rhizoctonia_00286.jpg,Leaf_Rhizoctonia,val
data/durian/mendeley_pxzvksbwnj/images/val__Leaf_Rhizoctonia__Leaf_Rhizoctonia_00291.jpg,Leaf_Rhizoctonia,val
data/durian/mendeley_pxzvksbwnj/images/val__Leaf_Rhizoctonia__Leaf_Rhizoctonia_00296.jpg,Leaf_Rhizoctonia,val
data/durian/mendeley_pxzvksbwnj/images/val__Leaf_Rhizoctonia__Leaf_Rhizoctonia_00298.jpg,Leaf_Rhizoctonia,val
data/durian/mendeley_pxzvksbwnj/images/val__Leaf_Rhizoctonia__Leaf_Rhizoctonia_00307.jpg,Leaf_Rhizoctonia,val
data/durian/mendeley_pxzvksbwnj/images/val__Leaf_Rhizoctonia__Leaf_Rhizoctonia_00312.jpg,Leaf_Rhizoctonia,val
data/durian/mendeley_pxzvksbwnj/images/val__Leaf_Rhizoctonia__Leaf_Rhizoctonia_00317.jpg,Leaf_Rhizoctonia,val
data/durian/mendeley_pxzvksbwnj/images/val__Leaf_Rhizoctonia__Leaf_Rhizoctonia_00326.jpg,Leaf_Rhizoctonia,val
data/durian/mendeley_pxzvksbwnj/images/val__Leaf_Rhizoctonia__Leaf_Rhizoctonia_00336.jpg,Leaf_Rhizoctonia,val
data/durian/mendeley_pxzvksbwnj/images/val__Leaf_Rhizoctonia__Leaf_Rhizoctonia_00338.jpg,Leaf_Rhizoctonia,val
data/durian/mendeley_pxzvksbwnj/images/val__Leaf_Rhizoctonia__Leaf_Rhizoctonia_00341.jpg,Leaf_Rhizoctonia,val
data/durian/mendeley_pxzvksbwnj/images/val__Leaf_Rhizoctonia__Leaf_Rhizoctonia_00352.jpg,Leaf_Rhizoctonia,val
data/durian/mendeley_pxzvksbwnj/images/val__Leaf_Rhizoctonia__Leaf_Rhizoctonia_00361.jpg,Leaf_Rhizoctonia,val
data/durian/mendeley_pxzvksbwnj/images/val__Leaf_Rhizoctonia__Leaf_Rhizoctonia_00365.jpg,Leaf_Rhizoctonia,val
data/durian/mendeley_pxzvksbwnj/images/val__Leaf_Rhizoctonia__Leaf_Rhizoctonia_00372.jpg,Leaf_Rhizoctonia,val
data/durian/mendeley_pxzvksbwnj/images/val__Leaf_Rhizoctonia__Leaf_Rhizoctonia_00382.jpg,Leaf_Rhizoctonia,val
data/durian/mendeley_pxzvksbwnj/images/val__Leaf_Rhizoctonia__Leaf_Rhizoctonia_00388.jpg,Leaf_Rhizoctonia,val
data/durian/mendeley_pxzvksbwnj/images/val__Leaf_Rhizoctonia__Leaf_Rhizoctonia_00390.jpg,Leaf_Rhizoctonia,val
data/durian/mendeley_pxzvksbwnj/images/val__Leaf_Rhizoctonia__Leaf_Rhizoctonia_00391.jpg,Leaf_Rhizoctonia,val
data/durian/mendeley_pxzvksbwnj/images/val__Leaf_Rhizoctonia__Leaf_Rhizoctonia_00393.jpg,Leaf_Rhizoctonia,val
