image_path,label,split
data/durian/kaggle_durian_leaf_disease_dataset/images/test__ALGAL_LEAF_SPOT__to_label_100.jpg,ALGAL_LEAF_SPOT,test
data/durian/kaggle_durian_leaf_disease_dataset/images/test__ALGAL_LEAF_SPOT__to_label_104.jpg,ALGAL_LEAF_SPOT,test
data/durian/kaggle_durian_leaf_disease_dataset/images/test__ALGAL_LEAF_SPOT__to_label_108.jpg,ALGAL_LEAF_SPOT,test
data/durian/kaggle_durian_leaf_disease_dataset/images/test__ALGAL_LEAF_SPOT__to_label_12.jpg,ALGAL_LEAF_SPOT,test
data/durian/kaggle_durian_leaf_disease_dataset/images/test__ALGAL_LEAF_SPOT__to_label_126.jpg,ALGAL_LEAF_SPOT,test
data/durian/kaggle_durian_leaf_disease_dataset/images/test__ALGAL_LEAF_SPOT__to_label_127.jpg,ALGAL_LEAF_SPOT,test
data/durian/kaggle_durian_leaf_disease_dataset/images/test__ALGAL_LEAF_SPOT__to_label_134.jpg,ALGAL_LEAF_SPOT,test
data/durian/kaggle_durian_leaf_disease_dataset/images/test__ALGAL_LEAF_SPOT__to_label_139.jpg,ALGAL_LEAF_SPOT,test
data/durian/kaggle_durian_leaf_disease_dataset/images/test__ALGAL_LEAF_SPOT__to_label_148.jpg,ALGAL_LEAF_SPOT,test
data/durian/kaggle_durian_leaf_disease_dataset/images/test__ALGAL_LEAF_SPOT__to_label_154.jpg,ALGAL_LEAF_SPOT,test
data/durian/kaggle_durian_leaf_disease_dataset/images/test__ALGAL_LEAF_SPOT__to_label_156.jpg,ALGAL_LEAF_SPOT,test
data/durian/kaggle_durian_leaf_disease_dataset/images/test__ALGAL_LEAF_SPOT__to_label_158.jpg,ALGAL_LEAF_SPOT,test
data/durian/kaggle_durian_leaf_disease_dataset/images/test__ALGAL_LEAF_SPOT__to_label_161.jpg,ALGAL_LEAF_SPOT,test
data/durian/kaggle_durian_leaf_disease_dataset/images/test__ALGAL_LEAF_SPOT__to_label_162.jpg,ALGAL_LEAF_SPOT,test
data/durian/kaggle_durian_leaf_disease_dataset/images/test__ALGAL_LEAF_SPOT__to_label_164.jpg,ALGAL_LEAF_SPOT,test
data/durian/kaggle_durian_leaf_disease_dataset/images/test__ALGAL_LEAF_SPOT__to_label_168.jpg,ALGAL_LEAF_SPOT,test
data/durian/kaggle_durian_leaf_disease_dataset/images/test__ALGAL_LEAF_SPOT__to_label_169.jpg,ALGAL_LEAF_SPOT,test
data/durian/kaggle_durian_leaf_disease_dataset/images/test__ALGAL_LEAF_SPOT__to_label_17.jpg,ALGAL_LEAF_SPOT,test
data/durian/kaggle_durian_leaf_disease_dataset/images/test__ALGAL_LEAF_SPOT__to_label_170.jpg,ALGAL_LEAF_SPOT,test
data/durian/kaggle_durian_leaf_disease_dataset/images/test__ALGAL_LEAF_SPOT__to_label_172.jpg,ALGAL_LEAF_SPOT,test
data/durian/kaggle_durian_leaf_disease_dataset/images/test__ALGAL_LEAF_SPOT__to_label_173.jpg,ALGAL_LEAF_SPOT,test
data/durian/kaggle_durian_leaf_disease_dataset/images/test__ALGAL_LEAF_SPOT__to_label_174.jpg,ALGAL_LEAF_SPOT,test
data/durian/kaggle_durian_leaf_disease_dataset/images/test__ALGAL_LEAF_SPOT__to_label_177.jpg,ALGAL_LEAF_SPOT,test
data/durian/kaggle_durian_leaf_disease_dataset/images/test__ALGAL_LEAF_SPOT__to_label_180.jpg,ALGAL_LEAF_SPOT,test
data/durian/kaggle_durian_leaf_disease_dataset/images/test__ALGAL_LEAF_SPOT__to_label_187.jpg,ALGAL_LEAF_SPOT,test
data/durian/kaggle_durian_leaf_disease_dataset/images/test__ALGAL_LEAF_SPOT__to_label_190.jpg,ALGAL_LEAF_SPOT,test
data/durian/kaggle_durian_leaf_disease_dataset/images/test__ALGAL_LEAF_SPOT__to_label_197.jpg,ALGAL_LEAF_SPOT,test
data/durian/kaggle_durian_leaf_disease_dataset/images/test__ALGAL_LEAF_SPOT__to_label_198.jpg,ALGAL_LEAF_SPOT,test
data/durian/kaggle_durian_leaf_disease_dataset/images/test__ALGAL_LEAF_SPOT__to_label_199.jpg,ALGAL_LEAF_SPOT,test
data/durian/kaggle_durian_leaf_disease_dataset/images/test__ALGAL_LEAF_SPOT__to_label_205.jpg,ALGAL_LEAF_SPOT,test
data/durian/kaggle_durian_leaf_disease_dataset/images/test__ALGAL_LEAF_SPOT__to_label_207.jpg,ALGAL_LEAF_SPOT,test
data/durian/kaggle_durian_leaf_disease_dataset/images/test__ALGAL_LEAF_SPOT__to_label_217.jpg,ALGAL_LEAF_SPOT,test
data/durian/kaggle_durian_leaf_disease_dataset/images/test__ALGAL_LEAF_SPOT__to_label_218.jpg,ALGAL_LEAF_SPOT,test
data/durian/kaggle_durian_leaf_disease_dataset/images/test__ALGAL_LEAF_SPOT__to_label_219.jpg,ALGAL_LEAF_SPOT,test
data/durian/kaggle_durian_leaf_disease_dataset/images/test__ALGAL_LEAF_SPOT__to_label_220.jpg,ALGAL_LEAF_SPOT,test
data/durian/kaggle_durian_leaf_disease_dataset/images/test__ALGAL_LEAF_SPOT__to_label_221.jpg,ALGAL_LEAF_SPOT,test
data/durian/kaggle_durian_leaf_disease_dataset/images/test__ALGAL_LEAF_SPOT__to_label_232.jpg,ALGAL_LEAF_SPOT,test
data/durian/kaggle_durian_leaf_disease_dataset/images/test__ALGAL_LEAF_SPOT__to_label_239.jpg,ALGAL_LEAF_SPOT,test
data/durian/kaggle_durian_leaf_disease_dataset/images/test__ALGAL_LEAF_SPOT__to_label_241.jpg,ALGAL_LEAF_SPOT,test
data/durian/kaggle_durian_leaf_disease_dataset/images/test__ALGAL_LEAF_SPOT__to_label_256.jpg,ALGAL_LEAF_SPOT,test
data/durian/kaggle_durian_leaf_disease_dataset/images/test__ALGAL_LEAF_SPOT__to_label_262.jpg,ALGAL_LEAF_SPOT,test
data/durian/kaggle_durian_leaf_disease_dataset/images/test__ALGAL_LEAF_SPOT__to_label_263.jpg,ALGAL_LEAF_SPOT,test
data/durian/kaggle_durian_leaf_disease_dataset/images/test__ALGAL_LEAF_SPOT__to_label_272.jpg,ALGAL_LEAF_SPOT,test
data/durian/kaggle_durian_leaf_disease_dataset/images/test__ALGAL_LEAF_SPOT__to_label_278.jpg,ALGAL_LEAF_SPOT,test
data/durian/kaggle_durian_leaf_disease_dataset/images/test__ALGAL_LEAF_SPOT__to_label_279.jpg,ALGAL_LEAF_SPOT,test
data/durian/kaggle_durian_leaf_disease_dataset/images/test__ALGAL_LEAF_SPOT__to_label_283.jpg,ALGAL_LEAF_SPOT,test
data/durian/kaggle_durian_leaf_disease_dataset/images/test__ALGAL_LEAF_SPOT__to_label_296.jpg,ALGAL_LEAF_SPOT,test
data/durian/kaggle_durian_leaf_disease_dataset/images/test__ALGAL_LEAF_SPOT__to_label_298.jpg,ALGAL_LEAF_SPOT,test
data/durian/kaggle_durian_leaf_disease_dataset/images/test__ALGAL_LEAF_SPOT__to_label_303.jpg,ALGAL_LEAF_SPOT,test
data/durian/kaggle_durian_leaf_disease_dataset/images/test__ALGAL_LEAF_SPOT__to_label_307.jpg,ALGAL_LEAF_SPOT,test
data/durian/kaggle_durian_leaf_disease_dataset/images/test__ALGAL_LEAF_SPOT__to_label_314.jpg,ALGAL_LEAF_SPOT,test
data/durian/kaggle_durian_leaf_disease_dataset/images/test__ALGAL_LEAF_SPOT__to_label_319.jpg,ALGAL_LEAF_SPOT,test
data/durian/kaggle_durian_leaf_disease_dataset/images/test__ALGAL_LEAF_SPOT__to_label_322.jpg,ALGAL_LEAF_SPOT,test
data/durian/kaggle_durian_leaf_disease_dataset/images/test__ALGAL_LEAF_SPOT__to_label_328.jpg,ALGAL_LEAF_SPOT,test
data/durian/kaggle_durian_leaf_disease_dataset/images/test__ALGAL_LEAF_SPOT__to_label_332.jpg,ALGAL_LEAF_SPOT,test
data/durian/kaggle_durian_leaf_disease_dataset/images/test__ALGAL_LEAF_SPOT__to_label_333.jpg,ALGAL_LEAF_SPOT,test
data/durian/kaggle_durian_leaf_disease_dataset/images/test__ALGAL_LEAF_SPOT__to_label_337.jpg,ALGAL_LEAF_SPOT,test
data/durian/kaggle_durian_leaf_disease_dataset/images/test__ALGAL_LEAF_SPOT__to_label_339.jpg,ALGAL_LEAF_SPOT,test
data/durian/kaggle_durian_leaf_disease_dataset/images/test__ALGAL_LEAF_SPOT__to_label_347.jpg,ALGAL_LEAF_SPOT,test
data/durian/kaggle_durian_leaf_disease_dataset/images/test__ALGAL_LEAF_SPOT__to_label_352.jpg,ALGAL_LEAF_SPOT,test
data/durian/kaggle_durian_leaf_disease_dataset/images/test__ALGAL_LEAF_SPOT__to_label_357.jpg,ALGAL_LEAF_SPOT,test
data/durian/kaggle_durian_leaf_disease_dataset/images/test__ALGAL_LEAF_SPOT__to_label_360.jpg,ALGAL_LEAF_SPOT,test
data/durian/kaggle_durian_leaf_disease_dataset/images/test__ALGAL_LEAF_SPOT__to_label_361.jpg,ALGAL_LEAF_SPOT,test
data/durian/kaggle_durian_leaf_disease_dataset/images/test__ALGAL_LEAF_SPOT__to_label_362.jpg,ALGAL_LEAF_SPOT,test
data/durian/kaggle_durian_leaf_disease_dataset/images/test__ALGAL_LEAF_SPOT__to_label_366.jpg,ALGAL_LEAF_SPOT,test
data/durian/kaggle_durian_leaf_disease_dataset/images/test__ALGAL_LEAF_SPOT__to_label_37.jpg,ALGAL_LEAF_SPOT,test
data/durian/kaggle_durian_leaf_disease_dataset/images/test__ALGAL_LEAF_SPOT__to_label_38.jpg,ALGAL_LEAF_SPOT,test
data/durian/kaggle_durian_leaf_disease_dataset/images/test__ALGAL_LEAF_SPOT__to_label_382.jpg,ALGAL_LEAF_SPOT,test
data/durian/kaggle_durian_leaf_disease_dataset/images/test__ALGAL_LEAF_SPOT__to_label_387.jpg,ALGAL_LEAF_SPOT,test
data/durian/kaggle_durian_leaf_disease_dataset/images/test__ALGAL_LEAF_SPOT__to_label_390.jpg,ALGAL_LEAF_SPOT,test
data/durian/kaggle_durian_leaf_disease_dataset/images/test__ALGAL_LEAF_SPOT__to_label_394.jpg,ALGAL_LEAF_SPOT,test
data/durian/kaggle_durian_leaf_disease_dataset/images/test__ALGAL_LEAF_SPOT__to_label_395.jpg,ALGAL_LEAF_SPOT,test
data/durian/kaggle_durian_leaf_disease_dataset/images/test__ALGAL_LEAF_SPOT__to_label_399.jpg,ALGAL_LEAF_SPOT,test
data/durian/kaggle_durian_leaf_disease_dataset/images/test__ALGAL_LEAF_SPOT__to_label_4.jpg,ALGAL_LEAF_SPOT,test
data/durian/kaggle_durian_leaf_disease_dataset/images/test__ALGAL_LEAF_SPOT__to_label_400.jpg,ALGAL_LEAF_SPOT,test
data/durian/kaggle_durian_leaf_disease_dataset/images/test__ALGAL_LEAF_SPOT__to_label_403.jpg,ALGAL_LEAF_SPOT,test
data/durian/kaggle_durian_leaf_disease_dataset/images/test__ALGAL_LEAF_SPOT__to_label_407.jpg,ALGAL_LEAF_SPOT,test
data/durian/kaggle_durian_leaf_disease_dataset/images/test__ALGAL_LEAF_SPOT__to_label_410.jpg,ALGAL_LEAF_SPOT,test
data/durian/kaggle_durian_leaf_disease_dataset/images/test__ALGAL_LEAF_SPOT__to_label_413.jpg,ALGAL_LEAF_SPOT,test
data/durian/kaggle_durian_leaf_disease_dataset/images/test__ALGAL_LEAF_SPOT__to_label_414.jpg,ALGAL_LEAF_SPOT,test
data/durian/kaggle_durian_leaf_disease_dataset/images/test__ALGAL_LEAF_SPOT__to_label_419.jpg,ALGAL_LEAF_SPOT,test
data/durian/kaggle_durian_leaf_disease_dataset/images/test__ALGAL_LEAF_SPOT__to_label_42.jpg,ALGAL_LEAF_SPOT,test
data/durian/kaggle_durian_leaf_disease_dataset/images/test__ALGAL_LEAF_SPOT__to_label_420.jpg,ALGAL_LEAF_SPOT,test
data/durian/kaggle_durian_leaf_disease_dataset/images/test__ALGAL_LEAF_SPOT__to_label_425.jpg,ALGAL_LEAF_SPOT,test
data/durian/kaggle_durian_leaf_disease_dataset/images/test__ALGAL_LEAF_SPOT__to_label_426.jpg,ALGAL_LEAF_SPOT,test
data/durian/kaggle_durian_leaf_disease_dataset/images/test__ALGAL_LEAF_SPOT__to_label_43.jpg,ALGAL_LEAF_SPOT,test
data/durian/kaggle_durian_leaf_disease_dataset/images/test__ALGAL_LEAF_SPOT__to_label_443.jpg,ALGAL_LEAF_SPOT,test
data/durian/kaggle_durian_leaf_disease_dataset/images/test__ALGAL_LEAF_SPOT__to_label_449.jpg,ALGAL_LEAF_SPOT,test
data/durian/kaggle_durian_leaf_disease_dataset/images/test__ALGAL_LEAF_SPOT__to_label_450.jpg,ALGAL_LEAF_SPOT,test
data/durian/kaggle_durian_leaf_disease_dataset/images/test__ALGAL_LEAF_SPOT__to_label_454.jpg,ALGAL_LEAF_SPOT,test
data/durian/kaggle_durian_leaf_disease_dataset/images/test__ALGAL_LEAF_SPOT__to_label_455.jpg,ALGAL_LEAF_SPOT,test
data/durian/kaggle_durian_leaf_disease_dataset/images/test__ALGAL_LEAF_SPOT__to_label_468.jpg,ALGAL_LEAF_SPOT,test
data/durian/kaggle_durian_leaf_disease_dataset/images/test__ALGAL_LEAF_SPOT__to_label_47.jpg,ALGAL_LEAF_SPOT,test
data/durian/kaggle_durian_leaf_disease_dataset/images/test__ALGAL_LEAF_SPOT__to_label_48.jpg,ALGAL_LEAF_SPOT,test
data/durian/kaggle_durian_leaf_disease_dataset/images/test__ALGAL_LEAF_SPOT__to_label_483.jpg,ALGAL_LEAF_SPOT,test
data/durian/kaggle_durian_leaf_disease_dataset/images/test__ALGAL_LEAF_SPOT__to_label_485.jpg,ALGAL_LEAF_SPOT,test
data/durian/kaggle_durian_leaf_disease_dataset/images/test__ALGAL_LEAF_SPOT__to_label_49.jpg,ALGAL_LEAF_SPOT,test
data/durian/kaggle_durian_leaf_disease_dataset/images/test__ALGAL_LEAF_SPOT__to_label_492.jpg,ALGAL_LEAF_SPOT,test
data/durian/kaggle_durian_leaf_disease_dataset/images/test__ALGAL_LEAF_SPOT__to_label_502.jpg,ALGAL_LEAF_SPOT,test
data/durian/kaggle_durian_leaf_disease_dataset/images/test__ALGAL_LEAF_SPOT__to_label_505.jpg,ALGAL_LEAF_SPOT,test
data/durian/kaggle_durian_leaf_disease_dataset/images/test__ALGAL_LEAF_SPOT__to_label_507.jpg,ALGAL_LEAF_SPOT,test
data/durian/kaggle_durian_leaf_disease_dataset/images/test__ALGAL_LEAF_SPOT__to_label_536.jpg,ALGAL_LEAF_SPOT,test
data/durian/kaggle_durian_leaf_disease_dataset/images/test__ALGAL_LEAF_SPOT__to_label_538.jpg,ALGAL_LEAF_SPOT,test
data/durian/kaggle_durian_leaf_disease_dataset/images/test__ALGAL_LEAF_SPOT__to_label_550.jpg,ALGAL_LEAF_SPOT,test
data/durian/kaggle_durian_leaf_disease_dataset/images/test__ALGAL_LEAF_SPOT__to_label_556.jpg,ALGAL_LEAF_SPOT,test
data/durian/kaggle_durian_leaf_disease_dataset/images/test__ALGAL_LEAF_SPOT__to_label_560.jpg,ALGAL_LEAF_SPOT,test
data/durian/kaggle_durian_leaf_disease_dataset/images/test__ALGAL_LEAF_SPOT__to_label_566.jpg,ALGAL_LEAF_SPOT,test
data/durian/kaggle_durian_leaf_disease_dataset/images/test__ALGAL_LEAF_SPOT__to_label_572.jpg,ALGAL_LEAF_SPOT,test
data/durian/kaggle_durian_leaf_disease_dataset/images/test__ALGAL_LEAF_SPOT__to_label_576.jpg,ALGAL_LEAF_SPOT,test
data/durian/kaggle_durian_leaf_disease_dataset/images/test__ALGAL_LEAF_SPOT__to_label_578.jpg,ALGAL_LEAF_SPOT,test
data/durian/kaggle_durian_leaf_disease_dataset/images/test__ALGAL_LEAF_SPOT__to_label_588.jpg,ALGAL_LEAF_SPOT,test
data/durian/kaggle_durian_leaf_disease_dataset/images/test__ALGAL_LEAF_SPOT__to_label_589.jpg,ALGAL_LEAF_SPOT,test
data/durian/kaggle_durian_leaf_disease_dataset/images/test__ALGAL_LEAF_SPOT__to_label_59.jpg,ALGAL_LEAF_SPOT,test
data/durian/kaggle_durian_leaf_disease_dataset/images/test__ALGAL_LEAF_SPOT__to_label_590.jpg,ALGAL_LEAF_SPOT,test
data/durian/kaggle_durian_leaf_disease_dataset/images/test__ALGAL_LEAF_SPOT__to_label_596.jpg,ALGAL_LEAF_SPOT,test
data/durian/kaggle_durian_leaf_disease_dataset/images/test__ALGAL_LEAF_SPOT__to_label_597.jpg,ALGAL_LEAF_SPOT,test
data/durian/kaggle_durian_leaf_disease_dataset/images/test__ALGAL_LEAF_SPOT__to_label_61.jpg,ALGAL_LEAF_SPOT,test
data/durian/kaggle_durian_leaf_disease_dataset/images/test__ALGAL_LEAF_SPOT__to_label_610.jpg,ALGAL_LEAF_SPOT,test
data/durian/kaggle_durian_leaf_disease_dataset/images/test__ALGAL_LEAF_SPOT__to_label_613.jpg,ALGAL_LEAF_SPOT,test
data/durian/kaggle_durian_leaf_disease_dataset/images/test__ALGAL_LEAF_SPOT__to_label_623.jpg,ALGAL_LEAF_SPOT,test
data/durian/kaggle_durian_leaf_disease_dataset/images/test__ALGAL_LEAF_SPOT__to_label_628.jpg,ALGAL_LEAF_SPOT,test
data/durian/kaggle_durian_leaf_disease_dataset/images/test__ALGAL_LEAF_SPOT__to_label_629.jpg,ALGAL_LEAF_SPOT,test
data/durian/kaggle_durian_leaf_disease_dataset/images/test__ALGAL_LEAF_SPOT__to_label_636.jpg,ALGAL_LEAF_SPOT,test
data/durian/kaggle_durian_leaf_disease_dataset/images/test__ALGAL_LEAF_SPOT__to_label_637.jpg,ALGAL_LEAF_SPOT,test
data/durian/kaggle_durian_leaf_disease_dataset/images/test__ALGAL_LEAF_SPOT__to_label_642.jpg,ALGAL_LEAF_SPOT,test
data/durian/kaggle_durian_leaf_disease_dataset/images/test__ALGAL_LEAF_SPOT__to_label_647.jpg,ALGAL_LEAF_SPOT,test
data/durian/kaggle_durian_leaf_disease_dataset/images/test__ALGAL_LEAF_SPOT__to_label_663.jpg,ALGAL_LEAF_SPOT,test
data/durian/kaggle_durian_leaf_disease_dataset/images/test__ALGAL_LEAF_SPOT__to_label_665.jpg,ALGAL_LEAF_SPOT,test
data/durian/kaggle_durian_leaf_disease_dataset/images/test__ALGAL_LEAF_SPOT__to_label_668.jpg,ALGAL_LEAF_SPOT,test
data/durian/kaggle_durian_leaf_disease_dataset/images/test__ALGAL_LEAF_SPOT__to_label_676.jpg,ALGAL_LEAF_SPOT,test
data/durian/kaggle_durian_leaf_disease_dataset/images/test__ALGAL_LEAF_SPOT__to_label_680.jpg,ALGAL_LEAF_SPOT,test
data/durian/kaggle_durian_leaf_disease_dataset/images/test__ALGAL_LEAF_SPOT__to_label_687.jpg,ALGAL_LEAF_SPOT,test
data/durian/kaggle_durian_leaf_disease_dataset/images/test__ALGAL_LEAF_SPOT__to_label_690.jpg,ALGAL_LEAF_SPOT,test
data/durian/kaggle_durian_leaf_disease_dataset/images/test__ALGAL_LEAF_SPOT__to_label_7.jpg,ALGAL_LEAF_SPOT,test
data/durian/kaggle_durian_leaf_disease_dataset/images/test__ALGAL_LEAF_SPOT__to_label_70.jpg,ALGAL_LEAF_SPOT,test
data/durian/kaggle_durian_leaf_disease_dataset/images/test__ALGAL_LEAF_SPOT__to_label_701.jpg,ALGAL_LEAF_SPOT,test
data/durian/kaggle_durian_leaf_disease_dataset/images/test__ALGAL_LEAF_SPOT__to_label_716.jpg,ALGAL_LEAF_SPOT,test
data/durian/kaggle_durian_leaf_disease_dataset/images/test__ALGAL_LEAF_SPOT__to_label_721.jpg,ALGAL_LEAF_SPOT,test
data/durian/kaggle_durian_leaf_disease_dataset/images/test__ALGAL_LEAF_SPOT__to_label_722.jpg,ALGAL_LEAF_SPOT,test
data/durian/kaggle_durian_leaf_disease_dataset/images/test__ALGAL_LEAF_SPOT__to_label_726.jpg,ALGAL_LEAF_SPOT,test
data/durian/kaggle_durian_leaf_disease_dataset/images/test__ALGAL_LEAF_SPOT__to_label_74.jpg,ALGAL_LEAF_SPOT,test
data/durian/kaggle_durian_leaf_disease_dataset/images/test__ALGAL_LEAF_SPOT__to_label_79.jpg,ALGAL_LEAF_SPOT,test
data/durian/kaggle_durian_leaf_disease_dataset/images/test__ALGAL_LEAF_SPOT__to_label_82.jpg,ALGAL_LEAF_SPOT,test
data/durian/kaggle_durian_leaf_disease_dataset/images/test__ALGAL_LEAF_SPOT__to_label_87.jpg,ALGAL_LEAF_SPOT,test
data/durian/kaggle_durian_leaf_disease_dataset/images/test__ALGAL_LEAF_SPOT__to_label_90.jpg,ALGAL_LEAF_SPOT,test
data/durian/kaggle_durian_leaf_disease_dataset/images/test__ALGAL_LEAF_SPOT__to_label_94.jpg,ALGAL_LEAF_SPOT,test
data/durian/kaggle_durian_leaf_disease_dataset/images/test__ALGAL_LEAF_SPOT__to_label_96.jpg,ALGAL_LEAF_SPOT,test
data/durian/kaggle_durian_leaf_disease_dataset/images/test__ALLOCARIDARA_ATTACK__to_label_1007.jpg,ALLOCARIDARA_ATTACK,test
data/durian/kaggle_durian_leaf_disease_dataset/images/test__ALLOCARIDARA_ATTACK__to_label_1010.jpg,ALLOCARIDARA_ATTACK,test
data/durian/kaggle_durian_leaf_disease_dataset/images/test__ALLOCARIDARA_ATTACK__to_label_1026.jpg,ALLOCARIDARA_ATTACK,test
data/durian/kaggle_durian_leaf_disease_dataset/images/test__ALLOCARIDARA_ATTACK__to_label_1031.jpg,ALLOCARIDARA_ATTACK,test
data/durian/kaggle_durian_leaf_disease_dataset/images/test__ALLOCARIDARA_ATTACK__to_label_1032.jpg,ALLOCARIDARA_ATTACK,test
data/durian/kaggle_durian_leaf_disease_dataset/images/test__ALLOCARIDARA_ATTACK__to_label_1040.jpg,ALLOCARIDARA_ATTACK,test
data/durian/kaggle_durian_leaf_disease_dataset/images/test__ALLOCARIDARA_ATTACK__to_label_1046.jpg,ALLOCARIDARA_ATTACK,test
data/durian/kaggle_durian_leaf_disease_dataset/images/test__ALLOCARIDARA_ATTACK__to_label_1063.jpg,ALLOCARIDARA_ATTACK,test
data/durian/kaggle_durian_leaf_disease_dataset/images/test__ALLOCARIDARA_ATTACK__to_label_1064.jpg,ALLOCARIDARA_ATTACK,test
data/durian/kaggle_durian_leaf_disease_dataset/images/test__ALLOCARIDARA_ATTACK__to_label_1068.jpg,ALLOCARIDARA_ATTACK,test
data/durian/kaggle_durian_leaf_disease_dataset/images/test__ALLOCARIDARA_ATTACK__to_label_1074.jpg,ALLOCARIDARA_ATTACK,test
data/durian/kaggle_durian_leaf_disease_dataset/images/test__ALLOCARIDARA_ATTACK__to_label_1075.jpg,ALLOCARIDARA_ATTACK,test
data/durian/kaggle_durian_leaf_disease_dataset/images/test__ALLOCARIDARA_ATTACK__to_label_1076.jpg,ALLOCARIDARA_ATTACK,test
data/durian/kaggle_durian_leaf_disease_dataset/images/test__ALLOCARIDARA_ATTACK__to_label_1079.jpg,ALLOCARIDARA_ATTACK,test
data/durian/kaggle_durian_leaf_disease_dataset/images/test__ALLOCARIDARA_ATTACK__to_label_1081.jpg,ALLOCARIDARA_ATTACK,test
data/durian/kaggle_durian_leaf_disease_dataset/images/test__ALLOCARIDARA_ATTACK__to_label_1088.jpg,ALLOCARIDARA_ATTACK,test
data/durian/kaggle_durian_leaf_disease_dataset/images/test__ALLOCARIDARA_ATTACK__to_label_1093.jpg,ALLOCARIDARA_ATTACK,test
data/durian/kaggle_durian_leaf_disease_dataset/images/test__ALLOCARIDARA_ATTACK__to_label_1095.jpg,ALLOCARIDARA_ATTACK,test
data/durian/kaggle_durian_leaf_disease_dataset/images/test__ALLOCARIDARA_ATTACK__to_label_1106.jpg,ALLOCARIDARA_ATTACK,test
data/durian/kaggle_durian_leaf_disease_dataset/images/test__ALLOCARIDARA_ATTACK__to_label_1110.jpg,ALLOCARIDARA_ATTACK,test
data/durian/kaggle_durian_leaf_disease_dataset/images/test__ALLOCARIDARA_ATTACK__to_label_1118.jpg,ALLOCARIDARA_ATTACK,test
data/durian/kaggle_durian_leaf_disease_dataset/images/test__ALLOCARIDARA_ATTACK__to_label_1127.jpg,ALLOCARIDARA_ATTACK,test
data/durian/kaggle_durian_leaf_disease_dataset/images/test__ALLOCARIDARA_ATTACK__to_label_1146.jpg,ALLOCARIDARA_ATTACK,test
data/durian/kaggle_durian_leaf_disease_dataset/images/test__ALLOCARIDARA_ATTACK__to_label_1147.jpg,ALLOCARIDARA_ATTACK,test
data/durian/kaggle_durian_leaf_disease_dataset/images/test__ALLOCARIDARA_ATTACK__to_label_1149.jpg,ALLOCARIDARA_ATTACK,test
data/durian/kaggle_durian_leaf_disease_dataset/images/test__ALLOCARIDARA_ATTACK__to_label_1151.jpg,ALLOCARIDARA_ATTACK,test
data/durian/kaggle_durian_leaf_disease_dataset/images/test__ALLOCARIDARA_ATTACK__to_label_1158.jpg,ALLOCARIDARA_ATTACK,test
data/durian/kaggle_durian_leaf_disease_dataset/images/test__ALLOCARIDARA_ATTACK__to_label_1165.jpg,ALLOCARIDARA_ATTACK,test
data/durian/kaggle_durian_leaf_disease_dataset/images/test__ALLOCARIDARA_ATTACK__to_label_1175.jpg,ALLOCARIDARA_ATTACK,test
data/durian/kaggle_durian_leaf_disease_dataset/images/test__ALLOCARIDARA_ATTACK__to_label_1202.jpg,ALLOCARIDARA_ATTACK,test
data/durian/kaggle_durian_leaf_disease_dataset/images/test__ALLOCARIDARA_ATTACK__to_label_1206.jpg,ALLOCARIDARA_ATTACK,test
data/durian/kaggle_durian_leaf_disease_dataset/images/test__ALLOCARIDARA_ATTACK__to_label_1208.jpg,ALLOCARIDARA_ATTACK,test
data/durian/kaggle_durian_leaf_disease_dataset/images/test__ALLOCARIDARA_ATTACK__to_label_1209.jpg,ALLOCARIDARA_ATTACK,test
data/durian/kaggle_durian_leaf_disease_dataset/images/test__ALLOCARIDARA_ATTACK__to_label_1214.jpg,ALLOCARIDARA_ATTACK,test
data/durian/kaggle_durian_leaf_disease_dataset/images/test__ALLOCARIDARA_ATTACK__to_label_1218.jpg,ALLOCARIDARA_ATTACK,test
data/durian/kaggle_durian_leaf_disease_dataset/images/test__ALLOCARIDARA_ATTACK__to_label_1219.jpg,ALLOCARIDARA_ATTACK,test
data/durian/kaggle_durian_leaf_disease_dataset/images/test__ALLOCARIDARA_ATTACK__to_label_1220.jpg,ALLOCARIDARA_ATTACK,test
data/durian/kaggle_durian_leaf_disease_dataset/images/test__ALLOCARIDARA_ATTACK__to_label_1221.jpg,ALLOCARIDARA_ATTACK,test
data/durian/kaggle_durian_leaf_disease_dataset/images/test__ALLOCARIDARA_ATTACK__to_label_1222.jpg,ALLOCARIDARA_ATTACK,test
data/durian/kaggle_durian_leaf_disease_dataset/images/test__ALLOCARIDARA_ATTACK__to_label_1223.jpg,ALLOCARIDARA_ATTACK,test
data/durian/kaggle_durian_leaf_disease_dataset/images/test__ALLOCARIDARA_ATTACK__to_label_1225.jpg,ALLOCARIDARA_ATTACK,test
data/durian/kaggle_durian_leaf_disease_dataset/images/test__ALLOCARIDARA_ATTACK__to_label_1228.jpg,ALLOCARIDARA_ATTACK,test
data/durian/kaggle_durian_leaf_disease_dataset/images/test__ALLOCARIDARA_ATTACK__to_label_1245.jpg,ALLOCARIDARA_ATTACK,test
data/durian/kaggle_durian_leaf_disease_dataset/images/test__ALLOCARIDARA_ATTACK__to_label_1249.jpg,ALLOCARIDARA_ATTACK,test
data/durian/kaggle_durian_leaf_disease_dataset/images/test__ALLOCARIDARA_ATTACK__to_label_1254.jpg,ALLOCARIDARA_ATTACK,test
data/durian/kaggle_durian_leaf_disease_dataset/images/test__ALLOCARIDARA_ATTACK__to_label_1261.jpg,ALLOCARIDARA_ATTACK,test
data/durian/kaggle_durian_leaf_disease_dataset/images/test__ALLOCARIDARA_ATTACK__to_label_1265.jpg,ALLOCARIDARA_ATTACK,test
data/durian/kaggle_durian_leaf_disease_dataset/images/test__ALLOCARIDARA_ATTACK__to_label_1271.jpg,ALLOCARIDARA_ATTACK,test
data/durian/kaggle_durian_leaf_disease_dataset/images/test__ALLOCARIDARA_ATTACK__to_label_1276.jpg,ALLOCARIDARA_ATTACK,test
data/durian/kaggle_durian_leaf_disease_dataset/images/test__ALLOCARIDARA_ATTACK__to_label_1292.jpg,ALLOCARIDARA_ATTACK,test
data/durian/kaggle_durian_leaf_disease_dataset/images/test__ALLOCARIDARA_ATTACK__to_label_1297.jpg,ALLOCARIDARA_ATTACK,test
data/durian/kaggle_durian_leaf_disease_dataset/images/test__ALLOCARIDARA_ATTACK__to_label_1301.jpg,ALLOCARIDARA_ATTACK,test
data/durian/kaggle_durian_leaf_disease_dataset/images/test__ALLOCARIDARA_ATTACK__to_label_1305.jpg,ALLOCARIDARA_ATTACK,test
data/durian/kaggle_durian_leaf_disease_dataset/images/test__ALLOCARIDARA_ATTACK__to_label_1309.jpg,ALLOCARIDARA_ATTACK,test
data/durian/kaggle_durian_leaf_disease_dataset/images/test__ALLOCARIDARA_ATTACK__to_label_1310.jpg,ALLOCARIDARA_ATTACK,test
data/durian/kaggle_durian_leaf_disease_dataset/images/test__ALLOCARIDARA_ATTACK__to_label_1317.jpg,ALLOCARIDARA_ATTACK,test
data/durian/kaggle_durian_leaf_disease_dataset/images/test__ALLOCARIDARA_ATTACK__to_label_1320.jpg,ALLOCARIDARA_ATTACK,test
data/durian/kaggle_durian_leaf_disease_dataset/images/test__ALLOCARIDARA_ATTACK__to_label_1323.jpg,ALLOCARIDARA_ATTACK,test
data/durian/kaggle_durian_leaf_disease_dataset/images/test__ALLOCARIDARA_ATTACK__to_label_1332.jpg,ALLOCARIDARA_ATTACK,test
data/durian/kaggle_durian_leaf_disease_dataset/images/test__ALLOCARIDARA_ATTACK__to_label_1334.jpg,ALLOCARIDARA_ATTACK,test
data/durian/kaggle_durian_leaf_disease_dataset/images/test__ALLOCARIDARA_ATTACK__to_label_1338.jpg,ALLOCARIDARA_ATTACK,test
data/durian/kaggle_durian_leaf_disease_dataset/images/test__ALLOCARIDARA_ATTACK__to_label_1343.jpg,ALLOCARIDARA_ATTACK,test
data/durian/kaggle_durian_leaf_disease_dataset/images/test__ALLOCARIDARA_ATTACK__to_label_1344.jpg,ALLOCARIDARA_ATTACK,test
data/durian/kaggle_durian_leaf_disease_dataset/images/test__ALLOCARIDARA_ATTACK__to_label_1353.jpg,ALLOCARIDARA_ATTACK,test
data/durian/kaggle_durian_leaf_disease_dataset/images/test__ALLOCARIDARA_ATTACK__to_label_1361.jpg,ALLOCARIDARA_ATTACK,test
data/durian/kaggle_durian_leaf_disease_dataset/images/test__ALLOCARIDARA_ATTACK__to_label_1366.jpg,ALLOCARIDARA_ATTACK,test
data/durian/kaggle_durian_leaf_disease_dataset/images/test__ALLOCARIDARA_ATTACK__to_label_1372.jpg,ALLOCARIDARA_ATTACK,test
data/durian/kaggle_durian_leaf_disease_dataset/images/test__ALLOCARIDARA_ATTACK__to_label_1373.jpg,ALLOCARIDARA_ATTACK,test
data/durian/kaggle_durian_leaf_disease_dataset/images/test__ALLOCARIDARA_ATTACK__to_label_1379.jpg,ALLOCARIDARA_ATTACK,test
data/durian/kaggle_durian_leaf_disease_dataset/images/test__ALLOCARIDARA_ATTACK__to_label_1380.jpg,ALLOCARIDARA_ATTACK,test
data/durian/kaggle_durian_leaf_disease_dataset/images/test__ALLOCARIDARA_ATTACK__to_label_1382.jpg,ALLOCARIDARA_ATTACK,test
data/durian/kaggle_durian_leaf_disease_dataset/images/test__ALLOCARIDARA_ATTACK__to_label_1387.jpg,ALLOCARIDARA_ATTACK,test
data/durian/kaggle_durian_leaf_disease_dataset/images/test__ALLOCARIDARA_ATTACK__to_label_1389.jpg,ALLOCARIDARA_ATTACK,test
data/durian/kaggle_durian_leaf_disease_dataset/images/test__ALLOCARIDARA_ATTACK__to_label_1392.jpg,ALLOCARIDARA_ATTACK,test
data/durian/kaggle_durian_leaf_disease_dataset/images/test__ALLOCARIDARA_ATTACK__to_label_1403.jpg,ALLOCARIDARA_ATTACK,test
data/durian/kaggle_durian_leaf_disease_dataset/images/test__ALLOCARIDARA_ATTACK__to_label_1407.jpg,ALLOCARIDARA_ATTACK,test
data/durian/kaggle_durian_leaf_disease_dataset/images/test__ALLOCARIDARA_ATTACK__to_label_1411.jpg,ALLOCARIDARA_ATTACK,test
data/durian/kaggle_durian_leaf_disease_dataset/images/test__ALLOCARIDARA_ATTACK__to_label_1421.jpg,ALLOCARIDARA_ATTACK,test
data/durian/kaggle_durian_leaf_disease_dataset/images/test__ALLOCARIDARA_ATTACK__to_label_1422.jpg,ALLOCARIDARA_ATTACK,test
data/durian/kaggle_durian_leaf_disease_dataset/images/test__ALLOCARIDARA_ATTACK__to_label_1424.jpg,ALLOCARIDARA_ATTACK,test
data/durian/kaggle_durian_leaf_disease_dataset/images/test__ALLOCARIDARA_ATTACK__to_label_1425.jpg,ALLOCARIDARA_ATTACK,test
data/durian/kaggle_durian_leaf_disease_dataset/images/test__ALLOCARIDARA_ATTACK__to_label_1429.jpg,ALLOCARIDARA_ATTACK,test
data/durian/kaggle_durian_leaf_disease_dataset/images/test__ALLOCARIDARA_ATTACK__to_label_1430.jpg,ALLOCARIDARA_ATTACK,test
data/durian/kaggle_durian_leaf_disease_dataset/images/test__ALLOCARIDARA_ATTACK__to_label_1433.jpg,ALLOCARIDARA_ATTACK,test
data/durian/kaggle_durian_leaf_disease_dataset/images/test__ALLOCARIDARA_ATTACK__to_label_1437.jpg,ALLOCARIDARA_ATTACK,test
data/durian/kaggle_durian_leaf_disease_dataset/images/test__ALLOCARIDARA_ATTACK__to_label_1438.jpg,ALLOCARIDARA_ATTACK,test
data/durian/kaggle_durian_leaf_disease_dataset/images/test__ALLOCARIDARA_ATTACK__to_label_1442.jpg,ALLOCARIDARA_ATTACK,test
data/durian/kaggle_durian_leaf_disease_dataset/images/test__ALLOCARIDARA_ATTACK__to_label_1453.jpg,ALLOCARIDARA_ATTACK,test
data/durian/kaggle_durian_leaf_disease_dataset/images/test__ALLOCARIDARA_ATTACK__to_label_1455.jpg,ALLOCARIDARA_ATTACK,test
data/durian/kaggle_durian_leaf_disease_dataset/images/test__ALLOCARIDARA_ATTACK__to_label_1480.jpg,ALLOCARIDARA_ATTACK,test
data/durian/kaggle_durian_leaf_disease_dataset/images/test__ALLOCARIDARA_ATTACK__to_label_1496.jpg,ALLOCARIDARA_ATTACK,test
data/durian/kaggle_durian_leaf_disease_dataset/images/test__ALLOCARIDARA_ATTACK__to_label_1498.jpg,ALLOCARIDARA_ATTACK,test
data/durian/kaggle_durian_leaf_disease_dataset/images/test__ALLOCARIDARA_ATTACK__to_label_1499.jpg,ALLOCARIDARA_ATTACK,test
data/durian/kaggle_durian_leaf_disease_dataset/images/test__ALLOCARIDARA_ATTACK__to_label_1509.jpg,ALLOCARIDARA_ATTACK,test
data/durian/kaggle_durian_leaf_disease_dataset/images/test__ALLOCARIDARA_ATTACK__to_label_1513.jpg,ALLOCARIDARA_ATTACK,test
data/durian/kaggle_durian_leaf_disease_dataset/images/test__ALLOCARIDARA_ATTACK__to_label_1515.jpg,ALLOCARIDARA_ATTACK,test
data/durian/kaggle_durian_leaf_disease_dataset/images/test__ALLOCARIDARA_ATTACK__to_label_1521.jpg,ALLOCARIDARA_ATTACK,test
data/durian/kaggle_durian_leaf_disease_dataset/images/test__ALLOCARIDARA_ATTACK__to_label_1526.jpg,ALLOCARIDARA_ATTACK,test
data/durian/kaggle_durian_leaf_disease_dataset/images/test__ALLOCARIDARA_ATTACK__to_label_1530.jpg,ALLOCARIDARA_ATTACK,test
data/durian/kaggle_durian_leaf_disease_dataset/images/test__ALLOCARIDARA_ATTACK__to_label_1532.jpg,ALLOCARIDARA_ATTACK,test
data/durian/kaggle_durian_leaf_disease_dataset/images/test__ALLOCARIDARA_ATTACK__to_label_1535.jpg,ALLOCARIDARA_ATTACK,test
data/durian/kaggle_durian_leaf_disease_dataset/images/test__ALLOCARIDARA_ATTACK__to_label_1539.jpg,ALLOCARIDARA_ATTACK,test
data/durian/kaggle_durian_leaf_disease_dataset/images/test__ALLOCARIDARA_ATTACK__to_label_1541.jpg,ALLOCARIDARA_ATTACK,test
data/durian/kaggle_durian_leaf_disease_dataset/images/test__ALLOCARIDARA_ATTACK__to_label_1546.jpg,ALLOCARIDARA_ATTACK,test
data/durian/kaggle_durian_leaf_disease_dataset/images/test__ALLOCARIDARA_ATTACK__to_label_1549.jpg,ALLOCARIDARA_ATTACK,test
data/durian/kaggle_durian_leaf_disease_dataset/images/test__ALLOCARIDARA_ATTACK__to_label_1556.jpg,ALLOCARIDARA_ATTACK,test
data/durian/kaggle_durian_leaf_disease_dataset/images/test__ALLOCARIDARA_ATTACK__to_label_1562.jpg,ALLOCARIDARA_ATTACK,test
data/durian/kaggle_durian_leaf_disease_dataset/images/test__ALLOCARIDARA_ATTACK__to_label_1563.jpg,ALLOCARIDARA_ATTACK,test
data/durian/kaggle_durian_leaf_disease_dataset/images/test__ALLOCARIDARA_ATTACK__to_label_1566.jpg,ALLOCARIDARA_ATTACK,test
data/durian/kaggle_durian_leaf_disease_dataset/images/test__ALLOCARIDARA_ATTACK__to_label_1568.jpg,ALLOCARIDARA_ATTACK,test
data/durian/kaggle_durian_leaf_disease_dataset/images/test__ALLOCARIDARA_ATTACK__to_label_1573.jpg,ALLOCARIDARA_ATTACK,test
data/durian/kaggle_durian_leaf_disease_dataset/images/test__ALLOCARIDARA_ATTACK__to_label_1589.jpg,ALLOCARIDARA_ATTACK,test
data/durian/kaggle_durian_leaf_disease_dataset/images/test__ALLOCARIDARA_ATTACK__to_label_1592.jpg,ALLOCARIDARA_ATTACK,test
data/durian/kaggle_durian_leaf_disease_dataset/images/test__ALLOCARIDARA_ATTACK__to_label_1595.jpg,ALLOCARIDARA_ATTACK,test
data/durian/kaggle_durian_leaf_disease_dataset/images/test__ALLOCARIDARA_ATTACK__to_label_1596.jpg,ALLOCARIDARA_ATTACK,test
data/durian/kaggle_durian_leaf_disease_dataset/images/test__ALLOCARIDARA_ATTACK__to_label_1603.jpg,ALLOCARIDARA_ATTACK,test
data/durian/kaggle_durian_leaf_disease_dataset/images/test__ALLOCARIDARA_ATTACK__to_label_1604.jpg,ALLOCARIDARA_ATTACK,test
data/durian/kaggle_durian_leaf_disease_dataset/images/test__ALLOCARIDARA_ATTACK__to_label_1608.jpg,ALLOCARIDARA_ATTACK,test
data/durian/kaggle_durian_leaf_disease_dataset/images/test__ALLOCARIDARA_ATTACK__to_label_1610.jpg,ALLOCARIDARA_ATTACK,test
data/durian/kaggle_durian_leaf_disease_dataset/images/test__ALLOCARIDARA_ATTACK__to_label_1611.jpg,ALLOCARIDARA_ATTACK,test
data/durian/kaggle_durian_leaf_disease_dataset/images/test__ALLOCARIDARA_ATTACK__to_label_1612.jpg,ALLOCARIDARA_ATTACK,test
data/durian/kaggle_durian_leaf_disease_dataset/images/test__ALLOCARIDARA_ATTACK__to_label_1619.jpg,ALLOCARIDARA_ATTACK,test
data/durian/kaggle_durian_leaf_disease_dataset/images/test__ALLOCARIDARA_ATTACK__to_label_1627.jpg,ALLOCARIDARA_ATTACK,test
data/durian/kaggle_durian_leaf_disease_dataset/images/test__ALLOCARIDARA_ATTACK__to_label_1634.jpg,ALLOCARIDARA_ATTACK,test
data/durian/kaggle_durian_leaf_disease_dataset/images/test__ALLOCARIDARA_ATTACK__to_label_1643.jpg,ALLOCARIDARA_ATTACK,test
data/durian/kaggle_durian_leaf_disease_dataset/images/test__ALLOCARIDARA_ATTACK__to_label_1644.jpg,ALLOCARIDARA_ATTACK,test
data/durian/kaggle_durian_leaf_disease_dataset/images/test__ALLOCARIDARA_ATTACK__to_label_1645.jpg,ALLOCARIDARA_ATTACK,test
data/durian/kaggle_durian_leaf_disease_dataset/images/test__ALLOCARIDARA_ATTACK__to_label_1649.jpg,ALLOCARIDARA_ATTACK,test
data/durian/kaggle_durian_leaf_disease_dataset/images/test__ALLOCARIDARA_ATTACK__to_label_1652.jpg,ALLOCARIDARA_ATTACK,test
data/durian/kaggle_durian_leaf_disease_dataset/images/test__ALLOCARIDARA_ATTACK__to_label_1667.jpg,ALLOCARIDARA_ATTACK,test
data/durian/kaggle_durian_leaf_disease_dataset/images/test__ALLOCARIDARA_ATTACK__to_label_1670.jpg,ALLOCARIDARA_ATTACK,test
data/durian/kaggle_durian_leaf_disease_dataset/images/test__ALLOCARIDARA_ATTACK__to_label_1674.jpg,ALLOCARIDARA_ATTACK,test
data/durian/kaggle_durian_leaf_disease_dataset/images/test__ALLOCARIDARA_ATTACK__to_label_1679.jpg,ALLOCARIDARA_ATTACK,test
data/durian/kaggle_durian_leaf_disease_dataset/images/test__ALLOCARIDARA_ATTACK__to_label_1680.jpg,ALLOCARIDARA_ATTACK,test
data/durian/kaggle_durian_leaf_disease_dataset/images/test__ALLOCARIDARA_ATTACK__to_label_1684.jpg,ALLOCARIDARA_ATTACK,test
data/durian/kaggle_durian_leaf_disease_dataset/images/test__ALLOCARIDARA_ATTACK__to_label_1686.jpg,ALLOCARIDARA_ATTACK,test
data/durian/kaggle_durian_leaf_disease_dataset/images/test__ALLOCARIDARA_ATTACK__to_label_1687.jpg,ALLOCARIDARA_ATTACK,test
data/durian/kaggle_durian_leaf_disease_dataset/images/test__ALLOCARIDARA_ATTACK__to_label_1696.jpg,ALLOCARIDARA_ATTACK,test
data/durian/kaggle_durian_leaf_disease_dataset/images/test__ALLOCARIDARA_ATTACK__to_label_744.jpg,ALLOCARIDARA_ATTACK,test
data/durian/kaggle_durian_leaf_disease_dataset/images/test__ALLOCARIDARA_ATTACK__to_label_746.jpg,ALLOCARIDARA_ATTACK,test
data/durian/kaggle_durian_leaf_disease_dataset/images/test__ALLOCARIDARA_ATTACK__to_label_748.jpg,ALLOCARIDARA_ATTACK,test
data/durian/kaggle_durian_leaf_disease_dataset/images/test__ALLOCARIDARA_ATTACK__to_label_750.jpg,ALLOCARIDARA_ATTACK,test
data/durian/kaggle_durian_leaf_disease_dataset/images/test__ALLOCARIDARA_ATTACK__to_label_759.jpg,ALLOCARIDARA_ATTACK,test
data/durian/kaggle_durian_leaf_disease_dataset/images/test__ALLOCARIDARA_ATTACK__to_label_765.jpg,ALLOCARIDARA_ATTACK,test
data/durian/kaggle_durian_leaf_disease_dataset/images/test__ALLOCARIDARA_ATTACK__to_label_774.jpg,ALLOCARIDARA_ATTACK,test
data/durian/kaggle_durian_leaf_disease_dataset/images/test__ALLOCARIDARA_ATTACK__to_label_777.jpg,ALLOCARIDARA_ATTACK,test
data/durian/kaggle_durian_leaf_disease_dataset/images/test__ALLOCARIDARA_ATTACK__to_label_799.jpg,ALLOCARIDARA_ATTACK,test
data/durian/kaggle_durian_leaf_disease_dataset/images/test__ALLOCARIDARA_ATTACK__to_label_800.jpg,ALLOCARIDARA_ATTACK,test
data/durian/kaggle_durian_leaf_disease_dataset/images/test__ALLOCARIDARA_ATTACK__to_label_813.jpg,ALLOCARIDARA_ATTACK,test
data/durian/kaggle_durian_leaf_disease_dataset/images/test__ALLOCARIDARA_ATTACK__to_label_846.jpg,ALLOCARIDARA_ATTACK,test
data/durian/kaggle_durian_leaf_disease_dataset/images/test__ALLOCARIDARA_ATTACK__to_label_856.jpg,ALLOCARIDARA_ATTACK,test
data/durian/kaggle_durian_leaf_disease_dataset/images/test__ALLOCARIDARA_ATTACK__to_label_865.jpg,ALLOCARIDARA_ATTACK,test
data/durian/kaggle_durian_leaf_disease_dataset/images/test__ALLOCARIDARA_ATTACK__to_label_866.jpg,ALLOCARIDARA_ATTACK,test
data/durian/kaggle_durian_leaf_disease_dataset/images/test__ALLOCARIDARA_ATTACK__to_label_867.jpg,ALLOCARIDARA_ATTACK,test
data/durian/kaggle_durian_leaf_disease_dataset/images/test__ALLOCARIDARA_ATTACK__to_label_884.jpg,ALLOCARIDARA_ATTACK,test
data/durian/kaggle_durian_leaf_disease_dataset/images/test__ALLOCARIDARA_ATTACK__to_label_886.jpg,ALLOCARIDARA_ATTACK,test
data/durian/kaggle_durian_leaf_disease_dataset/images/test__ALLOCARIDARA_ATTACK__to_label_889.jpg,ALLOCARIDARA_ATTACK,test
data/durian/kaggle_durian_leaf_disease_dataset/images/test__ALLOCARIDARA_ATTACK__to_label_898.jpg,ALLOCARIDARA_ATTACK,test
data/durian/kaggle_durian_leaf_disease_dataset/images/test__ALLOCARIDARA_ATTACK__to_label_901.jpg,ALLOCARIDARA_ATTACK,test
data/durian/kaggle_durian_leaf_disease_dataset/images/test__ALLOCARIDARA_ATTACK__to_label_904.jpg,ALLOCARIDARA_ATTACK,test
data/durian/kaggle_durian_leaf_disease_dataset/images/test__ALLOCARIDARA_ATTACK__to_label_906.jpg,ALLOCARIDARA_ATTACK,test
data/durian/kaggle_durian_leaf_disease_dataset/images/test__ALLOCARIDARA_ATTACK__to_label_910.jpg,ALLOCARIDARA_ATTACK,test
data/durian/kaggle_durian_leaf_disease_dataset/images/test__ALLOCARIDARA_ATTACK__to_label_911.jpg,ALLOCARIDARA_ATTACK,test
data/durian/kaggle_durian_leaf_disease_dataset/images/test__ALLOCARIDARA_ATTACK__to_label_914.jpg,ALLOCARIDARA_ATTACK,test
data/durian/kaggle_durian_leaf_disease_dataset/images/test__ALLOCARIDARA_ATTACK__to_label_926.jpg,ALLOCARIDARA_ATTACK,test
data/durian/kaggle_durian_leaf_disease_dataset/images/test__ALLOCARIDARA_ATTACK__to_label_936.jpg,ALLOCARIDARA_ATTACK,test
data/durian/kaggle_durian_leaf_disease_dataset/images/test__ALLOCARIDARA_ATTACK__to_label_937.jpg,ALLOCARIDARA_ATTACK,test
data/durian/kaggle_durian_leaf_disease_dataset/images/test__ALLOCARIDARA_ATTACK__to_label_949.jpg,ALLOCARIDARA_ATTACK,test
data/durian/kaggle_durian_leaf_disease_dataset/images/test__ALLOCARIDARA_ATTACK__to_label_951.jpg,ALLOCARIDARA_ATTACK,test
data/durian/kaggle_durian_leaf_disease_dataset/images/test__ALLOCARIDARA_ATTACK__to_label_955.jpg,ALLOCARIDARA_ATTACK,test
data/durian/kaggle_durian_leaf_disease_dataset/images/test__ALLOCARIDARA_ATTACK__to_label_956.jpg,ALLOCARIDARA_ATTACK,test
data/durian/kaggle_durian_leaf_disease_dataset/images/test__ALLOCARIDARA_ATTACK__to_label_960.jpg,ALLOCARIDARA_ATTACK,test
data/durian/kaggle_durian_leaf_disease_dataset/images/test__ALLOCARIDARA_ATTACK__to_label_963.jpg,ALLOCARIDARA_ATTACK,test
data/durian/kaggle_durian_leaf_disease_dataset/images/test__ALLOCARIDARA_ATTACK__to_label_974.jpg,ALLOCARIDARA_ATTACK,test
data/durian/kaggle_durian_leaf_disease_dataset/images/test__ALLOCARIDARA_ATTACK__to_label_975.jpg,ALLOCARIDARA_ATTACK,test
data/durian/kaggle_durian_leaf_disease_dataset/images/test__ALLOCARIDARA_ATTACK__to_label_978.jpg,ALLOCARIDARA_ATTACK,test
data/durian/kaggle_durian_leaf_disease_dataset/images/test__ALLOCARIDARA_ATTACK__to_label_979.jpg,ALLOCARIDARA_ATTACK,test
data/durian/kaggle_durian_leaf_disease_dataset/images/test__ALLOCARIDARA_ATTACK__to_label_985.jpg,ALLOCARIDARA_ATTACK,test
data/durian/kaggle_durian_leaf_disease_dataset/images/test__ALLOCARIDARA_ATTACK__to_label_986.jpg,ALLOCARIDARA_ATTACK,test
data/durian/kaggle_durian_leaf_disease_dataset/images/test__ALLOCARIDARA_ATTACK__to_label_989.jpg,ALLOCARIDARA_ATTACK,test
data/durian/kaggle_durian_leaf_disease_dataset/images/test__ALLOCARIDARA_ATTACK__to_label_993.jpg,ALLOCARIDARA_ATTACK,test
data/durian/kaggle_durian_leaf_disease_dataset/images/test__ALLOCARIDARA_ATTACK__to_label_994.jpg,ALLOCARIDARA_ATTACK,test
data/durian/kaggle_durian_leaf_disease_dataset/images/test__ALLOCARIDARA_ATTACK__to_label_998.jpg,ALLOCARIDARA_ATTACK,test
data/durian/kaggle_durian_leaf_disease_dataset/images/test__HEALTHY_LEAF__to_label_1715.jpg,HEALTHY_LEAF,test
data/durian/kaggle_durian_leaf_disease_dataset/images/test__HEALTHY_LEAF__to_label_1717.jpg,HEALTHY_LEAF,test
data/durian/kaggle_durian_leaf_disease_dataset/images/test__HEALTHY_LEAF__to_label_1720.jpg,HEALTHY_LEAF,test
data/durian/kaggle_durian_leaf_disease_dataset/images/test__HEALTHY_LEAF__to_label_1733.jpg,HEALTHY_LEAF,test
data/durian/kaggle_durian_leaf_disease_dataset/images/test__HEALTHY_LEAF__to_label_1735.jpg,HEALTHY_LEAF,test
data/durian/kaggle_durian_leaf_disease_dataset/images/test__HEALTHY_LEAF__to_label_1739.jpg,HEALTHY_LEAF,test
data/durian/kaggle_durian_leaf_disease_dataset/images/test__HEALTHY_LEAF__to_label_1740.jpg,HEALTHY_LEAF,test
data/durian/kaggle_durian_leaf_disease_dataset/images/test__HEALTHY_LEAF__to_label_1754.jpg,HEALTHY_LEAF,test
data/durian/kaggle_durian_leaf_disease_dataset/images/test__HEALTHY_LEAF__to_label_1764.jpg,HEALTHY_LEAF,test
data/durian/kaggle_durian_leaf_disease_dataset/images/test__HEALTHY_LEAF__to_label_1769.jpg,HEALTHY_LEAF,test
data/durian/kaggle_durian_leaf_disease_dataset/images/test__HEALTHY_LEAF__to_label_1773.jpg,HEALTHY_LEAF,test
data/durian/kaggle_durian_leaf_disease_dataset/images/test__HEALTHY_LEAF__to_label_1775.jpg,HEALTHY_LEAF,test
data/durian/kaggle_durian_leaf_disease_dataset/images/test__HEALTHY_LEAF__to_label_1776.jpg,HEALTHY_LEAF,test
data/durian/kaggle_durian_leaf_disease_dataset/images/test__HEALTHY_LEAF__to_label_1777.jpg,HEALTHY_LEAF,test
data/durian/kaggle_durian_leaf_disease_dataset/images/test__HEALTHY_LEAF__to_label_1780.jpg,HEALTHY_LEAF,test
data/durian/kaggle_durian_leaf_disease_dataset/images/test__HEALTHY_LEAF__to_label_1786.jpg,HEALTHY_LEAF,test
data/durian/kaggle_durian_leaf_disease_dataset/images/test__HEALTHY_LEAF__to_label_1787.jpg,HEALTHY_LEAF,test
data/durian/kaggle_durian_leaf_disease_dataset/images/test__HEALTHY_LEAF__to_label_1788.jpg,HEALTHY_LEAF,test
data/durian/kaggle_durian_leaf_disease_dataset/images/test__HEALTHY_LEAF__to_label_1791.jpg,HEALTHY_LEAF,test
data/durian/kaggle_durian_leaf_disease_dataset/images/test__HEALTHY_LEAF__to_label_1792.jpg,HEALTHY_LEAF,test
data/durian/kaggle_durian_leaf_disease_dataset/images/test__HEALTHY_LEAF__to_label_1811.jpg,HEALTHY_LEAF,test
data/durian/kaggle_durian_leaf_disease_dataset/images/test__HEALTHY_LEAF__to_label_1817.jpg,HEALTHY_LEAF,test
data/durian/kaggle_durian_leaf_disease_dataset/images/test__HEALTHY_LEAF__to_label_1819.jpg,HEALTHY_LEAF,test
data/durian/kaggle_durian_leaf_disease_dataset/images/test__HEALTHY_LEAF__to_label_1820.jpg,HEALTHY_LEAF,test
data/durian/kaggle_durian_leaf_disease_dataset/images/test__HEALTHY_LEAF__to_label_1828.jpg,HEALTHY_LEAF,test
data/durian/kaggle_durian_leaf_disease_dataset/images/test__HEALTHY_LEAF__to_label_1846.jpg,HEALTHY_LEAF,test
data/durian/kaggle_durian_leaf_disease_dataset/images/test__HEALTHY_LEAF__to_label_1849.jpg,HEALTHY_LEAF,test
data/durian/kaggle_durian_leaf_disease_dataset/images/test__HEALTHY_LEAF__to_label_1851.jpg,HEALTHY_LEAF,test
data/durian/kaggle_durian_leaf_disease_dataset/images/test__HEALTHY_LEAF__to_label_1865.jpg,HEALTHY_LEAF,test
data/durian/kaggle_durian_leaf_disease_dataset/images/test__HEALTHY_LEAF__to_label_1868.jpg,HEALTHY_LEAF,test
data/durian/kaggle_durian_leaf_disease_dataset/images/test__HEALTHY_LEAF__to_label_1875.jpg,HEALTHY_LEAF,test
data/durian/kaggle_durian_leaf_disease_dataset/images/test__HEALTHY_LEAF__to_label_1884.jpg,HEALTHY_LEAF,test
data/durian/kaggle_durian_leaf_disease_dataset/images/test__HEALTHY_LEAF__to_label_1894.jpg,HEALTHY_LEAF,test
data/durian/kaggle_durian_leaf_disease_dataset/images/test__HEALTHY_LEAF__to_label_1906.jpg,HEALTHY_LEAF,test
data/durian/kaggle_durian_leaf_disease_dataset/images/test__HEALTHY_LEAF__to_label_1908.jpg,HEALTHY_LEAF,test
data/durian/kaggle_durian_leaf_disease_dataset/images/test__HEALTHY_LEAF__to_label_1909.jpg,HEALTHY_LEAF,test
data/durian/kaggle_durian_leaf_disease_dataset/images/test__HEALTHY_LEAF__to_label_1918.jpg,HEALTHY_LEAF,test
data/durian/kaggle_durian_leaf_disease_dataset/images/test__HEALTHY_LEAF__to_label_1919.jpg,HEALTHY_LEAF,test
data/durian/kaggle_durian_leaf_disease_dataset/images/test__HEALTHY_LEAF__to_label_1920.jpg,HEALTHY_LEAF,test
data/durian/kaggle_durian_leaf_disease_dataset/images/test__HEALTHY_LEAF__to_label_1928.jpg,HEALTHY_LEAF,test
data/durian/kaggle_durian_leaf_disease_dataset/images/test__HEALTHY_LEAF__to_label_1937.jpg,HEALTHY_LEAF,test
data/durian/kaggle_durian_leaf_disease_dataset/images/test__HEALTHY_LEAF__to_label_1945.jpg,HEALTHY_LEAF,test
data/durian/kaggle_durian_leaf_disease_dataset/images/test__HEALTHY_LEAF__to_label_1947.jpg,HEALTHY_LEAF,test
data/durian/kaggle_durian_leaf_disease_dataset/images/test__HEALTHY_LEAF__to_label_1949.jpg,HEALTHY_LEAF,test
data/durian/kaggle_durian_leaf_disease_dataset/images/test__HEALTHY_LEAF__to_label_1954.jpg,HEALTHY_LEAF,test
data/durian/kaggle_durian_leaf_disease_dataset/images/test__HEALTHY_LEAF__to_label_1969.jpg,HEALTHY_LEAF,test
data/durian/kaggle_durian_leaf_disease_dataset/images/test__HEALTHY_LEAF__to_label_1975.jpg,HEALTHY_LEAF,test
data/durian/kaggle_durian_leaf_disease_dataset/images/test__HEALTHY_LEAF__to_label_1976.jpg,HEALTHY_LEAF,test
data/durian/kaggle_durian_leaf_disease_dataset/images/test__HEALTHY_LEAF__to_label_1985.jpg,HEALTHY_LEAF,test
data/durian/kaggle_durian_leaf_disease_dataset/images/test__HEALTHY_LEAF__to_label_1987.jpg,HEALTHY_LEAF,test
data/durian/kaggle_durian_leaf_disease_dataset/images/test__HEALTHY_LEAF__to_label_1990.jpg,HEALTHY_LEAF,test
data/durian/kaggle_durian_leaf_disease_dataset/images/test__HEALTHY_LEAF__to_label_1991.jpg,HEALTHY_LEAF,test
data/durian/kaggle_durian_leaf_disease_dataset/images/test__HEALTHY_LEAF__to_label_1996.jpg,HEALTHY_LEAF,test
data/durian/kaggle_durian_leaf_disease_dataset/images/test__HEALTHY_LEAF__to_label_2000.jpg,HEALTHY_LEAF,test
data/durian/kaggle_durian_leaf_disease_dataset/images/test__HEALTHY_LEAF__to_label_2002.jpg,HEALTHY_LEAF,test
data/durian/kaggle_durian_leaf_disease_dataset/images/test__HEALTHY_LEAF__to_label_2004.jpg,HEALTHY_LEAF,test
data/durian/kaggle_durian_leaf_disease_dataset/images/test__HEALTHY_LEAF__to_label_2006.jpg,HEALTHY_LEAF,test
data/durian/kaggle_durian_leaf_disease_dataset/images/test__HEALTHY_LEAF__to_label_2008.jpg,HEALTHY_LEAF,test
data/durian/kaggle_durian_leaf_disease_dataset/images/test__HEALTHY_LEAF__to_label_2020.jpg,HEALTHY_LEAF,test
data/durian/kaggle_durian_leaf_disease_dataset/images/test__HEALTHY_LEAF__to_label_2022.jpg,HEALTHY_LEAF,test
data/durian/kaggle_durian_leaf_disease_dataset/images/test__HEALTHY_LEAF__to_label_2024.jpg,HEALTHY_LEAF,test
data/durian/kaggle_durian_leaf_disease_dataset/images/test__HEALTHY_LEAF__to_label_2026.jpg,HEALTHY_LEAF,test
data/durian/kaggle_durian_leaf_disease_dataset/images/test__HEALTHY_LEAF__to_label_2028.jpg,HEALTHY_LEAF,test
data/durian/kaggle_durian_leaf_disease_dataset/images/test__HEALTHY_LEAF__to_label_2031.jpg,HEALTHY_LEAF,test
data/durian/kaggle_durian_leaf_disease_dataset/images/test__HEALTHY_LEAF__to_label_2038.jpg,HEALTHY_LEAF,test
data/durian/kaggle_durian_leaf_disease_dataset/images/test__HEALTHY_LEAF__to_label_2044.jpg,HEALTHY_LEAF,test
data/durian/kaggle_durian_leaf_disease_dataset/images/test__HEALTHY_LEAF__to_label_2052.jpg,HEALTHY_LEAF,test
data/durian/kaggle_durian_leaf_disease_dataset/images/test__HEALTHY_LEAF__to_label_2061.jpg,HEALTHY_LEAF,test
data/durian/kaggle_durian_leaf_disease_dataset/images/test__HEALTHY_LEAF__to_label_2065.jpg,HEALTHY_LEAF,test
data/durian/kaggle_durian_leaf_disease_dataset/images/test__HEALTHY_LEAF__to_label_2067.jpg,HEALTHY_LEAF,test
data/durian/kaggle_durian_leaf_disease_dataset/images/test__HEALTHY_LEAF__to_label_2071.jpg,HEALTHY_LEAF,test
data/durian/kaggle_durian_leaf_disease_dataset/images/test__HEALTHY_LEAF__to_label_2080.jpg,HEALTHY_LEAF,test
data/durian/kaggle_durian_leaf_disease_dataset/images/test__HEALTHY_LEAF__to_label_2081.jpg,HEALTHY_LEAF,test
data/durian/kaggle_durian_leaf_disease_dataset/images/test__HEALTHY_LEAF__to_label_2087.jpg,HEALTHY_LEAF,test
data/durian/kaggle_durian_leaf_disease_dataset/images/test__HEALTHY_LEAF__to_label_2114.jpg,HEALTHY_LEAF,test
data/durian/kaggle_durian_leaf_disease_dataset/images/test__HEALTHY_LEAF__to_label_2118.jpg,HEALTHY_LEAF,test
data/durian/kaggle_durian_leaf_disease_dataset/images/test__HEALTHY_LEAF__to_label_2135.jpg,HEALTHY_LEAF,test
data/durian/kaggle_durian_leaf_disease_dataset/images/test__HEALTHY_LEAF__to_label_2139.jpg,HEALTHY_LEAF,test
data/durian/kaggle_durian_leaf_disease_dataset/images/test__HEALTHY_LEAF__to_label_2142.jpg,HEALTHY_LEAF,test
data/durian/kaggle_durian_leaf_disease_dataset/images/test__HEALTHY_LEAF__to_label_2143.jpg,HEALTHY_LEAF,test
data/durian/kaggle_durian_leaf_disease_dataset/images/test__HEALTHY_LEAF__to_label_2146.jpg,HEALTHY_LEAF,test
data/durian/kaggle_durian_leaf_disease_dataset/images/test__HEALTHY_LEAF__to_label_2149.jpg,HEALTHY_LEAF,test
data/durian/kaggle_durian_leaf_disease_dataset/images/test__HEALTHY_LEAF__to_label_2155.jpg,HEALTHY_LEAF,test
data/durian/kaggle_durian_leaf_disease_dataset/images/test__HEALTHY_LEAF__to_label_2157.jpg,HEALTHY_LEAF,test
data/durian/kaggle_durian_leaf_disease_dataset/images/test__HEALTHY_LEAF__to_label_2159.jpg,HEALTHY_LEAF,test
data/durian/kaggle_durian_leaf_disease_dataset/images/test__HEALTHY_LEAF__to_label_2163.jpg,HEALTHY_LEAF,test
data/durian/kaggle_durian_leaf_disease_dataset/images/test__HEALTHY_LEAF__to_label_2177.jpg,HEALTHY_LEAF,test
data/durian/kaggle_durian_leaf_disease_dataset/images/test__HEALTHY_LEAF__to_label_2188.jpg,HEALTHY_LEAF,test
data/durian/kaggle_durian_leaf_disease_dataset/images/test__HEALTHY_LEAF__to_label_2191.jpg,HEALTHY_LEAF,test
data/durian/kaggle_durian_leaf_disease_dataset/images/test__HEALTHY_LEAF__to_label_2192.jpg,HEALTHY_LEAF,test
data/durian/kaggle_durian_leaf_disease_dataset/images/test__HEALTHY_LEAF__to_label_2203.jpg,HEALTHY_LEAF,test
data/durian/kaggle_durian_leaf_disease_dataset/images/test__HEALTHY_LEAF__to_label_2210.jpg,HEALTHY_LEAF,test
data/durian/kaggle_durian_leaf_disease_dataset/images/test__HEALTHY_LEAF__to_label_2216.jpg,HEALTHY_LEAF,test
data/durian/kaggle_durian_leaf_disease_dataset/images/test__HEALTHY_LEAF__to_label_2217.jpg,HEALTHY_LEAF,test
data/durian/kaggle_durian_leaf_disease_dataset/images/test__HEALTHY_LEAF__to_label_2223.jpg,HEALTHY_LEAF,test
data/durian/kaggle_durian_leaf_disease_dataset/images/test__HEALTHY_LEAF__to_label_2224.jpg,HEALTHY_LEAF,test
data/durian/kaggle_durian_leaf_disease_dataset/images/test__HEALTHY_LEAF__to_label_2231.jpg,HEALTHY_LEAF,test
data/durian/kaggle_durian_leaf_disease_dataset/images/test__HEALTHY_LEAF__to_label_2232.jpg,HEALTHY_LEAF,test
data/durian/kaggle_durian_leaf_disease_dataset/images/test__HEALTHY_LEAF__to_label_2233.jpg,HEALTHY_LEAF,test
data/durian/kaggle_durian_leaf_disease_dataset/images/test__HEALTHY_LEAF__to_label_2237.jpg,HEALTHY_LEAF,test
data/durian/kaggle_durian_leaf_disease_dataset/images/test__HEALTHY_LEAF__to_label_2238.jpg,HEALTHY_LEAF,test
data/durian/kaggle_durian_leaf_disease_dataset/images/test__HEALTHY_LEAF__to_label_2239.jpg,HEALTHY_LEAF,test
data/durian/kaggle_durian_leaf_disease_dataset/images/test__HEALTHY_LEAF__to_label_2240.jpg,HEALTHY_LEAF,test
data/durian/kaggle_durian_leaf_disease_dataset/images/test__HEALTHY_LEAF__to_label_2241.jpg,HEALTHY_LEAF,test
data/durian/kaggle_durian_leaf_disease_dataset/images/test__HEALTHY_LEAF__to_label_2252.jpg,HEALTHY_LEAF,test
data/durian/kaggle_durian_leaf_disease_dataset/images/test__HEALTHY_LEAF__to_label_2253.jpg,HEALTHY_LEAF,test
data/durian/kaggle_durian_leaf_disease_dataset/images/test__HEALTHY_LEAF__to_label_2254.jpg,HEALTHY_LEAF,test
data/durian/kaggle_durian_leaf_disease_dataset/images/test__HEALTHY_LEAF__to_label_2262.jpg,HEALTHY_LEAF,test
data/durian/kaggle_durian_leaf_disease_dataset/images/test__HEALTHY_LEAF__to_label_2264.jpg,HEALTHY_LEAF,test
data/durian/kaggle_durian_leaf_disease_dataset/images/test__HEALTHY_LEAF__to_label_2267.jpg,HEALTHY_LEAF,test
data/durian/kaggle_durian_leaf_disease_dataset/images/test__HEALTHY_LEAF__to_label_2268.jpg,HEALTHY_LEAF,test
data/durian/kaggle_durian_leaf_disease_dataset/images/test__HEALTHY_LEAF__to_label_2280.jpg,HEALTHY_LEAF,test
data/durian/kaggle_durian_leaf_disease_dataset/images/test__HEALTHY_LEAF__to_label_2286.jpg,HEALTHY_LEAF,test
data/durian/kaggle_durian_leaf_disease_dataset/images/test__HEALTHY_LEAF__to_label_2292.jpg,HEALTHY_LEAF,test
data/durian/kaggle_durian_leaf_disease_dataset/images/test__HEALTHY_LEAF__to_label_2297.jpg,HEALTHY_LEAF,test
data/durian/kaggle_durian_leaf_disease_dataset/images/test__HEALTHY_LEAF__to_label_2300.jpg,HEALTHY_LEAF,test
data/durian/kaggle_durian_leaf_disease_dataset/images/test__HEALTHY_LEAF__to_label_2301.jpg,HEALTHY_LEAF,test
data/durian/kaggle_durian_leaf_disease_dataset/images/test__HEALTHY_LEAF__to_label_2304.jpg,HEALTHY_LEAF,test
data/durian/kaggle_durian_leaf_disease_dataset/images/test__HEALTHY_LEAF__to_label_2308.jpg,HEALTHY_LEAF,test
data/durian/kaggle_durian_leaf_disease_dataset/images/test__HEALTHY_LEAF__to_label_2315.jpg,HEALTHY_LEAF,test
data/durian/kaggle_durian_leaf_disease_dataset/images/test__HEALTHY_LEAF__to_label_2331.jpg,HEALTHY_LEAF,test
data/durian/kaggle_durian_leaf_disease_dataset/images/test__HEALTHY_LEAF__to_label_2332.jpg,HEALTHY_LEAF,test
data/durian/kaggle_durian_leaf_disease_dataset/images/test__HEALTHY_LEAF__to_label_2335.jpg,HEALTHY_LEAF,test
data/durian/kaggle_durian_leaf_disease_dataset/images/test__HEALTHY_LEAF__to_label_2336.jpg,HEALTHY_LEAF,test
data/durian/kaggle_durian_leaf_disease_dataset/images/test__HEALTHY_LEAF__to_label_2338.jpg,HEALTHY_LEAF,test
data/durian/kaggle_durian_leaf_disease_dataset/images/test__HEALTHY_LEAF__to_label_2339.jpg,HEALTHY_LEAF,test
data/durian/kaggle_durian_leaf_disease_dataset/images/test__HEALTHY_LEAF__to_label_2340.jpg,HEALTHY_LEAF,test
data/durian/kaggle_durian_leaf_disease_dataset/images/test__HEALTHY_LEAF__to_label_2344.jpg,HEALTHY_LEAF,test
data/durian/kaggle_durian_leaf_disease_dataset/images/test__HEALTHY_LEAF__to_label_2345.jpg,HEALTHY_LEAF,test
data/durian/kaggle_durian_leaf_disease_dataset/images/test__HEALTHY_LEAF__to_label_2354.jpg,HEALTHY_LEAF,test
data/durian/kaggle_durian_leaf_disease_dataset/images/test__HEALTHY_LEAF__to_label_2359.jpg,HEALTHY_LEAF,test
data/durian/kaggle_durian_leaf_disease_dataset/images/test__HEALTHY_LEAF__to_label_2366.jpg,HEALTHY_LEAF,test
data/durian/kaggle_durian_leaf_disease_dataset/images/test__HEALTHY_LEAF__to_label_2372.jpg,HEALTHY_LEAF,test
data/durian/kaggle_durian_leaf_disease_dataset/images/test__HEALTHY_LEAF__to_label_2383.jpg,HEALTHY_LEAF,test
data/durian/kaggle_durian_leaf_disease_dataset/images/test__HEALTHY_LEAF__to_label_2389.jpg,HEALTHY_LEAF,test
data/durian/kaggle_durian_leaf_disease_dataset/images/test__HEALTHY_LEAF__to_label_2395.jpg,HEALTHY_LEAF,test
data/durian/kaggle_durian_leaf_disease_dataset/images/test__HEALTHY_LEAF__to_label_2399.jpg,HEALTHY_LEAF,test
data/durian/kaggle_durian_leaf_disease_dataset/images/test__HEALTHY_LEAF__to_label_2402.jpg,HEALTHY_LEAF,test
data/durian/kaggle_durian_leaf_disease_dataset/images/test__HEALTHY_LEAF__to_label_2415.jpg,HEALTHY_LEAF,test
data/durian/kaggle_durian_leaf_disease_dataset/images/test__HEALTHY_LEAF__to_label_2416.jpg,HEALTHY_LEAF,test
data/durian/kaggle_durian_leaf_disease_dataset/images/test__HEALTHY_LEAF__to_label_2418.jpg,HEALTHY_LEAF,test
data/durian/kaggle_durian_leaf_disease_dataset/images/test__HEALTHY_LEAF__to_label_2433.jpg,HEALTHY_LEAF,test
data/durian/kaggle_durian_leaf_disease_dataset/images/test__HEALTHY_LEAF__to_label_2449.jpg,HEALTHY_LEAF,test
data/durian/kaggle_durian_leaf_disease_dataset/images/test__HEALTHY_LEAF__to_label_2455.jpg,HEALTHY_LEAF,test
data/durian/kaggle_durian_leaf_disease_dataset/images/test__HEALTHY_LEAF__to_label_2456.jpg,HEALTHY_LEAF,test
data/durian/kaggle_durian_leaf_disease_dataset/images/test__HEALTHY_LEAF__to_label_2459.jpg,HEALTHY_LEAF,test
data/durian/kaggle_durian_leaf_disease_dataset/images/test__HEALTHY_LEAF__to_label_2461.jpg,HEALTHY_LEAF,test
data/durian/kaggle_durian_leaf_disease_dataset/images/test__HEALTHY_LEAF__to_label_2466.jpg,HEALTHY_LEAF,test
data/durian/kaggle_durian_leaf_disease_dataset/images/test__HEALTHY_LEAF__to_label_2467.jpg,HEALTHY_LEAF,test
data/durian/kaggle_durian_leaf_disease_dataset/images/test__HEALTHY_LEAF__to_label_2469.jpg,HEALTHY_LEAF,test
data/durian/kaggle_durian_leaf_disease_dataset/images/test__HEALTHY_LEAF__to_label_2488.jpg,HEALTHY_LEAF,test
data/durian/kaggle_durian_leaf_disease_dataset/images/test__HEALTHY_LEAF__to_label_2495.jpg,HEALTHY_LEAF,test
data/durian/kaggle_durian_leaf_disease_dataset/images/test__HEALTHY_LEAF__to_label_2503.jpg,HEALTHY_LEAF,test
data/durian/kaggle_durian_leaf_disease_dataset/images/test__HEALTHY_LEAF__to_label_2505.jpg,HEALTHY_LEAF,test
data/durian/kaggle_durian_leaf_disease_dataset/images/test__HEALTHY_LEAF__to_label_2507.jpg,HEALTHY_LEAF,test
data/durian/kaggle_durian_leaf_disease_dataset/images/test__HEALTHY_LEAF__to_label_2510.jpg,HEALTHY_LEAF,test
data/durian/kaggle_durian_leaf_disease_dataset/images/test__HEALTHY_LEAF__to_label_2516.jpg,HEALTHY_LEAF,test
data/durian/kaggle_durian_leaf_disease_dataset/images/test__HEALTHY_LEAF__to_label_2535.jpg,HEALTHY_LEAF,test
data/durian/kaggle_durian_leaf_disease_dataset/images/test__HEALTHY_LEAF__to_label_2545.jpg,HEALTHY_LEAF,test
data/durian/kaggle_durian_leaf_disease_dataset/images/test__HEALTHY_LEAF__to_label_2549.jpg,HEALTHY_LEAF,test
data/durian/kaggle_durian_leaf_disease_dataset/images/test__HEALTHY_LEAF__to_label_2551.jpg,HEALTHY_LEAF,test
data/durian/kaggle_durian_leaf_disease_dataset/images/test__HEALTHY_LEAF__to_label_2552.jpg,HEALTHY_LEAF,test
data/durian/kaggle_durian_leaf_disease_dataset/images/test__HEALTHY_LEAF__to_label_2556.jpg,HEALTHY_LEAF,test
data/durian/kaggle_durian_leaf_disease_dataset/images/test__HEALTHY_LEAF__to_label_2560.jpg,HEALTHY_LEAF,test
data/durian/kaggle_durian_leaf_disease_dataset/images/test__HEALTHY_LEAF__to_label_2561.jpg,HEALTHY_LEAF,test
data/durian/kaggle_durian_leaf_disease_dataset/images/test__HEALTHY_LEAF__to_label_2567.jpg,HEALTHY_LEAF,test
data/durian/kaggle_durian_leaf_disease_dataset/images/test__HEALTHY_LEAF__to_label_2579.jpg,HEALTHY_LEAF,test
data/durian/kaggle_durian_leaf_disease_dataset/images/test__HEALTHY_LEAF__to_label_2580.jpg,HEALTHY_LEAF,test
data/durian/kaggle_durian_leaf_disease_dataset/images/test__HEALTHY_LEAF__to_label_2586.jpg,HEALTHY_LEAF,test
data/durian/kaggle_durian_leaf_disease_dataset/images/test__HEALTHY_LEAF__to_label_2588.jpg,HEALTHY_LEAF,test
data/durian/kaggle_durian_leaf_disease_dataset/images/test__HEALTHY_LEAF__to_label_2591.jpg,HEALTHY_LEAF,test
data/durian/kaggle_durian_leaf_disease_dataset/images/test__HEALTHY_LEAF__to_label_2593.jpg,HEALTHY_LEAF,test
data/durian/kaggle_durian_leaf_disease_dataset/images/test__HEALTHY_LEAF__to_label_2594.jpg,HEALTHY_LEAF,test
data/durian/kaggle_durian_leaf_disease_dataset/images/test__HEALTHY_LEAF__to_label_2601.jpg,HEALTHY_LEAF,test
data/durian/kaggle_durian_leaf_disease_dataset/images/test__HEALTHY_LEAF__to_label_2603.jpg,HEALTHY_LEAF,test
data/durian/kaggle_durian_leaf_disease_dataset/images/test__HEALTHY_LEAF__to_label_2605.jpg,HEALTHY_LEAF,test
data/durian/kaggle_durian_leaf_disease_dataset/images/test__HEALTHY_LEAF__to_label_2612.jpg,HEALTHY_LEAF,test
data/durian/kaggle_durian_leaf_disease_dataset/images/test__HEALTHY_LEAF__to_label_2621.jpg,HEALTHY_LEAF,test
data/durian/kaggle_durian_leaf_disease_dataset/images/test__HEALTHY_LEAF__to_label_2622.jpg,HEALTHY_LEAF,test
data/durian/kaggle_durian_leaf_disease_dataset/images/test__HEALTHY_LEAF__to_label_2634.jpg,HEALTHY_LEAF,test
data/durian/kaggle_durian_leaf_disease_dataset/images/test__HEALTHY_LEAF__to_label_2635.jpg,HEALTHY_LEAF,test
data/durian/kaggle_durian_leaf_disease_dataset/images/test__HEALTHY_LEAF__to_label_2641.jpg,HEALTHY_LEAF,test
data/durian/kaggle_durian_leaf_disease_dataset/images/test__HEALTHY_LEAF__to_label_2646.jpg,HEALTHY_LEAF,test
data/durian/kaggle_durian_leaf_disease_dataset/images/test__HEALTHY_LEAF__to_label_2648.jpg,HEALTHY_LEAF,test
data/durian/kaggle_durian_leaf_disease_dataset/images/test__HEALTHY_LEAF__to_label_2659.jpg,HEALTHY_LEAF,test
data/durian/kaggle_durian_leaf_disease_dataset/images/test__HEALTHY_LEAF__to_label_2660.jpg,HEALTHY_LEAF,test
data/durian/kaggle_durian_leaf_disease_dataset/images/test__HEALTHY_LEAF__to_label_2661.jpg,HEALTHY_LEAF,test
data/durian/kaggle_durian_leaf_disease_dataset/images/test__HEALTHY_LEAF__to_label_2663.jpg,HEALTHY_LEAF,test
data/durian/kaggle_durian_leaf_disease_dataset/images/test__HEALTHY_LEAF__to_label_2664.jpg,HEALTHY_LEAF,test
data/durian/kaggle_durian_leaf_disease_dataset/images/test__HEALTHY_LEAF__to_label_2665.jpg,HEALTHY_LEAF,test
data/durian/kaggle_durian_leaf_disease_dataset/images/test__HEALTHY_LEAF__to_label_2671.jpg,HEALTHY_LEAF,test
data/durian/kaggle_durian_leaf_disease_dataset/images/test__HEALTHY_LEAF__to_label_2675.jpg,HEALTHY_LEAF,test
data/durian/kaggle_durian_leaf_disease_dataset/images/test__HEALTHY_LEAF__to_label_2677.jpg,HEALTHY_LEAF,test
data/durian/kaggle_durian_leaf_disease_dataset/images/test__HEALTHY_LEAF__to_label_2680.jpg,HEALTHY_LEAF,test
data/durian/kaggle_durian_leaf_disease_dataset/images/test__HEALTHY_LEAF__to_label_2681.jpg,HEALTHY_LEAF,test
data/durian/kaggle_durian_leaf_disease_dataset/images/test__HEALTHY_LEAF__to_label_2684.jpg,HEALTHY_LEAF,test
data/durian/kaggle_durian_leaf_disease_dataset/images/test__LEAF_BLIGHT__to_label_2688.jpg,LEAF_BLIGHT,test
data/durian/kaggle_durian_leaf_disease_dataset/images/test__LEAF_BLIGHT__to_label_2696.jpg,LEAF_BLIGHT,test
data/durian/kaggle_durian_leaf_disease_dataset/images/test__LEAF_BLIGHT__to_label_2715.jpg,LEAF_BLIGHT,test
data/durian/kaggle_durian_leaf_disease_dataset/images/test__LEAF_BLIGHT__to_label_2719.jpg,LEAF_BLIGHT,test
data/durian/kaggle_durian_leaf_disease_dataset/images/test__LEAF_BLIGHT__to_label_2725.jpg,LEAF_BLIGHT,test
data/durian/kaggle_durian_leaf_disease_dataset/images/test__LEAF_BLIGHT__to_label_2730.jpg,LEAF_BLIGHT,test
data/durian/kaggle_durian_leaf_disease_dataset/images/test__LEAF_BLIGHT__to_label_2735.jpg,LEAF_BLIGHT,test
data/durian/kaggle_durian_leaf_disease_dataset/images/test__LEAF_BLIGHT__to_label_2741.jpg,LEAF_BLIGHT,test
data/durian/kaggle_durian_leaf_disease_dataset/images/test__LEAF_BLIGHT__to_label_2745.jpg,LEAF_BLIGHT,test
data/durian/kaggle_durian_leaf_disease_dataset/images/test__LEAF_BLIGHT__to_label_2746.jpg,LEAF_BLIGHT,test
data/durian/kaggle_durian_leaf_disease_dataset/images/test__LEAF_BLIGHT__to_label_2751.jpg,LEAF_BLIGHT,test
data/durian/kaggle_durian_leaf_disease_dataset/images/test__LEAF_BLIGHT__to_label_2753.jpg,LEAF_BLIGHT,test
data/durian/kaggle_durian_leaf_disease_dataset/images/test__LEAF_BLIGHT__to_label_2758.jpg,LEAF_BLIGHT,test
data/durian/kaggle_durian_leaf_disease_dataset/images/test__LEAF_BLIGHT__to_label_2763.jpg,LEAF_BLIGHT,test
data/durian/kaggle_durian_leaf_disease_dataset/images/test__LEAF_BLIGHT__to_label_2764.jpg,LEAF_BLIGHT,test
data/durian/kaggle_durian_leaf_disease_dataset/images/test__LEAF_BLIGHT__to_label_2765.jpg,LEAF_BLIGHT,test
data/durian/kaggle_durian_leaf_disease_dataset/images/test__LEAF_BLIGHT__to_label_2767.jpg,LEAF_BLIGHT,test
data/durian/kaggle_durian_leaf_disease_dataset/images/test__LEAF_BLIGHT__to_label_2768.jpg,LEAF_BLIGHT,test
data/durian/kaggle_durian_leaf_disease_dataset/images/test__LEAF_BLIGHT__to_label_2782.jpg,LEAF_BLIGHT,test
data/durian/kaggle_durian_leaf_disease_dataset/images/test__LEAF_BLIGHT__to_label_2783.jpg,LEAF_BLIGHT,test
data/durian/kaggle_durian_leaf_disease_dataset/images/test__LEAF_BLIGHT__to_label_2787.jpg,LEAF_BLIGHT,test
data/durian/kaggle_durian_leaf_disease_dataset/images/test__LEAF_BLIGHT__to_label_2795.jpg,LEAF_BLIGHT,test
data/durian/kaggle_durian_leaf_disease_dataset/images/test__LEAF_BLIGHT__to_label_2796.jpg,LEAF_BLIGHT,test
data/durian/kaggle_durian_leaf_disease_dataset/images/test__LEAF_BLIGHT__to_label_2804.jpg,LEAF_BLIGHT,test
data/durian/kaggle_durian_leaf_disease_dataset/images/test__LEAF_BLIGHT__to_label_2823.jpg,LEAF_BLIGHT,test
data/durian/kaggle_durian_leaf_disease_dataset/images/test__LEAF_BLIGHT__to_label_2825.jpg,LEAF_BLIGHT,test
data/durian/kaggle_durian_leaf_disease_dataset/images/test__LEAF_BLIGHT__to_label_2827.jpg,LEAF_BLIGHT,test
data/durian/kaggle_durian_leaf_disease_dataset/images/test__LEAF_BLIGHT__to_label_2834.jpg,LEAF_BLIGHT,test
data/durian/kaggle_durian_leaf_disease_dataset/images/test__LEAF_BLIGHT__to_label_2841.jpg,LEAF_BLIGHT,test
data/durian/kaggle_durian_leaf_disease_dataset/images/test__LEAF_BLIGHT__to_label_2844.jpg,LEAF_BLIGHT,test
data/durian/kaggle_durian_leaf_disease_dataset/images/test__LEAF_BLIGHT__to_label_2854.jpg,LEAF_BLIGHT,test
data/durian/kaggle_durian_leaf_disease_dataset/images/test__LEAF_BLIGHT__to_label_2860.jpg,LEAF_BLIGHT,test
data/durian/kaggle_durian_leaf_disease_dataset/images/test__LEAF_BLIGHT__to_label_2878.jpg,LEAF_BLIGHT,test
data/durian/kaggle_durian_leaf_disease_dataset/images/test__LEAF_BLIGHT__to_label_2882.jpg,LEAF_BLIGHT,test
data/durian/kaggle_durian_leaf_disease_dataset/images/test__LEAF_BLIGHT__to_label_2884.jpg,LEAF_BLIGHT,test
data/durian/kaggle_durian_leaf_disease_dataset/images/test__LEAF_BLIGHT__to_label_2890.jpg,LEAF_BLIGHT,test
data/durian/kaggle_durian_leaf_disease_dataset/images/test__LEAF_BLIGHT__to_label_2894.jpg,LEAF_BLIGHT,test
data/durian/kaggle_durian_leaf_disease_dataset/images/test__LEAF_BLIGHT__to_label_2895.jpg,LEAF_BLIGHT,test
data/durian/kaggle_durian_leaf_disease_dataset/images/test__LEAF_BLIGHT__to_label_2898.jpg,LEAF_BLIGHT,test
data/durian/kaggle_durian_leaf_disease_dataset/images/test__LEAF_BLIGHT__to_label_2899.jpg,LEAF_BLIGHT,test
data/durian/kaggle_durian_leaf_disease_dataset/images/test__LEAF_BLIGHT__to_label_2904.jpg,LEAF_BLIGHT,test
data/durian/kaggle_durian_leaf_disease_dataset/images/test__LEAF_BLIGHT__to_label_2917.jpg,LEAF_BLIGHT,test
data/durian/kaggle_durian_leaf_disease_dataset/images/test__LEAF_BLIGHT__to_label_2921.jpg,LEAF_BLIGHT,test
data/durian/kaggle_durian_leaf_disease_dataset/images/test__LEAF_BLIGHT__to_label_2925.jpg,LEAF_BLIGHT,test
data/durian/kaggle_durian_leaf_disease_dataset/images/test__LEAF_BLIGHT__to_label_2930.jpg,LEAF_BLIGHT,test
data/durian/kaggle_durian_leaf_disease_dataset/images/test__LEAF_BLIGHT__to_label_2933.jpg,LEAF_BLIGHT,test
data/durian/kaggle_durian_leaf_disease_dataset/images/test__LEAF_BLIGHT__to_label_2936.jpg,LEAF_BLIGHT,test
data/durian/kaggle_durian_leaf_disease_dataset/images/test__LEAF_BLIGHT__to_label_2945.jpg,LEAF_BLIGHT,test
data/durian/kaggle_durian_leaf_disease_dataset/images/test__LEAF_BLIGHT__to_label_2951.jpg,LEAF_BLIGHT,test
data/durian/kaggle_durian_leaf_disease_dataset/images/test__LEAF_BLIGHT__to_label_2952.jpg,LEAF_BLIGHT,test
data/durian/kaggle_durian_leaf_disease_dataset/images/test__LEAF_BLIGHT__to_label_2966.jpg,LEAF_BLIGHT,test
data/durian/kaggle_durian_leaf_disease_dataset/images/test__LEAF_BLIGHT__to_label_2967.jpg,LEAF_BLIGHT,test
data/durian/kaggle_durian_leaf_disease_dataset/images/test__LEAF_BLIGHT__to_label_2972.jpg,LEAF_BLIGHT,test
data/durian/kaggle_durian_leaf_disease_dataset/images/test__LEAF_BLIGHT__to_label_2976.jpg,LEAF_BLIGHT,test
data/durian/kaggle_durian_leaf_disease_dataset/images/test__LEAF_BLIGHT__to_label_2978.jpg,LEAF_BLIGHT,test
data/durian/kaggle_durian_leaf_disease_dataset/images/test__LEAF_BLIGHT__to_label_2980.jpg,LEAF_BLIGHT,test
data/durian/kaggle_durian_leaf_disease_dataset/images/test__LEAF_BLIGHT__to_label_2982.jpg,LEAF_BLIGHT,test
data/durian/kaggle_durian_leaf_disease_dataset/images/test__LEAF_BLIGHT__to_label_2984.jpg,LEAF_BLIGHT,test
data/durian/kaggle_durian_leaf_disease_dataset/images/test__LEAF_BLIGHT__to_label_2988.jpg,LEAF_BLIGHT,test
data/durian/kaggle_durian_leaf_disease_dataset/images/test__LEAF_BLIGHT__to_label_2991.jpg,LEAF_BLIGHT,test
data/durian/kaggle_durian_leaf_disease_dataset/images/test__LEAF_BLIGHT__to_label_2992.jpg,LEAF_BLIGHT,test
data/durian/kaggle_durian_leaf_disease_dataset/images/test__LEAF_BLIGHT__to_label_2993.jpg,LEAF_BLIGHT,test
data/durian/kaggle_durian_leaf_disease_dataset/images/test__LEAF_BLIGHT__to_label_2995.jpg,LEAF_BLIGHT,test
data/durian/kaggle_durian_leaf_disease_dataset/images/test__LEAF_BLIGHT__to_label_2997.jpg,LEAF_BLIGHT,test
data/durian/kaggle_durian_leaf_disease_dataset/images/test__LEAF_BLIGHT__to_label_3000.jpg,LEAF_BLIGHT,test
data/durian/kaggle_durian_leaf_disease_dataset/images/test__LEAF_BLIGHT__to_label_3007.jpg,LEAF_BLIGHT,test
data/durian/kaggle_durian_leaf_disease_dataset/images/test__LEAF_BLIGHT__to_label_3009.jpg,LEAF_BLIGHT,test
data/durian/kaggle_durian_leaf_disease_dataset/images/test__LEAF_BLIGHT__to_label_3013.jpg,LEAF_BLIGHT,test
data/durian/kaggle_durian_leaf_disease_dataset/images/test__LEAF_BLIGHT__to_label_3014.jpg,LEAF_BLIGHT,test
data/durian/kaggle_durian_leaf_disease_dataset/images/test__LEAF_BLIGHT__to_label_3017.jpg,LEAF_BLIGHT,test
data/durian/kaggle_durian_leaf_disease_dataset/images/test__LEAF_BLIGHT__to_label_3019.jpg,LEAF_BLIGHT,test
data/durian/kaggle_durian_leaf_disease_dataset/images/test__LEAF_BLIGHT__to_label_3020.jpg,LEAF_BLIGHT,test
data/durian/kaggle_durian_leaf_disease_dataset/images/test__LEAF_BLIGHT__to_label_3028.jpg,LEAF_BLIGHT,test
data/durian/kaggle_durian_leaf_disease_dataset/images/test__LEAF_BLIGHT__to_label_3030.jpg,LEAF_BLIGHT,test
data/durian/kaggle_durian_leaf_disease_dataset/images/test__LEAF_BLIGHT__to_label_3036.jpg,LEAF_BLIGHT,test
data/durian/kaggle_durian_leaf_disease_dataset/images/test__LEAF_BLIGHT__to_label_3037.jpg,LEAF_BLIGHT,test
data/durian/kaggle_durian_leaf_disease_dataset/images/test__LEAF_BLIGHT__to_label_3038.jpg,LEAF_BLIGHT,test
data/durian/kaggle_durian_leaf_disease_dataset/images/test__LEAF_BLIGHT__to_label_3041.jpg,LEAF_BLIGHT,test
data/durian/kaggle_durian_leaf_disease_dataset/images/test__LEAF_BLIGHT__to_label_3045.jpg,LEAF_BLIGHT,test
data/durian/kaggle_durian_leaf_disease_dataset/images/test__LEAF_BLIGHT__to_label_3047.jpg,LEAF_BLIGHT,test
data/durian/kaggle_durian_leaf_disease_dataset/images/test__LEAF_BLIGHT__to_label_3049.jpg,LEAF_BLIGHT,test
data/durian/kaggle_durian_leaf_disease_dataset/images/test__LEAF_BLIGHT__to_label_3056.jpg,LEAF_BLIGHT,test
data/durian/kaggle_durian_leaf_disease_dataset/images/test__LEAF_BLIGHT__to_label_3063.jpg,LEAF_BLIGHT,test
data/durian/kaggle_durian_leaf_disease_dataset/images/test__LEAF_BLIGHT__to_label_3068.jpg,LEAF_BLIGHT,test
data/durian/kaggle_durian_leaf_disease_dataset/images/test__LEAF_BLIGHT__to_label_3080.jpg,LEAF_BLIGHT,test
data/durian/kaggle_durian_leaf_disease_dataset/images/test__LEAF_BLIGHT__to_label_3084.jpg,LEAF_BLIGHT,test
data/durian/kaggle_durian_leaf_disease_dataset/images/test__LEAF_BLIGHT__to_label_3097.jpg,LEAF_BLIGHT,test
data/durian/kaggle_durian_leaf_disease_dataset/images/test__LEAF_BLIGHT__to_label_3098.jpg,LEAF_BLIGHT,test
data/durian/kaggle_durian_leaf_disease_dataset/images/test__LEAF_BLIGHT__to_label_3109.jpg,LEAF_BLIGHT,test
data/durian/kaggle_durian_leaf_disease_dataset/images/test__LEAF_BLIGHT__to_label_3110.jpg,LEAF_BLIGHT,test
data/durian/kaggle_durian_leaf_disease_dataset/images/test__LEAF_BLIGHT__to_label_3115.jpg,LEAF_BLIGHT,test
data/durian/kaggle_durian_leaf_disease_dataset/images/test__LEAF_BLIGHT__to_label_3116.jpg,LEAF_BLIGHT,test
data/durian/kaggle_durian_leaf_disease_dataset/images/test__LEAF_BLIGHT__to_label_3118.jpg,LEAF_BLIGHT,test
data/durian/kaggle_durian_leaf_disease_dataset/images/test__LEAF_BLIGHT__to_label_3119.jpg,LEAF_BLIGHT,test
data/durian/kaggle_durian_leaf_disease_dataset/images/test__LEAF_BLIGHT__to_label_3133.jpg,LEAF_BLIGHT,test
data/durian/kaggle_durian_leaf_disease_dataset/images/test__LEAF_BLIGHT__to_label_3139.jpg,LEAF_BLIGHT,test
data/durian/kaggle_durian_leaf_disease_dataset/images/test__LEAF_BLIGHT__to_label_3142.jpg,LEAF_BLIGHT,test
data/durian/kaggle_durian_leaf_disease_dataset/images/test__LEAF_BLIGHT__to_label_3154.jpg,LEAF_BLIGHT,test
data/durian/kaggle_durian_leaf_disease_dataset/images/test__LEAF_BLIGHT__to_label_3168.jpg,LEAF_BLIGHT,test
data/durian/kaggle_durian_leaf_disease_dataset/images/test__LEAF_BLIGHT__to_label_3169.jpg,LEAF_BLIGHT,test
data/durian/kaggle_durian_leaf_disease_dataset/images/test__LEAF_BLIGHT__to_label_3176.jpg,LEAF_BLIGHT,test
data/durian/kaggle_durian_leaf_disease_dataset/images/test__LEAF_BLIGHT__to_label_3180.jpg,LEAF_BLIGHT,test
data/durian/kaggle_durian_leaf_disease_dataset/images/test__LEAF_BLIGHT__to_label_3181.jpg,LEAF_BLIGHT,test
data/durian/kaggle_durian_leaf_disease_dataset/images/test__LEAF_BLIGHT__to_label_3193.jpg,LEAF_BLIGHT,test
data/durian/kaggle_durian_leaf_disease_dataset/images/test__LEAF_BLIGHT__to_label_3199.jpg,LEAF_BLIGHT,test
data/durian/kaggle_durian_leaf_disease_dataset/images/test__LEAF_BLIGHT__to_label_3204.jpg,LEAF_BLIGHT,test
data/durian/kaggle_durian_leaf_disease_dataset/images/test__LEAF_BLIGHT__to_label_3212.jpg,LEAF_BLIGHT,test
data/durian/kaggle_durian_leaf_disease_dataset/images/test__LEAF_BLIGHT__to_label_3213.jpg,LEAF_BLIGHT,test
data/durian/kaggle_durian_leaf_disease_dataset/images/test__LEAF_BLIGHT__to_label_3214.jpg,LEAF_BLIGHT,test
data/durian/kaggle_durian_leaf_disease_dataset/images/test__LEAF_BLIGHT__to_label_3217.jpg,LEAF_BLIGHT,test
data/durian/kaggle_durian_leaf_disease_dataset/images/test__LEAF_BLIGHT__to_label_3220.jpg,LEAF_BLIGHT,test
data/durian/kaggle_durian_leaf_disease_dataset/images/test__LEAF_BLIGHT__to_label_3222.jpg,LEAF_BLIGHT,test
data/durian/kaggle_durian_leaf_disease_dataset/images/test__LEAF_BLIGHT__to_label_3227.jpg,LEAF_BLIGHT,test
data/durian/kaggle_durian_leaf_disease_dataset/images/test__LEAF_BLIGHT__to_label_3228.jpg,LEAF_BLIGHT,test
data/durian/kaggle_durian_leaf_disease_dataset/images/test__LEAF_BLIGHT__to_label_3233.jpg,LEAF_BLIGHT,test
data/durian/kaggle_durian_leaf_disease_dataset/images/test__LEAF_BLIGHT__to_label_3243.jpg,LEAF_BLIGHT,test
data/durian/kaggle_durian_leaf_disease_dataset/images/test__LEAF_BLIGHT__to_label_3256.jpg,LEAF_BLIGHT,test
data/durian/kaggle_durian_leaf_disease_dataset/images/test__LEAF_BLIGHT__to_label_3261.jpg,LEAF_BLIGHT,test
data/durian/kaggle_durian_leaf_disease_dataset/images/test__LEAF_BLIGHT__to_label_3270.jpg,LEAF_BLIGHT,test
data/durian/kaggle_durian_leaf_disease_dataset/images/test__LEAF_BLIGHT__to_label_3275.jpg,LEAF_BLIGHT,test
data/durian/kaggle_durian_leaf_disease_dataset/images/test__LEAF_BLIGHT__to_label_3279.jpg,LEAF_BLIGHT,test
data/durian/kaggle_durian_leaf_disease_dataset/images/test__LEAF_BLIGHT__to_label_3282.jpg,LEAF_BLIGHT,test
data/durian/kaggle_durian_leaf_disease_dataset/images/test__LEAF_BLIGHT__to_label_3283.jpg,LEAF_BLIGHT,test
data/durian/kaggle_durian_leaf_disease_dataset/images/test__LEAF_BLIGHT__to_label_3285.jpg,LEAF_BLIGHT,test
data/durian/kaggle_durian_leaf_disease_dataset/images/test__LEAF_BLIGHT__to_label_3288.jpg,LEAF_BLIGHT,test
data/durian/kaggle_durian_leaf_disease_dataset/images/test__LEAF_BLIGHT__to_label_3292.jpg,LEAF_BLIGHT,test
data/durian/kaggle_durian_leaf_disease_dataset/images/test__LEAF_BLIGHT__to_label_3297.jpg,LEAF_BLIGHT,test
data/durian/kaggle_durian_leaf_disease_dataset/images/test__LEAF_BLIGHT__to_label_3301.jpg,LEAF_BLIGHT,test
data/durian/kaggle_durian_leaf_disease_dataset/images/test__LEAF_BLIGHT__to_label_3302.jpg,LEAF_BLIGHT,test
data/durian/kaggle_durian_leaf_disease_dataset/images/test__LEAF_BLIGHT__to_label_3306.jpg,LEAF_BLIGHT,test
data/durian/kaggle_durian_leaf_disease_dataset/images/test__LEAF_BLIGHT__to_label_3314.jpg,LEAF_BLIGHT,test
data/durian/kaggle_durian_leaf_disease_dataset/images/test__LEAF_BLIGHT__to_label_3319.jpg,LEAF_BLIGHT,test
data/durian/kaggle_durian_leaf_disease_dataset/images/test__LEAF_BLIGHT__to_label_3336.jpg,LEAF_BLIGHT,test
data/durian/kaggle_durian_leaf_disease_dataset/images/test__LEAF_BLIGHT__to_label_3337.jpg,LEAF_BLIGHT,test
data/durian/kaggle_durian_leaf_disease_dataset/images/test__LEAF_BLIGHT__to_label_3344.jpg,LEAF_BLIGHT,test
data/durian/kaggle_durian_leaf_disease_dataset/images/test__LEAF_BLIGHT__to_label_3353.jpg,LEAF_BLIGHT,test
data/durian/kaggle_durian_leaf_disease_dataset/images/test__LEAF_BLIGHT__to_label_3365.jpg,LEAF_BLIGHT,test
data/durian/kaggle_durian_leaf_disease_dataset/images/test__LEAF_BLIGHT__to_label_3366.jpg,LEAF_BLIGHT,test
data/durian/kaggle_durian_leaf_disease_dataset/images/test__LEAF_BLIGHT__to_label_3368.jpg,LEAF_BLIGHT,test
data/durian/kaggle_durian_leaf_disease_dataset/images/test__LEAF_BLIGHT__to_label_3371.jpg,LEAF_BLIGHT,test
data/durian/kaggle_durian_leaf_disease_dataset/images/test__LEAF_BLIGHT__to_label_3374.jpg,LEAF_BLIGHT,test
data/durian/kaggle_durian_leaf_disease_dataset/images/test__LEAF_BLIGHT__to_label_3378.jpg,LEAF_BLIGHT,test
data/durian/kaggle_durian_leaf_disease_dataset/images/test__LEAF_BLIGHT__to_label_3383.jpg,LEAF_BLIGHT,test
data/durian/kaggle_durian_leaf_disease_dataset/images/test__LEAF_BLIGHT__to_label_3389.jpg,LEAF_BLIGHT,test
data/durian/kaggle_durian_leaf_disease_dataset/images/test__LEAF_BLIGHT__to_label_3400.jpg,LEAF_BLIGHT,test
data/durian/kaggle_durian_leaf_disease_dataset/images/test__LEAF_BLIGHT__to_label_3402.jpg,LEAF_BLIGHT,test
data/durian/kaggle_durian_leaf_disease_dataset/images/test__LEAF_BLIGHT__to_label_3409.jpg,LEAF_BLIGHT,test
data/durian/kaggle_durian_leaf_disease_dataset/images/test__LEAF_BLIGHT__to_label_3414.jpg,LEAF_BLIGHT,test
data/durian/kaggle_durian_leaf_disease_dataset/images/test__LEAF_BLIGHT__to_label_3416.jpg,LEAF_BLIGHT,test
data/durian/kaggle_durian_leaf_disease_dataset/images/test__LEAF_BLIGHT__to_label_3429.jpg,LEAF_BLIGHT,test
data/durian/kaggle_durian_leaf_disease_dataset/images/test__LEAF_BLIGHT__to_label_3431.jpg,LEAF_BLIGHT,test
data/durian/kaggle_durian_leaf_disease_dataset/images/test__LEAF_BLIGHT__to_label_3435.jpg,LEAF_BLIGHT,test
data/durian/kaggle_durian_leaf_disease_dataset/images/test__LEAF_BLIGHT__to_label_3436.jpg,LEAF_BLIGHT,test
data/durian/kaggle_durian_leaf_disease_dataset/images/test__LEAF_BLIGHT__to_label_3444.jpg,LEAF_BLIGHT,test
data/durian/kaggle_durian_leaf_disease_dataset/images/test__LEAF_BLIGHT__to_label_3446.jpg,LEAF_BLIGHT,test
data/durian/kaggle_durian_leaf_disease_dataset/images/test__LEAF_BLIGHT__to_label_3460.jpg,LEAF_BLIGHT,test
data/durian/kaggle_durian_leaf_disease_dataset/images/test__LEAF_BLIGHT__to_label_3476.jpg,LEAF_BLIGHT,test
data/durian/kaggle_durian_leaf_disease_dataset/images/test__LEAF_BLIGHT__to_label_3486.jpg,LEAF_BLIGHT,test
data/durian/kaggle_durian_leaf_disease_dataset/images/test__LEAF_BLIGHT__to_label_3490.jpg,LEAF_BLIGHT,test
data/durian/kaggle_durian_leaf_disease_dataset/images/test__LEAF_BLIGHT__to_label_3495.jpg,LEAF_BLIGHT,test
data/durian/kaggle_durian_leaf_disease_dataset/images/test__LEAF_BLIGHT__to_label_3497.jpg,LEAF_BLIGHT,test
data/durian/kaggle_durian_leaf_disease_dataset/images/test__LEAF_BLIGHT__to_label_3505.jpg,LEAF_BLIGHT,test
data/durian/kaggle_durian_leaf_disease_dataset/images/test__LEAF_BLIGHT__to_label_3518.jpg,LEAF_BLIGHT,test
data/durian/kaggle_durian_leaf_disease_dataset/images/test__LEAF_BLIGHT__to_label_3519.jpg,LEAF_BLIGHT,test
data/durian/kaggle_durian_leaf_disease_dataset/images/test__LEAF_BLIGHT__to_label_3520.jpg,LEAF_BLIGHT,test
data/durian/kaggle_durian_leaf_disease_dataset/images/test__LEAF_BLIGHT__to_label_3521.jpg,LEAF_BLIGHT,test
data/durian/kaggle_durian_leaf_disease_dataset/images/test__LEAF_BLIGHT__to_label_3528.jpg,LEAF_BLIGHT,test
data/durian/kaggle_durian_leaf_disease_dataset/images/test__LEAF_BLIGHT__to_label_3530.jpg,LEAF_BLIGHT,test
data/durian/kaggle_durian_leaf_disease_dataset/images/test__LEAF_BLIGHT__to_label_3533.jpg,LEAF_BLIGHT,test
data/durian/kaggle_durian_leaf_disease_dataset/images/test__LEAF_BLIGHT__to_label_3536.jpg,LEAF_BLIGHT,test
data/durian/kaggle_durian_leaf_disease_dataset/images/test__LEAF_BLIGHT__to_label_3549.jpg,LEAF_BLIGHT,test
data/durian/kaggle_durian_leaf_disease_dataset/images/test__LEAF_BLIGHT__to_label_3551.jpg,LEAF_BLIGHT,test
data/durian/kaggle_durian_leaf_disease_dataset/images/test__LEAF_BLIGHT__to_label_3558.jpg,LEAF_BLIGHT,test
data/durian/kaggle_durian_leaf_disease_dataset/images/test__LEAF_BLIGHT__to_label_3559.jpg,LEAF_BLIGHT,test
data/durian/kaggle_durian_leaf_disease_dataset/images/test__LEAF_BLIGHT__to_label_3562.jpg,LEAF_BLIGHT,test
data/durian/kaggle_durian_leaf_disease_dataset/images/test__LEAF_BLIGHT__to_label_3564.jpg,LEAF_BLIGHT,test
data/durian/kaggle_durian_leaf_disease_dataset/images/test__LEAF_BLIGHT__to_label_3565.jpg,LEAF_BLIGHT,test
data/durian/kaggle_durian_leaf_disease_dataset/images/test__LEAF_BLIGHT__to_label_3573.jpg,LEAF_BLIGHT,test
data/durian/kaggle_durian_leaf_disease_dataset/images/test__LEAF_BLIGHT__to_label_3578.jpg,LEAF_BLIGHT,test
data/durian/kaggle_durian_leaf_disease_dataset/images/test__LEAF_BLIGHT__to_label_3579.jpg,LEAF_BLIGHT,test
data/durian/kaggle_durian_leaf_disease_dataset/images/test__LEAF_BLIGHT__to_label_3585.jpg,LEAF_BLIGHT,test
data/durian/kaggle_durian_leaf_disease_dataset/images/test__LEAF_BLIGHT__to_label_3586.jpg,LEAF_BLIGHT,test
data/durian/kaggle_durian_leaf_disease_dataset/images/test__LEAF_BLIGHT__to_label_3597.jpg,LEAF_BLIGHT,test
data/durian/kaggle_durian_leaf_disease_dataset/images/test__LEAF_BLIGHT__to_label_3598.jpg,LEAF_BLIGHT,test
data/durian/kaggle_durian_leaf_disease_dataset/images/test__LEAF_BLIGHT__to_label_3608.jpg,LEAF_BLIGHT,test
data/durian/kaggle_durian_leaf_disease_dataset/images/test__LEAF_BLIGHT__to_label_3617.jpg,LEAF_BLIGHT,test
data/durian/kaggle_durian_leaf_disease_dataset/images/test__LEAF_BLIGHT__to_label_3618.jpg,LEAF_BLIGHT,test
data/durian/kaggle_durian_leaf_disease_dataset/images/test__LEAF_BLIGHT__to_label_3621.jpg,LEAF_BLIGHT,test
data/durian/kaggle_durian_leaf_disease_dataset/images/test__PHOMOPSIS_LEAF_SPOT__to_label_3628.jpg,PHOMOPSIS_LEAF_SPOT,test
data/durian/kaggle_durian_leaf_disease_dataset/images/test__PHOMOPSIS_LEAF_SPOT__to_label_3630.jpg,PHOMOPSIS_LEAF_SPOT,test
data/durian/kaggle_durian_leaf_disease_dataset/images/test__PHOMOPSIS_LEAF_SPOT__to_label_3646.jpg,PHOMOPSIS_LEAF_SPOT,test
data/durian/kaggle_durian_leaf_disease_dataset/images/test__PHOMOPSIS_LEAF_SPOT__to_label_3648.jpg,PHOMOPSIS_LEAF_SPOT,test
data/durian/kaggle_durian_leaf_disease_dataset/images/test__PHOMOPSIS_LEAF_SPOT__to_label_3653.jpg,PHOMOPSIS_LEAF_SPOT,test
data/durian/kaggle_durian_leaf_disease_dataset/images/test__PHOMOPSIS_LEAF_SPOT__to_label_3656.jpg,PHOMOPSIS_LEAF_SPOT,test
data/durian/kaggle_durian_leaf_disease_dataset/images/test__PHOMOPSIS_LEAF_SPOT__to_label_3662.jpg,PHOMOPSIS_LEAF_SPOT,test
data/durian/kaggle_durian_leaf_disease_dataset/images/test__PHOMOPSIS_LEAF_SPOT__to_label_3667.jpg,PHOMOPSIS_LEAF_SPOT,test
data/durian/kaggle_durian_leaf_disease_dataset/images/test__PHOMOPSIS_LEAF_SPOT__to_label_3686.jpg,PHOMOPSIS_LEAF_SPOT,test
data/durian/kaggle_durian_leaf_disease_dataset/images/test__PHOMOPSIS_LEAF_SPOT__to_label_3688.jpg,PHOMOPSIS_LEAF_SPOT,test
data/durian/kaggle_durian_leaf_disease_dataset/images/test__PHOMOPSIS_LEAF_SPOT__to_label_3689.jpg,PHOMOPSIS_LEAF_SPOT,test
data/durian/kaggle_durian_leaf_disease_dataset/images/test__PHOMOPSIS_LEAF_SPOT__to_label_3690.jpg,PHOMOPSIS_LEAF_SPOT,test
data/durian/kaggle_durian_leaf_disease_dataset/images/test__PHOMOPSIS_LEAF_SPOT__to_label_3695.jpg,PHOMOPSIS_LEAF_SPOT,test
data/durian/kaggle_durian_leaf_disease_dataset/images/test__PHOMOPSIS_LEAF_SPOT__to_label_3699.jpg,PHOMOPSIS_LEAF_SPOT,test
data/durian/kaggle_durian_leaf_disease_dataset/images/test__PHOMOPSIS_LEAF_SPOT__to_label_3700.jpg,PHOMOPSIS_LEAF_SPOT,test
data/durian/kaggle_durian_leaf_disease_dataset/images/test__PHOMOPSIS_LEAF_SPOT__to_label_3701.jpg,PHOMOPSIS_LEAF_SPOT,test
data/durian/kaggle_durian_leaf_disease_dataset/images/test__PHOMOPSIS_LEAF_SPOT__to_label_3702.jpg,PHOMOPSIS_LEAF_SPOT,test
data/durian/kaggle_durian_leaf_disease_dataset/images/test__PHOMOPSIS_LEAF_SPOT__to_label_3704.jpg,PHOMOPSIS_LEAF_SPOT,test
data/durian/kaggle_durian_leaf_disease_dataset/images/test__PHOMOPSIS_LEAF_SPOT__to_label_3705.jpg,PHOMOPSIS_LEAF_SPOT,test
data/durian/kaggle_durian_leaf_disease_dataset/images/test__PHOMOPSIS_LEAF_SPOT__to_label_3709.jpg,PHOMOPSIS_LEAF_SPOT,test
data/durian/kaggle_durian_leaf_disease_dataset/images/test__PHOMOPSIS_LEAF_SPOT__to_label_3719.jpg,PHOMOPSIS_LEAF_SPOT,test
data/durian/kaggle_durian_leaf_disease_dataset/images/test__PHOMOPSIS_LEAF_SPOT__to_label_3720.jpg,PHOMOPSIS_LEAF_SPOT,test
data/durian/kaggle_durian_leaf_disease_dataset/images/test__PHOMOPSIS_LEAF_SPOT__to_label_3724.jpg,PHOMOPSIS_LEAF_SPOT,test
data/durian/kaggle_durian_leaf_disease_dataset/images/test__PHOMOPSIS_LEAF_SPOT__to_label_3732.jpg,PHOMOPSIS_LEAF_SPOT,test
data/durian/kaggle_durian_leaf_disease_dataset/images/test__PHOMOPSIS_LEAF_SPOT__to_label_3733.jpg,PHOMOPSIS_LEAF_SPOT,test
data/durian/kaggle_durian_leaf_disease_dataset/images/test__PHOMOPSIS_LEAF_SPOT__to_label_3743.jpg,PHOMOPSIS_LEAF_SPOT,test
data/durian/kaggle_durian_leaf_disease_dataset/images/test__PHOMOPSIS_LEAF_SPOT__to_label_3756.jpg,PHOMOPSIS_LEAF_SPOT,test
data/durian/kaggle_durian_leaf_disease_dataset/images/test__PHOMOPSIS_LEAF_SPOT__to_label_3760.jpg,PHOMOPSIS_LEAF_SPOT,test
data/durian/kaggle_durian_leaf_disease_dataset/images/test__PHOMOPSIS_LEAF_SPOT__to_label_3762.jpg,PHOMOPSIS_LEAF_SPOT,test
data/durian/kaggle_durian_leaf_disease_dataset/images/test__PHOMOPSIS_LEAF_SPOT__to_label_3778.jpg,PHOMOPSIS_LEAF_SPOT,test
data/durian/kaggle_durian_leaf_disease_dataset/images/test__PHOMOPSIS_LEAF_SPOT__to_label_3781.jpg,PHOMOPSIS_LEAF_SPOT,test
data/durian/kaggle_durian_leaf_disease_dataset/images/test__PHOMOPSIS_LEAF_SPOT__to_label_3788.jpg,PHOMOPSIS_LEAF_SPOT,test
data/durian/kaggle_durian_leaf_disease_dataset/images/test__PHOMOPSIS_LEAF_SPOT__to_label_3815.jpg,PHOMOPSIS_LEAF_SPOT,test
data/durian/kaggle_durian_leaf_disease_dataset/images/test__PHOMOPSIS_LEAF_SPOT__to_label_3822.jpg,PHOMOPSIS_LEAF_SPOT,test
data/durian/kaggle_durian_leaf_disease_dataset/images/test__PHOMOPSIS_LEAF_SPOT__to_label_3827.jpg,PHOMOPSIS_LEAF_SPOT,test
data/durian/kaggle_durian_leaf_disease_dataset/images/test__PHOMOPSIS_LEAF_SPOT__to_label_3831.jpg,PHOMOPSIS_LEAF_SPOT,test
data/durian/kaggle_durian_leaf_disease_dataset/images/test__PHOMOPSIS_LEAF_SPOT__to_label_3832.jpg,PHOMOPSIS_LEAF_SPOT,test
data/durian/kaggle_durian_leaf_disease_dataset/images/test__PHOMOPSIS_LEAF_SPOT__to_label_3833.jpg,PHOMOPSIS_LEAF_SPOT,test
data/durian/kaggle_durian_leaf_disease_dataset/images/test__PHOMOPSIS_LEAF_SPOT__to_label_3834.jpg,PHOMOPSIS_LEAF_SPOT,test
data/durian/kaggle_durian_leaf_disease_dataset/images/test__PHOMOPSIS_LEAF_SPOT__to_label_3838.jpg,PHOMOPSIS_LEAF_SPOT,test
data/durian/kaggle_durian_leaf_disease_dataset/images/test__PHOMOPSIS_LEAF_SPOT__to_label_3850.jpg,PHOMOPSIS_LEAF_SPOT,test
data/durian/kaggle_durian_leaf_disease_dataset/images/test__PHOMOPSIS_LEAF_SPOT__to_label_3854.jpg,PHOMOPSIS_LEAF_SPOT,test
data/durian/kaggle_durian_leaf_disease_dataset/images/test__PHOMOPSIS_LEAF_SPOT__to_label_3858.jpg,PHOMOPSIS_LEAF_SPOT,test
data/durian/kaggle_durian_leaf_disease_dataset/images/test__PHOMOPSIS_LEAF_SPOT__to_label_3862.jpg,PHOMOPSIS_LEAF_SPOT,test
data/durian/kaggle_durian_leaf_disease_dataset/images/test__PHOMOPSIS_LEAF_SPOT__to_label_3867.jpg,PHOMOPSIS_LEAF_SPOT,test
data/durian/kaggle_durian_leaf_disease_dataset/images/test__PHOMOPSIS_LEAF_SPOT__to_label_3873.jpg,PHOMOPSIS_LEAF_SPOT,test
data/durian/kaggle_durian_leaf_disease_dataset/images/test__PHOMOPSIS_LEAF_SPOT__to_label_3877.jpg,PHOMOPSIS_LEAF_SPOT,test
data/durian/kaggle_durian_leaf_disease_dataset/images/test__PHOMOPSIS_LEAF_SPOT__to_label_3882.jpg,PHOMOPSIS_LEAF_SPOT,test
data/durian/kaggle_durian_leaf_disease_dataset/images/test__PHOMOPSIS_LEAF_SPOT__to_label_3883.jpg,PHOMOPSIS_LEAF_SPOT,test
data/durian/kaggle_durian_leaf_disease_dataset/images/test__PHOMOPSIS_LEAF_SPOT__to_label_3888.jpg,PHOMOPSIS_LEAF_SPOT,test
data/durian/kaggle_durian_leaf_disease_dataset/images/test__PHOMOPSIS_LEAF_SPOT__to_label_3889.jpg,PHOMOPSIS_LEAF_SPOT,test
data/durian/kaggle_durian_leaf_disease_dataset/images/test__PHOMOPSIS_LEAF_SPOT__to_label_3898.jpg,PHOMOPSIS_LEAF_SPOT,test
data/durian/kaggle_durian_leaf_disease_dataset/images/test__PHOMOPSIS_LEAF_SPOT__to_label_3903.jpg,PHOMOPSIS_LEAF_SPOT,test
data/durian/kaggle_durian_leaf_disease_dataset/images/test__PHOMOPSIS_LEAF_SPOT__to_label_3909.jpg,PHOMOPSIS_LEAF_SPOT,test
data/durian/kaggle_durian_leaf_disease_dataset/images/test__PHOMOPSIS_LEAF_SPOT__to_label_3913.jpg,PHOMOPSIS_LEAF_SPOT,test
data/durian/kaggle_durian_leaf_disease_dataset/images/test__PHOMOPSIS_LEAF_SPOT__to_label_3914.jpg,PHOMOPSIS_LEAF_SPOT,test
data/durian/kaggle_durian_leaf_disease_dataset/images/test__PHOMOPSIS_LEAF_SPOT__to_label_3917.jpg,PHOMOPSIS_LEAF_SPOT,test
data/durian/kaggle_durian_leaf_disease_dataset/images/test__PHOMOPSIS_LEAF_SPOT__to_label_3919.jpg,PHOMOPSIS_LEAF_SPOT,test
data/durian/kaggle_durian_leaf_disease_dataset/images/test__PHOMOPSIS_LEAF_SPOT__to_label_3922.jpg,PHOMOPSIS_LEAF_SPOT,test
data/durian/kaggle_durian_leaf_disease_dataset/images/test__PHOMOPSIS_LEAF_SPOT__to_label_3923.jpg,PHOMOPSIS_LEAF_SPOT,test
data/durian/kaggle_durian_leaf_disease_dataset/images/test__PHOMOPSIS_LEAF_SPOT__to_label_3925.jpg,PHOMOPSIS_LEAF_SPOT,test
data/durian/kaggle_durian_leaf_disease_dataset/images/test__PHOMOPSIS_LEAF_SPOT__to_label_3928.jpg,PHOMOPSIS_LEAF_SPOT,test
data/durian/kaggle_durian_leaf_disease_dataset/images/test__PHOMOPSIS_LEAF_SPOT__to_label_3929.jpg,PHOMOPSIS_LEAF_SPOT,test
data/durian/kaggle_durian_leaf_disease_dataset/images/test__PHOMOPSIS_LEAF_SPOT__to_label_3935.jpg,PHOMOPSIS_LEAF_SPOT,test
data/durian/kaggle_durian_leaf_disease_dataset/images/test__PHOMOPSIS_LEAF_SPOT__to_label_3937.jpg,PHOMOPSIS_LEAF_SPOT,test
data/durian/kaggle_durian_leaf_disease_dataset/images/test__PHOMOPSIS_LEAF_SPOT__to_label_3942.jpg,PHOMOPSIS_LEAF_SPOT,test
data/durian/kaggle_durian_leaf_disease_dataset/images/test__PHOMOPSIS_LEAF_SPOT__to_label_3950.jpg,PHOMOPSIS_LEAF_SPOT,test
data/durian/kaggle_durian_leaf_disease_dataset/images/test__PHOMOPSIS_LEAF_SPOT__to_label_3954.jpg,PHOMOPSIS_LEAF_SPOT,test
data/durian/kaggle_durian_leaf_disease_dataset/images/test__PHOMOPSIS_LEAF_SPOT__to_label_3956.jpg,PHOMOPSIS_LEAF_SPOT,test
data/durian/kaggle_durian_leaf_disease_dataset/images/test__PHOMOPSIS_LEAF_SPOT__to_label_3982.jpg,PHOMOPSIS_LEAF_SPOT,test
data/durian/kaggle_durian_leaf_disease_dataset/images/test__PHOMOPSIS_LEAF_SPOT__to_label_3984.jpg,PHOMOPSIS_LEAF_SPOT,test
data/durian/kaggle_durian_leaf_disease_dataset/images/test__PHOMOPSIS_LEAF_SPOT__to_label_3985.jpg,PHOMOPSIS_LEAF_SPOT,test
data/durian/kaggle_durian_leaf_disease_dataset/images/test__PHOMOPSIS_LEAF_SPOT__to_label_3990.jpg,PHOMOPSIS_LEAF_SPOT,test
data/durian/kaggle_durian_leaf_disease_dataset/images/test__PHOMOPSIS_LEAF_SPOT__to_label_4003.jpg,PHOMOPSIS_LEAF_SPOT,test
data/durian/kaggle_durian_leaf_disease_dataset/images/test__PHOMOPSIS_LEAF_SPOT__to_label_4004.jpg,PHOMOPSIS_LEAF_SPOT,test
data/durian/kaggle_durian_leaf_disease_dataset/images/test__PHOMOPSIS_LEAF_SPOT__to_label_4005.jpg,PHOMOPSIS_LEAF_SPOT,test
data/durian/kaggle_durian_leaf_disease_dataset/images/test__PHOMOPSIS_LEAF_SPOT__to_label_4013.jpg,PHOMOPSIS_LEAF_SPOT,test
data/durian/kaggle_durian_leaf_disease_dataset/images/test__PHOMOPSIS_LEAF_SPOT__to_label_4016.jpg,PHOMOPSIS_LEAF_SPOT,test
data/durian/kaggle_durian_leaf_disease_dataset/images/test__PHOMOPSIS_LEAF_SPOT__to_label_4031.jpg,PHOMOPSIS_LEAF_SPOT,test
data/durian/kaggle_durian_leaf_disease_dataset/images/test__PHOMOPSIS_LEAF_SPOT__to_label_4032.jpg,PHOMOPSIS_LEAF_SPOT,test
data/durian/kaggle_durian_leaf_disease_dataset/images/test__PHOMOPSIS_LEAF_SPOT__to_label_4034.jpg,PHOMOPSIS_LEAF_SPOT,test
data/durian/kaggle_durian_leaf_disease_dataset/images/test__PHOMOPSIS_LEAF_SPOT__to_label_4051.jpg,PHOMOPSIS_LEAF_SPOT,test
data/durian/kaggle_durian_leaf_disease_dataset/images/test__PHOMOPSIS_LEAF_SPOT__to_label_4053.jpg,PHOMOPSIS_LEAF_SPOT,test
data/durian/kaggle_durian_leaf_disease_dataset/images/test__PHOMOPSIS_LEAF_SPOT__to_label_4054.jpg,PHOMOPSIS_LEAF_SPOT,test
data/durian/kaggle_durian_leaf_disease_dataset/images/test__PHOMOPSIS_LEAF_SPOT__to_label_4055.jpg,PHOMOPSIS_LEAF_SPOT,test
data/durian/kaggle_durian_leaf_disease_dataset/images/test__PHOMOPSIS_LEAF_SPOT__to_label_4056.jpg,PHOMOPSIS_LEAF_SPOT,test
data/durian/kaggle_durian_leaf_disease_dataset/images/test__PHOMOPSIS_LEAF_SPOT__to_label_4057.jpg,PHOMOPSIS_LEAF_SPOT,test
data/durian/kaggle_durian_leaf_disease_dataset/images/test__PHOMOPSIS_LEAF_SPOT__to_label_4063.jpg,PHOMOPSIS_LEAF_SPOT,test
data/durian/kaggle_durian_leaf_disease_dataset/images/test__PHOMOPSIS_LEAF_SPOT__to_label_4067.jpg,PHOMOPSIS_LEAF_SPOT,test
data/durian/kaggle_durian_leaf_disease_dataset/images/test__PHOMOPSIS_LEAF_SPOT__to_label_4071.jpg,PHOMOPSIS_LEAF_SPOT,test
data/durian/kaggle_durian_leaf_disease_dataset/images/test__PHOMOPSIS_LEAF_SPOT__to_label_4076.jpg,PHOMOPSIS_LEAF_SPOT,test
data/durian/kaggle_durian_leaf_disease_dataset/images/test__PHOMOPSIS_LEAF_SPOT__to_label_4087.jpg,PHOMOPSIS_LEAF_SPOT,test
data/durian/kaggle_durian_leaf_disease_dataset/images/test__PHOMOPSIS_LEAF_SPOT__to_label_4088.jpg,PHOMOPSIS_LEAF_SPOT,test
data/durian/kaggle_durian_leaf_disease_dataset/images/test__PHOMOPSIS_LEAF_SPOT__to_label_4090.jpg,PHOMOPSIS_LEAF_SPOT,test
data/durian/kaggle_durian_leaf_disease_dataset/images/test__PHOMOPSIS_LEAF_SPOT__to_label_4105.jpg,PHOMOPSIS_LEAF_SPOT,test
data/durian/kaggle_durian_leaf_disease_dataset/images/test__PHOMOPSIS_LEAF_SPOT__to_label_4106.jpg,PHOMOPSIS_LEAF_SPOT,test
data/durian/kaggle_durian_leaf_disease_dataset/images/test__PHOMOPSIS_LEAF_SPOT__to_label_4110.jpg,PHOMOPSIS_LEAF_SPOT,test
data/durian/kaggle_durian_leaf_disease_dataset/images/test__PHOMOPSIS_LEAF_SPOT__to_label_4117.jpg,PHOMOPSIS_LEAF_SPOT,test
data/durian/kaggle_durian_leaf_disease_dataset/images/test__PHOMOPSIS_LEAF_SPOT__to_label_4120.jpg,PHOMOPSIS_LEAF_SPOT,test
data/durian/kaggle_durian_leaf_disease_dataset/images/test__PHOMOPSIS_LEAF_SPOT__to_label_4122.jpg,PHOMOPSIS_LEAF_SPOT,test
data/durian/kaggle_durian_leaf_disease_dataset/images/test__PHOMOPSIS_LEAF_SPOT__to_label_4124.jpg,PHOMOPSIS_LEAF_SPOT,test
data/durian/kaggle_durian_leaf_disease_dataset/images/test__PHOMOPSIS_LEAF_SPOT__to_label_4130.jpg,PHOMOPSIS_LEAF_SPOT,test
data/durian/kaggle_durian_leaf_disease_dataset/images/test__PHOMOPSIS_LEAF_SPOT__to_label_4139.jpg,PHOMOPSIS_LEAF_SPOT,test
data/durian/kaggle_durian_leaf_disease_dataset/images/test__PHOMOPSIS_LEAF_SPOT__to_label_4141.jpg,PHOMOPSIS_LEAF_SPOT,test
data/durian/kaggle_durian_leaf_disease_dataset/images/test__PHOMOPSIS_LEAF_SPOT__to_label_4146.jpg,PHOMOPSIS_LEAF_SPOT,test
data/durian/kaggle_durian_leaf_disease_dataset/images/test__PHOMOPSIS_LEAF_SPOT__to_label_4149.jpg,PHOMOPSIS_LEAF_SPOT,test
data/durian/kaggle_durian_leaf_disease_dataset/images/test__PHOMOPSIS_LEAF_SPOT__to_label_4153.jpg,PHOMOPSIS_LEAF_SPOT,test
data/durian/kaggle_durian_leaf_disease_dataset/images/test__PHOMOPSIS_LEAF_SPOT__to_label_4158.jpg,PHOMOPSIS_LEAF_SPOT,test
data/durian/kaggle_durian_leaf_disease_dataset/images/test__PHOMOPSIS_LEAF_SPOT__to_label_4159.jpg,PHOMOPSIS_LEAF_SPOT,test
data/durian/kaggle_durian_leaf_disease_dataset/images/test__PHOMOPSIS_LEAF_SPOT__to_label_4168.jpg,PHOMOPSIS_LEAF_SPOT,test
data/durian/kaggle_durian_leaf_disease_dataset/images/test__PHOMOPSIS_LEAF_SPOT__to_label_4170.jpg,PHOMOPSIS_LEAF_SPOT,test
data/durian/kaggle_durian_leaf_disease_dataset/images/test__PHOMOPSIS_LEAF_SPOT__to_label_4175.jpg,PHOMOPSIS_LEAF_SPOT,test
data/durian/kaggle_durian_leaf_disease_dataset/images/test__PHOMOPSIS_LEAF_SPOT__to_label_4177.jpg,PHOMOPSIS_LEAF_SPOT,test
data/durian/kaggle_durian_leaf_disease_dataset/images/test__PHOMOPSIS_LEAF_SPOT__to_label_4181.jpg,PHOMOPSIS_LEAF_SPOT,test
data/durian/kaggle_durian_leaf_disease_dataset/images/test__PHOMOPSIS_LEAF_SPOT__to_label_4192.jpg,PHOMOPSIS_LEAF_SPOT,test
data/durian/kaggle_durian_leaf_disease_dataset/images/test__PHOMOPSIS_LEAF_SPOT__to_label_4195.jpg,PHOMOPSIS_LEAF_SPOT,test
data/durian/kaggle_durian_leaf_disease_dataset/images/test__PHOMOPSIS_LEAF_SPOT__to_label_4198.jpg,PHOMOPSIS_LEAF_SPOT,test
data/durian/kaggle_durian_leaf_disease_dataset/images/test__PHOMOPSIS_LEAF_SPOT__to_label_4199.jpg,PHOMOPSIS_LEAF_SPOT,test
data/durian/kaggle_durian_leaf_disease_dataset/images/test__PHOMOPSIS_LEAF_SPOT__to_label_4205.jpg,PHOMOPSIS_LEAF_SPOT,test
data/durian/kaggle_durian_leaf_disease_dataset/images/test__PHOMOPSIS_LEAF_SPOT__to_label_4208.jpg,PHOMOPSIS_LEAF_SPOT,test
data/durian/kaggle_durian_leaf_disease_dataset/images/test__PHOMOPSIS_LEAF_SPOT__to_label_4211.jpg,PHOMOPSIS_LEAF_SPOT,test
data/durian/kaggle_durian_leaf_disease_dataset/images/test__PHOMOPSIS_LEAF_SPOT__to_label_4213.jpg,PHOMOPSIS_LEAF_SPOT,test
data/durian/kaggle_durian_leaf_disease_dataset/images/test__PHOMOPSIS_LEAF_SPOT__to_label_4225.jpg,PHOMOPSIS_LEAF_SPOT,test
data/durian/kaggle_durian_leaf_disease_dataset/images/test__PHOMOPSIS_LEAF_SPOT__to_label_4239.jpg,PHOMOPSIS_LEAF_SPOT,test
data/durian/kaggle_durian_leaf_disease_dataset/images/test__PHOMOPSIS_LEAF_SPOT__to_label_4241.jpg,PHOMOPSIS_LEAF_SPOT,test
data/durian/kaggle_durian_leaf_disease_dataset/images/test__PHOMOPSIS_LEAF_SPOT__to_label_4266.jpg,PHOMOPSIS_LEAF_SPOT,test
data/durian/kaggle_durian_leaf_disease_dataset/images/test__PHOMOPSIS_LEAF_SPOT__to_label_4273.jpg,PHOMOPSIS_LEAF_SPOT,test
data/durian/kaggle_durian_leaf_disease_dataset/images/test__PHOMOPSIS_LEAF_SPOT__to_label_4280.jpg,PHOMOPSIS_LEAF_SPOT,test
data/durian/kaggle_durian_leaf_disease_dataset/images/test__PHOMOPSIS_LEAF_SPOT__to_label_4283.jpg,PHOMOPSIS_LEAF_SPOT,test
data/durian/kaggle_durian_leaf_disease_dataset/images/test__PHOMOPSIS_LEAF_SPOT__to_label_4285.jpg,PHOMOPSIS_LEAF_SPOT,test
data/durian/kaggle_durian_leaf_disease_dataset/images/test__PHOMOPSIS_LEAF_SPOT__to_label_4287.jpg,PHOMOPSIS_LEAF_SPOT,test
data/durian/kaggle_durian_leaf_disease_dataset/images/test__PHOMOPSIS_LEAF_SPOT__to_label_4291.jpg,PHOMOPSIS_LEAF_SPOT,test
data/durian/kaggle_durian_leaf_disease_dataset/images/test__PHOMOPSIS_LEAF_SPOT__to_label_4301.jpg,PHOMOPSIS_LEAF_SPOT,test
data/durian/kaggle_durian_leaf_disease_dataset/images/test__PHOMOPSIS_LEAF_SPOT__to_label_4303.jpg,PHOMOPSIS_LEAF_SPOT,test
data/durian/kaggle_durian_leaf_disease_dataset/images/test__PHOMOPSIS_LEAF_SPOT__to_label_4307.jpg,PHOMOPSIS_LEAF_SPOT,test
data/durian/kaggle_durian_leaf_disease_dataset/images/test__PHOMOPSIS_LEAF_SPOT__to_label_4308.jpg,PHOMOPSIS_LEAF_SPOT,test
data/durian/kaggle_durian_leaf_disease_dataset/images/test__PHOMOPSIS_LEAF_SPOT__to_label_4317.jpg,PHOMOPSIS_LEAF_SPOT,test
data/durian/kaggle_durian_leaf_disease_dataset/images/test__PHOMOPSIS_LEAF_SPOT__to_label_4319.jpg,PHOMOPSIS_LEAF_SPOT,test
data/durian/kaggle_durian_leaf_disease_dataset/images/test__PHOMOPSIS_LEAF_SPOT__to_label_4326.jpg,PHOMOPSIS_LEAF_SPOT,test
data/durian/kaggle_durian_leaf_disease_dataset/images/test__PHOMOPSIS_LEAF_SPOT__to_label_4331.jpg,PHOMOPSIS_LEAF_SPOT,test
data/durian/kaggle_durian_leaf_disease_dataset/images/test__PHOMOPSIS_LEAF_SPOT__to_label_4336.jpg,PHOMOPSIS_LEAF_SPOT,test
data/durian/kaggle_durian_leaf_disease_dataset/images/test__PHOMOPSIS_LEAF_SPOT__to_label_4338.jpg,PHOMOPSIS_LEAF_SPOT,test
data/durian/kaggle_durian_leaf_disease_dataset/images/test__PHOMOPSIS_LEAF_SPOT__to_label_4339.jpg,PHOMOPSIS_LEAF_SPOT,test
data/durian/kaggle_durian_leaf_disease_dataset/images/test__PHOMOPSIS_LEAF_SPOT__to_label_4351.jpg,PHOMOPSIS_LEAF_SPOT,test
data/durian/kaggle_durian_leaf_disease_dataset/images/test__PHOMOPSIS_LEAF_SPOT__to_label_4363.jpg,PHOMOPSIS_LEAF_SPOT,test
data/durian/kaggle_durian_leaf_disease_dataset/images/test__PHOMOPSIS_LEAF_SPOT__to_label_4374.jpg,PHOMOPSIS_LEAF_SPOT,test
data/durian/kaggle_durian_leaf_disease_dataset/images/test__PHOMOPSIS_LEAF_SPOT__to_label_4384.jpg,PHOMOPSIS_LEAF_SPOT,test
data/durian/kaggle_durian_leaf_disease_dataset/images/test__PHOMOPSIS_LEAF_SPOT__to_label_4389.jpg,PHOMOPSIS_LEAF_SPOT,test
data/durian/kaggle_durian_leaf_disease_dataset/images/test__PHOMOPSIS_LEAF_SPOT__to_label_4390.jpg,PHOMOPSIS_LEAF_SPOT,test
data/durian/kaggle_durian_leaf_disease_dataset/images/test__PHOMOPSIS_LEAF_SPOT__to_label_4393.jpg,PHOMOPSIS_LEAF_SPOT,test
data/durian/kaggle_durian_leaf_disease_dataset/images/test__PHOMOPSIS_LEAF_SPOT__to_label_4395.jpg,PHOMOPSIS_LEAF_SPOT,test
data/durian/kaggle_durian_leaf_disease_dataset/images/test__PHOMOPSIS_LEAF_SPOT__to_label_4396.jpg,PHOMOPSIS_LEAF_SPOT,test
data/durian/kaggle_durian_leaf_disease_dataset/images/test__PHOMOPSIS_LEAF_SPOT__to_label_4397.jpg,PHOMOPSIS_LEAF_SPOT,test
data/durian/kaggle_durian_leaf_disease_dataset/images/test__PHOMOPSIS_LEAF_SPOT__to_label_4403.jpg,PHOMOPSIS_LEAF_SPOT,test
data/durian/kaggle_durian_leaf_disease_dataset/images/test__PHOMOPSIS_LEAF_SPOT__to_label_4408.jpg,PHOMOPSIS_LEAF_SPOT,test
data/durian/kaggle_durian_leaf_disease_dataset/images/test__PHOMOPSIS_LEAF_SPOT__to_label_4412.jpg,PHOMOPSIS_LEAF_SPOT,test
data/durian/kaggle_durian_leaf_disease_dataset/images/test__PHOMOPSIS_LEAF_SPOT__to_label_4414.jpg,PHOMOPSIS_LEAF_SPOT,test
data/durian/kaggle_durian_leaf_disease_dataset/images/test__PHOMOPSIS_LEAF_SPOT__to_label_4416.jpg,PHOMOPSIS_LEAF_SPOT,test
data/durian/kaggle_durian_leaf_disease_dataset/images/test__PHOMOPSIS_LEAF_SPOT__to_label_4417.jpg,PHOMOPSIS_LEAF_SPOT,test
data/durian/kaggle_durian_leaf_disease_dataset/images/test__PHOMOPSIS_LEAF_SPOT__to_label_4423.jpg,PHOMOPSIS_LEAF_SPOT,test
data/durian/kaggle_durian_leaf_disease_dataset/images/test__PHOMOPSIS_LEAF_SPOT__to_label_4425.jpg,PHOMOPSIS_LEAF_SPOT,test
data/durian/kaggle_durian_leaf_disease_dataset/images/test__PHOMOPSIS_LEAF_SPOT__to_label_4431.jpg,PHOMOPSIS_LEAF_SPOT,test
data/durian/kaggle_durian_leaf_disease_dataset/images/test__PHOMOPSIS_LEAF_SPOT__to_label_4432.jpg,PHOMOPSIS_LEAF_SPOT,test
data/durian/kaggle_durian_leaf_disease_dataset/images/test__PHOMOPSIS_LEAF_SPOT__to_label_4433.jpg,PHOMOPSIS_LEAF_SPOT,test
data/durian/kaggle_durian_leaf_disease_dataset/images/test__PHOMOPSIS_LEAF_SPOT__to_label_4434.jpg,PHOMOPSIS_LEAF_SPOT,test
data/durian/kaggle_durian_leaf_disease_dataset/images/test__PHOMOPSIS_LEAF_SPOT__to_label_4443.jpg,PHOMOPSIS_LEAF_SPOT,test
data/durian/kaggle_durian_leaf_disease_dataset/images/test__PHOMOPSIS_LEAF_SPOT__to_label_4445.jpg,PHOMOPSIS_LEAF_SPOT,test
data/durian/kaggle_durian_leaf_disease_dataset/images/test__PHOMOPSIS_LEAF_SPOT__to_label_4453.jpg,PHOMOPSIS_LEAF_SPOT,test
data/durian/kaggle_durian_leaf_disease_dataset/images/test__PHOMOPSIS_LEAF_SPOT__to_label_4456.jpg,PHOMOPSIS_LEAF_SPOT,test
data/durian/kaggle_durian_leaf_disease_dataset/images/test__PHOMOPSIS_LEAF_SPOT__to_label_4459.jpg,PHOMOPSIS_LEAF_SPOT,test
data/durian/kaggle_durian_leaf_disease_dataset/images/test__PHOMOPSIS_LEAF_SPOT__to_label_4463.jpg,PHOMOPSIS_LEAF_SPOT,test
data/durian/kaggle_durian_leaf_disease_dataset/images/test__PHOMOPSIS_LEAF_SPOT__to_label_4464.jpg,PHOMOPSIS_LEAF_SPOT,test
data/durian/kaggle_durian_leaf_disease_dataset/images/test__PHOMOPSIS_LEAF_SPOT__to_label_4477.jpg,PHOMOPSIS_LEAF_SPOT,test
data/durian/kaggle_durian_leaf_disease_dataset/images/test__PHOMOPSIS_LEAF_SPOT__to_label_4480.jpg,PHOMOPSIS_LEAF_SPOT,test
data/durian/kaggle_durian_leaf_disease_dataset/images/test__PHOMOPSIS_LEAF_SPOT__to_label_4490.jpg,PHOMOPSIS_LEAF_SPOT,test
data/durian/kaggle_durian_leaf_disease_dataset/images/test__PHOMOPSIS_LEAF_SPOT__to_label_4496.jpg,PHOMOPSIS_LEAF_SPOT,test
data/durian/kaggle_durian_leaf_disease_dataset/images/train__ALGAL_LEAF_SPOT__to_label_1.jpg,ALGAL_LEAF_SPOT,train
data/durian/kaggle_durian_leaf_disease_dataset/images/train__ALGAL_LEAF_SPOT__to_label_10.jpg,ALGAL_LEAF_SPOT,train
data/durian/kaggle_durian_leaf_disease_dataset/images/train__ALGAL_LEAF_SPOT__to_label_101.jpg,ALGAL_LEAF_SPOT,train
data/durian/kaggle_durian_leaf_disease_dataset/images/train__ALGAL_LEAF_SPOT__to_label_102.jpg,ALGAL_LEAF_SPOT,train
data/durian/kaggle_durian_leaf_disease_dataset/images/train__ALGAL_LEAF_SPOT__to_label_103.jpg,ALGAL_LEAF_SPOT,train
data/durian/kaggle_durian_leaf_disease_dataset/images/train__ALGAL_LEAF_SPOT__to_label_105.jpg,ALGAL_LEAF_SPOT,train
data/durian/kaggle_durian_leaf_disease_dataset/images/train__ALGAL_LEAF_SPOT__to_label_106.jpg,ALGAL_LEAF_SPOT,train
data/durian/kaggle_durian_leaf_disease_dataset/images/train__ALGAL_LEAF_SPOT__to_label_107.jpg,ALGAL_LEAF_SPOT,train
data/durian/kaggle_durian_leaf_disease_dataset/images/train__ALGAL_LEAF_SPOT__to_label_109.jpg,ALGAL_LEAF_SPOT,train
data/durian/kaggle_durian_leaf_disease_dataset/images/train__ALGAL_LEAF_SPOT__to_label_11.jpg,ALGAL_LEAF_SPOT,train
data/durian/kaggle_durian_leaf_disease_dataset/images/train__ALGAL_LEAF_SPOT__to_label_110.jpg,ALGAL_LEAF_SPOT,train
data/durian/kaggle_durian_leaf_disease_dataset/images/train__ALGAL_LEAF_SPOT__to_label_111.jpg,ALGAL_LEAF_SPOT,train
data/durian/kaggle_durian_leaf_disease_dataset/images/train__ALGAL_LEAF_SPOT__to_label_112.jpg,ALGAL_LEAF_SPOT,train
data/durian/kaggle_durian_leaf_disease_dataset/images/train__ALGAL_LEAF_SPOT__to_label_113.jpg,ALGAL_LEAF_SPOT,train
data/durian/kaggle_durian_leaf_disease_dataset/images/train__ALGAL_LEAF_SPOT__to_label_114.jpg,ALGAL_LEAF_SPOT,train
data/durian/kaggle_durian_leaf_disease_dataset/images/train__ALGAL_LEAF_SPOT__to_label_116.jpg,ALGAL_LEAF_SPOT,train
data/durian/kaggle_durian_leaf_disease_dataset/images/train__ALGAL_LEAF_SPOT__to_label_117.jpg,ALGAL_LEAF_SPOT,train
data/durian/kaggle_durian_leaf_disease_dataset/images/train__ALGAL_LEAF_SPOT__to_label_118.jpg,ALGAL_LEAF_SPOT,train
data/durian/kaggle_durian_leaf_disease_dataset/images/train__ALGAL_LEAF_SPOT__to_label_119.jpg,ALGAL_LEAF_SPOT,train
data/durian/kaggle_durian_leaf_disease_dataset/images/train__ALGAL_LEAF_SPOT__to_label_121.jpg,ALGAL_LEAF_SPOT,train
data/durian/kaggle_durian_leaf_disease_dataset/images/train__ALGAL_LEAF_SPOT__to_label_122.jpg,ALGAL_LEAF_SPOT,train
data/durian/kaggle_durian_leaf_disease_dataset/images/train__ALGAL_LEAF_SPOT__to_label_123.jpg,ALGAL_LEAF_SPOT,train
data/durian/kaggle_durian_leaf_disease_dataset/images/train__ALGAL_LEAF_SPOT__to_label_124.jpg,ALGAL_LEAF_SPOT,train
data/durian/kaggle_durian_leaf_disease_dataset/images/train__ALGAL_LEAF_SPOT__to_label_128.jpg,ALGAL_LEAF_SPOT,train
data/durian/kaggle_durian_leaf_disease_dataset/images/train__ALGAL_LEAF_SPOT__to_label_13.jpg,ALGAL_LEAF_SPOT,train
data/durian/kaggle_durian_leaf_disease_dataset/images/train__ALGAL_LEAF_SPOT__to_label_130.jpg,ALGAL_LEAF_SPOT,train
data/durian/kaggle_durian_leaf_disease_dataset/images/train__ALGAL_LEAF_SPOT__to_label_131.jpg,ALGAL_LEAF_SPOT,train
data/durian/kaggle_durian_leaf_disease_dataset/images/train__ALGAL_LEAF_SPOT__to_label_132.jpg,ALGAL_LEAF_SPOT,train
data/durian/kaggle_durian_leaf_disease_dataset/images/train__ALGAL_LEAF_SPOT__to_label_133.jpg,ALGAL_LEAF_SPOT,train
data/durian/kaggle_durian_leaf_disease_dataset/images/train__ALGAL_LEAF_SPOT__to_label_135.jpg,ALGAL_LEAF_SPOT,train
data/durian/kaggle_durian_leaf_disease_dataset/images/train__ALGAL_LEAF_SPOT__to_label_137.jpg,ALGAL_LEAF_SPOT,train
data/durian/kaggle_durian_leaf_disease_dataset/images/train__ALGAL_LEAF_SPOT__to_label_138.jpg,ALGAL_LEAF_SPOT,train
data/durian/kaggle_durian_leaf_disease_dataset/images/train__ALGAL_LEAF_SPOT__to_label_14.jpg,ALGAL_LEAF_SPOT,train
data/durian/kaggle_durian_leaf_disease_dataset/images/train__ALGAL_LEAF_SPOT__to_label_140.jpg,ALGAL_LEAF_SPOT,train
data/durian/kaggle_durian_leaf_disease_dataset/images/train__ALGAL_LEAF_SPOT__to_label_141.jpg,ALGAL_LEAF_SPOT,train
data/durian/kaggle_durian_leaf_disease_dataset/images/train__ALGAL_LEAF_SPOT__to_label_142.jpg,ALGAL_LEAF_SPOT,train
data/durian/kaggle_durian_leaf_disease_dataset/images/train__ALGAL_LEAF_SPOT__to_label_144.jpg,ALGAL_LEAF_SPOT,train
data/durian/kaggle_durian_leaf_disease_dataset/images/train__ALGAL_LEAF_SPOT__to_label_146.jpg,ALGAL_LEAF_SPOT,train
data/durian/kaggle_durian_leaf_disease_dataset/images/train__ALGAL_LEAF_SPOT__to_label_147.jpg,ALGAL_LEAF_SPOT,train
data/durian/kaggle_durian_leaf_disease_dataset/images/train__ALGAL_LEAF_SPOT__to_label_150.jpg,ALGAL_LEAF_SPOT,train
data/durian/kaggle_durian_leaf_disease_dataset/images/train__ALGAL_LEAF_SPOT__to_label_151.jpg,ALGAL_LEAF_SPOT,train
data/durian/kaggle_durian_leaf_disease_dataset/images/train__ALGAL_LEAF_SPOT__to_label_152.jpg,ALGAL_LEAF_SPOT,train
data/durian/kaggle_durian_leaf_disease_dataset/images/train__ALGAL_LEAF_SPOT__to_label_155.jpg,ALGAL_LEAF_SPOT,train
data/durian/kaggle_durian_leaf_disease_dataset/images/train__ALGAL_LEAF_SPOT__to_label_157.jpg,ALGAL_LEAF_SPOT,train
data/durian/kaggle_durian_leaf_disease_dataset/images/train__ALGAL_LEAF_SPOT__to_label_16.jpg,ALGAL_LEAF_SPOT,train
data/durian/kaggle_durian_leaf_disease_dataset/images/train__ALGAL_LEAF_SPOT__to_label_160.jpg,ALGAL_LEAF_SPOT,train
data/durian/kaggle_durian_leaf_disease_dataset/images/train__ALGAL_LEAF_SPOT__to_label_163.jpg,ALGAL_LEAF_SPOT,train
data/durian/kaggle_durian_leaf_disease_dataset/images/train__ALGAL_LEAF_SPOT__to_label_165.jpg,ALGAL_LEAF_SPOT,train
data/durian/kaggle_durian_leaf_disease_dataset/images/train__ALGAL_LEAF_SPOT__to_label_166.jpg,ALGAL_LEAF_SPOT,train
data/durian/kaggle_durian_leaf_disease_dataset/images/train__ALGAL_LEAF_SPOT__to_label_167.jpg,ALGAL_LEAF_SPOT,train
data/durian/kaggle_durian_leaf_disease_dataset/images/train__ALGAL_LEAF_SPOT__to_label_171.jpg,ALGAL_LEAF_SPOT,train
data/durian/kaggle_durian_leaf_disease_dataset/images/train__ALGAL_LEAF_SPOT__to_label_176.jpg,ALGAL_LEAF_SPOT,train
data/durian/kaggle_durian_leaf_disease_dataset/images/train__ALGAL_LEAF_SPOT__to_label_178.jpg,ALGAL_LEAF_SPOT,train
data/durian/kaggle_durian_leaf_disease_dataset/images/train__ALGAL_LEAF_SPOT__to_label_179.jpg,ALGAL_LEAF_SPOT,train
data/durian/kaggle_durian_leaf_disease_dataset/images/train__ALGAL_LEAF_SPOT__to_label_18.jpg,ALGAL_LEAF_SPOT,train
data/durian/kaggle_durian_leaf_disease_dataset/images/train__ALGAL_LEAF_SPOT__to_label_181.jpg,ALGAL_LEAF_SPOT,train
data/durian/kaggle_durian_leaf_disease_dataset/images/train__ALGAL_LEAF_SPOT__to_label_182.jpg,ALGAL_LEAF_SPOT,train
data/durian/kaggle_durian_leaf_disease_dataset/images/train__ALGAL_LEAF_SPOT__to_label_183.jpg,ALGAL_LEAF_SPOT,train
data/durian/kaggle_durian_leaf_disease_dataset/images/train__ALGAL_LEAF_SPOT__to_label_184.jpg,ALGAL_LEAF_SPOT,train
data/durian/kaggle_durian_leaf_disease_dataset/images/train__ALGAL_LEAF_SPOT__to_label_185.jpg,ALGAL_LEAF_SPOT,train
data/durian/kaggle_durian_leaf_disease_dataset/images/train__ALGAL_LEAF_SPOT__to_label_186.jpg,ALGAL_LEAF_SPOT,train
data/durian/kaggle_durian_leaf_disease_dataset/images/train__ALGAL_LEAF_SPOT__to_label_188.jpg,ALGAL_LEAF_SPOT,train
data/durian/kaggle_durian_leaf_disease_dataset/images/train__ALGAL_LEAF_SPOT__to_label_189.jpg,ALGAL_LEAF_SPOT,train
data/durian/kaggle_durian_leaf_disease_dataset/images/train__ALGAL_LEAF_SPOT__to_label_19.jpg,ALGAL_LEAF_SPOT,train
data/durian/kaggle_durian_leaf_disease_dataset/images/train__ALGAL_LEAF_SPOT__to_label_191.jpg,ALGAL_LEAF_SPOT,train
data/durian/kaggle_durian_leaf_disease_dataset/images/train__ALGAL_LEAF_SPOT__to_label_192.jpg,ALGAL_LEAF_SPOT,train
data/durian/kaggle_durian_leaf_disease_dataset/images/train__ALGAL_LEAF_SPOT__to_label_193.jpg,ALGAL_LEAF_SPOT,train
data/durian/kaggle_durian_leaf_disease_dataset/images/train__ALGAL_LEAF_SPOT__to_label_194.jpg,ALGAL_LEAF_SPOT,train
data/durian/kaggle_durian_leaf_disease_dataset/images/train__ALGAL_LEAF_SPOT__to_label_195.jpg,ALGAL_LEAF_SPOT,train
data/durian/kaggle_durian_leaf_disease_dataset/images/train__ALGAL_LEAF_SPOT__to_label_196.jpg,ALGAL_LEAF_SPOT,train
data/durian/kaggle_durian_leaf_disease_dataset/images/train__ALGAL_LEAF_SPOT__to_label_2.jpg,ALGAL_LEAF_SPOT,train
data/durian/kaggle_durian_leaf_disease_dataset/images/train__ALGAL_LEAF_SPOT__to_label_20.jpg,ALGAL_LEAF_SPOT,train
data/durian/kaggle_durian_leaf_disease_dataset/images/train__ALGAL_LEAF_SPOT__to_label_200.jpg,ALGAL_LEAF_SPOT,train
data/durian/kaggle_durian_leaf_disease_dataset/images/train__ALGAL_LEAF_SPOT__to_label_201.jpg,ALGAL_LEAF_SPOT,train
data/durian/kaggle_durian_leaf_disease_dataset/images/train__ALGAL_LEAF_SPOT__to_label_202.jpg,ALGAL_LEAF_SPOT,train
data/durian/kaggle_durian_leaf_disease_dataset/images/train__ALGAL_LEAF_SPOT__to_label_203.jpg,ALGAL_LEAF_SPOT,train
data/durian/kaggle_durian_leaf_disease_dataset/images/train__ALGAL_LEAF_SPOT__to_label_204.jpg,ALGAL_LEAF_SPOT,train
data/durian/kaggle_durian_leaf_disease_dataset/images/train__ALGAL_LEAF_SPOT__to_label_206.jpg,ALGAL_LEAF_SPOT,train
data/durian/kaggle_durian_leaf_disease_dataset/images/train__ALGAL_LEAF_SPOT__to_label_208.jpg,ALGAL_LEAF_SPOT,train
data/durian/kaggle_durian_leaf_disease_dataset/images/train__ALGAL_LEAF_SPOT__to_label_209.jpg,ALGAL_LEAF_SPOT,train
data/durian/kaggle_durian_leaf_disease_dataset/images/train__ALGAL_LEAF_SPOT__to_label_21.jpg,ALGAL_LEAF_SPOT,train
data/durian/kaggle_durian_leaf_disease_dataset/images/train__ALGAL_LEAF_SPOT__to_label_210.jpg,ALGAL_LEAF_SPOT,train
data/durian/kaggle_durian_leaf_disease_dataset/images/train__ALGAL_LEAF_SPOT__to_label_211.jpg,ALGAL_LEAF_SPOT,train
data/durian/kaggle_durian_leaf_disease_dataset/images/train__ALGAL_LEAF_SPOT__to_label_212.jpg,ALGAL_LEAF_SPOT,train
data/durian/kaggle_durian_leaf_disease_dataset/images/train__ALGAL_LEAF_SPOT__to_label_213.jpg,ALGAL_LEAF_SPOT,train
data/durian/kaggle_durian_leaf_disease_dataset/images/train__ALGAL_LEAF_SPOT__to_label_214.jpg,ALGAL_LEAF_SPOT,train
data/durian/kaggle_durian_leaf_disease_dataset/images/train__ALGAL_LEAF_SPOT__to_label_215.jpg,ALGAL_LEAF_SPOT,train
data/durian/kaggle_durian_leaf_disease_dataset/images/train__ALGAL_LEAF_SPOT__to_label_216.jpg,ALGAL_LEAF_SPOT,train
data/durian/kaggle_durian_leaf_disease_dataset/images/train__ALGAL_LEAF_SPOT__to_label_22.jpg,ALGAL_LEAF_SPOT,train
data/durian/kaggle_durian_leaf_disease_dataset/images/train__ALGAL_LEAF_SPOT__to_label_222.jpg,ALGAL_LEAF_SPOT,train
data/durian/kaggle_durian_leaf_disease_dataset/images/train__ALGAL_LEAF_SPOT__to_label_223.jpg,ALGAL_LEAF_SPOT,train
data/durian/kaggle_durian_leaf_disease_dataset/images/train__ALGAL_LEAF_SPOT__to_label_225.jpg,ALGAL_LEAF_SPOT,train
data/durian/kaggle_durian_leaf_disease_dataset/images/train__ALGAL_LEAF_SPOT__to_label_226.jpg,ALGAL_LEAF_SPOT,train
data/durian/kaggle_durian_leaf_disease_dataset/images/train__ALGAL_LEAF_SPOT__to_label_227.jpg,ALGAL_LEAF_SPOT,train
data/durian/kaggle_durian_leaf_disease_dataset/images/train__ALGAL_LEAF_SPOT__to_label_228.jpg,ALGAL_LEAF_SPOT,train
data/durian/kaggle_durian_leaf_disease_dataset/images/train__ALGAL_LEAF_SPOT__to_label_229.jpg,ALGAL_LEAF_SPOT,train
data/durian/kaggle_durian_leaf_disease_dataset/images/train__ALGAL_LEAF_SPOT__to_label_230.jpg,ALGAL_LEAF_SPOT,train
data/durian/kaggle_durian_leaf_disease_dataset/images/train__ALGAL_LEAF_SPOT__to_label_231.jpg,ALGAL_LEAF_SPOT,train
data/durian/kaggle_durian_leaf_disease_dataset/images/train__ALGAL_LEAF_SPOT__to_label_233.jpg,ALGAL_LEAF_SPOT,train
data/durian/kaggle_durian_leaf_disease_dataset/images/train__ALGAL_LEAF_SPOT__to_label_234.jpg,ALGAL_LEAF_SPOT,train
data/durian/kaggle_durian_leaf_disease_dataset/images/train__ALGAL_LEAF_SPOT__to_label_235.jpg,ALGAL_LEAF_SPOT,train
data/durian/kaggle_durian_leaf_disease_dataset/images/train__ALGAL_LEAF_SPOT__to_label_236.jpg,ALGAL_LEAF_SPOT,train
data/durian/kaggle_durian_leaf_disease_dataset/images/train__ALGAL_LEAF_SPOT__to_label_237.jpg,ALGAL_LEAF_SPOT,train
data/durian/kaggle_durian_leaf_disease_dataset/images/train__ALGAL_LEAF_SPOT__to_label_238.jpg,ALGAL_LEAF_SPOT,train
data/durian/kaggle_durian_leaf_disease_dataset/images/train__ALGAL_LEAF_SPOT__to_label_24.jpg,ALGAL_LEAF_SPOT,train
data/durian/kaggle_durian_leaf_disease_dataset/images/train__ALGAL_LEAF_SPOT__to_label_240.jpg,ALGAL_LEAF_SPOT,train
data/durian/kaggle_durian_leaf_disease_dataset/images/train__ALGAL_LEAF_SPOT__to_label_242.jpg,ALGAL_LEAF_SPOT,train
data/durian/kaggle_durian_leaf_disease_dataset/images/train__ALGAL_LEAF_SPOT__to_label_243.jpg,ALGAL_LEAF_SPOT,train
data/durian/kaggle_durian_leaf_disease_dataset/images/train__ALGAL_LEAF_SPOT__to_label_244.jpg,ALGAL_LEAF_SPOT,train
data/durian/kaggle_durian_leaf_disease_dataset/images/train__ALGAL_LEAF_SPOT__to_label_245.jpg,ALGAL_LEAF_SPOT,train
data/durian/kaggle_durian_leaf_disease_dataset/images/train__ALGAL_LEAF_SPOT__to_label_246.jpg,ALGAL_LEAF_SPOT,train
data/durian/kaggle_durian_leaf_disease_dataset/images/train__ALGAL_LEAF_SPOT__to_label_249.jpg,ALGAL_LEAF_SPOT,train
data/durian/kaggle_durian_leaf_disease_dataset/images/train__ALGAL_LEAF_SPOT__to_label_25.jpg,ALGAL_LEAF_SPOT,train
data/durian/kaggle_durian_leaf_disease_dataset/images/train__ALGAL_LEAF_SPOT__to_label_250.jpg,ALGAL_LEAF_SPOT,train
data/durian/kaggle_durian_leaf_disease_dataset/images/train__ALGAL_LEAF_SPOT__to_label_251.jpg,ALGAL_LEAF_SPOT,train
data/durian/kaggle_durian_leaf_disease_dataset/images/train__ALGAL_LEAF_SPOT__to_label_252.jpg,ALGAL_LEAF_SPOT,train
data/durian/kaggle_durian_leaf_disease_dataset/images/train__ALGAL_LEAF_SPOT__to_label_253.jpg,ALGAL_LEAF_SPOT,train
data/durian/kaggle_durian_leaf_disease_dataset/images/train__ALGAL_LEAF_SPOT__to_label_254.jpg,ALGAL_LEAF_SPOT,train
data/durian/kaggle_durian_leaf_disease_dataset/images/train__ALGAL_LEAF_SPOT__to_label_255.jpg,ALGAL_LEAF_SPOT,train
data/durian/kaggle_durian_leaf_disease_dataset/images/train__ALGAL_LEAF_SPOT__to_label_257.jpg,ALGAL_LEAF_SPOT,train
data/durian/kaggle_durian_leaf_disease_dataset/images/train__ALGAL_LEAF_SPOT__to_label_259.jpg,ALGAL_LEAF_SPOT,train
data/durian/kaggle_durian_leaf_disease_dataset/images/train__ALGAL_LEAF_SPOT__to_label_26.jpg,ALGAL_LEAF_SPOT,train
data/durian/kaggle_durian_leaf_disease_dataset/images/train__ALGAL_LEAF_SPOT__to_label_260.jpg,ALGAL_LEAF_SPOT,train
data/durian/kaggle_durian_leaf_disease_dataset/images/train__ALGAL_LEAF_SPOT__to_label_261.jpg,ALGAL_LEAF_SPOT,train
data/durian/kaggle_durian_leaf_disease_dataset/images/train__ALGAL_LEAF_SPOT__to_label_264.jpg,ALGAL_LEAF_SPOT,train
data/durian/kaggle_durian_leaf_disease_dataset/images/train__ALGAL_LEAF_SPOT__to_label_265.jpg,ALGAL_LEAF_SPOT,train
data/durian/kaggle_durian_leaf_disease_dataset/images/train__ALGAL_LEAF_SPOT__to_label_266.jpg,ALGAL_LEAF_SPOT,train
data/durian/kaggle_durian_leaf_disease_dataset/images/train__ALGAL_LEAF_SPOT__to_label_267.jpg,ALGAL_LEAF_SPOT,train
data/durian/kaggle_durian_leaf_disease_dataset/images/train__ALGAL_LEAF_SPOT__to_label_268.jpg,ALGAL_LEAF_SPOT,train
data/durian/kaggle_durian_leaf_disease_dataset/images/train__ALGAL_LEAF_SPOT__to_label_269.jpg,ALGAL_LEAF_SPOT,train
data/durian/kaggle_durian_leaf_disease_dataset/images/train__ALGAL_LEAF_SPOT__to_label_27.jpg,ALGAL_LEAF_SPOT,train
data/durian/kaggle_durian_leaf_disease_dataset/images/train__ALGAL_LEAF_SPOT__to_label_270.jpg,ALGAL_LEAF_SPOT,train
data/durian/kaggle_durian_leaf_disease_dataset/images/train__ALGAL_LEAF_SPOT__to_label_271.jpg,ALGAL_LEAF_SPOT,train
data/durian/kaggle_durian_leaf_disease_dataset/images/train__ALGAL_LEAF_SPOT__to_label_273.jpg,ALGAL_LEAF_SPOT,train
data/durian/kaggle_durian_leaf_disease_dataset/images/train__ALGAL_LEAF_SPOT__to_label_274.jpg,ALGAL_LEAF_SPOT,train
data/durian/kaggle_durian_leaf_disease_dataset/images/train__ALGAL_LEAF_SPOT__to_label_275.jpg,ALGAL_LEAF_SPOT,train
data/durian/kaggle_durian_leaf_disease_dataset/images/train__ALGAL_LEAF_SPOT__to_label_277.jpg,ALGAL_LEAF_SPOT,train
data/durian/kaggle_durian_leaf_disease_dataset/images/train__ALGAL_LEAF_SPOT__to_label_28.jpg,ALGAL_LEAF_SPOT,train
data/durian/kaggle_durian_leaf_disease_dataset/images/train__ALGAL_LEAF_SPOT__to_label_280.jpg,ALGAL_LEAF_SPOT,train
data/durian/kaggle_durian_leaf_disease_dataset/images/train__ALGAL_LEAF_SPOT__to_label_281.jpg,ALGAL_LEAF_SPOT,train
data/durian/kaggle_durian_leaf_disease_dataset/images/train__ALGAL_LEAF_SPOT__to_label_282.jpg,ALGAL_LEAF_SPOT,train
data/durian/kaggle_durian_leaf_disease_dataset/images/train__ALGAL_LEAF_SPOT__to_label_284.jpg,ALGAL_LEAF_SPOT,train
data/durian/kaggle_durian_leaf_disease_dataset/images/train__ALGAL_LEAF_SPOT__to_label_285.jpg,ALGAL_LEAF_SPOT,train
data/durian/kaggle_durian_leaf_disease_dataset/images/train__ALGAL_LEAF_SPOT__to_label_286.jpg,ALGAL_LEAF_SPOT,train
data/durian/kaggle_durian_leaf_disease_dataset/images/train__ALGAL_LEAF_SPOT__to_label_292.jpg,ALGAL_LEAF_SPOT,train
data/durian/kaggle_durian_leaf_disease_dataset/images/train__ALGAL_LEAF_SPOT__to_label_294.jpg,ALGAL_LEAF_SPOT,train
data/durian/kaggle_durian_leaf_disease_dataset/images/train__ALGAL_LEAF_SPOT__to_label_295.jpg,ALGAL_LEAF_SPOT,train
data/durian/kaggle_durian_leaf_disease_dataset/images/train__ALGAL_LEAF_SPOT__to_label_297.jpg,ALGAL_LEAF_SPOT,train
data/durian/kaggle_durian_leaf_disease_dataset/images/train__ALGAL_LEAF_SPOT__to_label_299.jpg,ALGAL_LEAF_SPOT,train
data/durian/kaggle_durian_leaf_disease_dataset/images/train__ALGAL_LEAF_SPOT__to_label_3.jpg,ALGAL_LEAF_SPOT,train
data/durian/kaggle_durian_leaf_disease_dataset/images/train__ALGAL_LEAF_SPOT__to_label_300.jpg,ALGAL_LEAF_SPOT,train
data/durian/kaggle_durian_leaf_disease_dataset/images/train__ALGAL_LEAF_SPOT__to_label_301.jpg,ALGAL_LEAF_SPOT,train
data/durian/kaggle_durian_leaf_disease_dataset/images/train__ALGAL_LEAF_SPOT__to_label_302.jpg,ALGAL_LEAF_SPOT,train
data/durian/kaggle_durian_leaf_disease_dataset/images/train__ALGAL_LEAF_SPOT__to_label_304.jpg,ALGAL_LEAF_SPOT,train
data/durian/kaggle_durian_leaf_disease_dataset/images/train__ALGAL_LEAF_SPOT__to_label_305.jpg,ALGAL_LEAF_SPOT,train
data/durian/kaggle_durian_leaf_disease_dataset/images/train__ALGAL_LEAF_SPOT__to_label_306.jpg,ALGAL_LEAF_SPOT,train
data/durian/kaggle_durian_leaf_disease_dataset/images/train__ALGAL_LEAF_SPOT__to_label_308.jpg,ALGAL_LEAF_SPOT,train
data/durian/kaggle_durian_leaf_disease_dataset/images/train__ALGAL_LEAF_SPOT__to_label_309.jpg,ALGAL_LEAF_SPOT,train
data/durian/kaggle_durian_leaf_disease_dataset/images/train__ALGAL_LEAF_SPOT__to_label_311.jpg,ALGAL_LEAF_SPOT,train
data/durian/kaggle_durian_leaf_disease_dataset/images/train__ALGAL_LEAF_SPOT__to_label_312.jpg,ALGAL_LEAF_SPOT,train
data/durian/kaggle_durian_leaf_disease_dataset/images/train__ALGAL_LEAF_SPOT__to_label_313.jpg,ALGAL_LEAF_SPOT,train
data/durian/kaggle_durian_leaf_disease_dataset/images/train__ALGAL_LEAF_SPOT__to_label_315.jpg,ALGAL_LEAF_SPOT,train
data/durian/kaggle_durian_leaf_disease_dataset/images/train__ALGAL_LEAF_SPOT__to_label_316.jpg,ALGAL_LEAF_SPOT,train
data/durian/kaggle_durian_leaf_disease_dataset/images/train__ALGAL_LEAF_SPOT__to_label_317.jpg,ALGAL_LEAF_SPOT,train
data/durian/kaggle_durian_leaf_disease_dataset/images/train__ALGAL_LEAF_SPOT__to_label_318.jpg,ALGAL_LEAF_SPOT,train
data/durian/kaggle_durian_leaf_disease_dataset/images/train__ALGAL_LEAF_SPOT__to_label_32.jpg,ALGAL_LEAF_SPOT,train
data/durian/kaggle_durian_leaf_disease_dataset/images/train__ALGAL_LEAF_SPOT__to_label_320.jpg,ALGAL_LEAF_SPOT,train
data/durian/kaggle_durian_leaf_disease_dataset/images/train__ALGAL_LEAF_SPOT__to_label_323.jpg,ALGAL_LEAF_SPOT,train
data/durian/kaggle_durian_leaf_disease_dataset/images/train__ALGAL_LEAF_SPOT__to_label_325.jpg,ALGAL_LEAF_SPOT,train
data/durian/kaggle_durian_leaf_disease_dataset/images/train__ALGAL_LEAF_SPOT__to_label_326.jpg,ALGAL_LEAF_SPOT,train
data/durian/kaggle_durian_leaf_disease_dataset/images/train__ALGAL_LEAF_SPOT__to_label_327.jpg,ALGAL_LEAF_SPOT,train
data/durian/kaggle_durian_leaf_disease_dataset/images/train__ALGAL_LEAF_SPOT__to_label_329.jpg,ALGAL_LEAF_SPOT,train
data/durian/kaggle_durian_leaf_disease_dataset/images/train__ALGAL_LEAF_SPOT__to_label_33.jpg,ALGAL_LEAF_SPOT,train
data/durian/kaggle_durian_leaf_disease_dataset/images/train__ALGAL_LEAF_SPOT__to_label_330.jpg,ALGAL_LEAF_SPOT,train
data/durian/kaggle_durian_leaf_disease_dataset/images/train__ALGAL_LEAF_SPOT__to_label_331.jpg,ALGAL_LEAF_SPOT,train
data/durian/kaggle_durian_leaf_disease_dataset/images/train__ALGAL_LEAF_SPOT__to_label_334.jpg,ALGAL_LEAF_SPOT,train
data/durian/kaggle_durian_leaf_disease_dataset/images/train__ALGAL_LEAF_SPOT__to_label_335.jpg,ALGAL_LEAF_SPOT,train
data/durian/kaggle_durian_leaf_disease_dataset/images/train__ALGAL_LEAF_SPOT__to_label_336.jpg,ALGAL_LEAF_SPOT,train
data/durian/kaggle_durian_leaf_disease_dataset/images/train__ALGAL_LEAF_SPOT__to_label_34.jpg,ALGAL_LEAF_SPOT,train
data/durian/kaggle_durian_leaf_disease_dataset/images/train__ALGAL_LEAF_SPOT__to_label_340.jpg,ALGAL_LEAF_SPOT,train
data/durian/kaggle_durian_leaf_disease_dataset/images/train__ALGAL_LEAF_SPOT__to_label_341.jpg,ALGAL_LEAF_SPOT,train
data/durian/kaggle_durian_leaf_disease_dataset/images/train__ALGAL_LEAF_SPOT__to_label_342.jpg,ALGAL_LEAF_SPOT,train
data/durian/kaggle_durian_leaf_disease_dataset/images/train__ALGAL_LEAF_SPOT__to_label_343.jpg,ALGAL_LEAF_SPOT,train
data/durian/kaggle_durian_leaf_disease_dataset/images/train__ALGAL_LEAF_SPOT__to_label_344.jpg,ALGAL_LEAF_SPOT,train
data/durian/kaggle_durian_leaf_disease_dataset/images/train__ALGAL_LEAF_SPOT__to_label_345.jpg,ALGAL_LEAF_SPOT,train
data/durian/kaggle_durian_leaf_disease_dataset/images/train__ALGAL_LEAF_SPOT__to_label_346.jpg,ALGAL_LEAF_SPOT,train
data/durian/kaggle_durian_leaf_disease_dataset/images/train__ALGAL_LEAF_SPOT__to_label_348.jpg,ALGAL_LEAF_SPOT,train
data/durian/kaggle_durian_leaf_disease_dataset/images/train__ALGAL_LEAF_SPOT__to_label_349.jpg,ALGAL_LEAF_SPOT,train
data/durian/kaggle_durian_leaf_disease_dataset/images/train__ALGAL_LEAF_SPOT__to_label_35.jpg,ALGAL_LEAF_SPOT,train
data/durian/kaggle_durian_leaf_disease_dataset/images/train__ALGAL_LEAF_SPOT__to_label_350.jpg,ALGAL_LEAF_SPOT,train
data/durian/kaggle_durian_leaf_disease_dataset/images/train__ALGAL_LEAF_SPOT__to_label_351.jpg,ALGAL_LEAF_SPOT,train
data/durian/kaggle_durian_leaf_disease_dataset/images/train__ALGAL_LEAF_SPOT__to_label_353.jpg,ALGAL_LEAF_SPOT,train
data/durian/kaggle_durian_leaf_disease_dataset/images/train__ALGAL_LEAF_SPOT__to_label_354.jpg,ALGAL_LEAF_SPOT,train
data/durian/kaggle_durian_leaf_disease_dataset/images/train__ALGAL_LEAF_SPOT__to_label_355.jpg,ALGAL_LEAF_SPOT,train
data/durian/kaggle_durian_leaf_disease_dataset/images/train__ALGAL_LEAF_SPOT__to_label_356.jpg,ALGAL_LEAF_SPOT,train
data/durian/kaggle_durian_leaf_disease_dataset/images/train__ALGAL_LEAF_SPOT__to_label_358.jpg,ALGAL_LEAF_SPOT,train
data/durian/kaggle_durian_leaf_disease_dataset/images/train__ALGAL_LEAF_SPOT__to_label_359.jpg,ALGAL_LEAF_SPOT,train
data/durian/kaggle_durian_leaf_disease_dataset/images/train__ALGAL_LEAF_SPOT__to_label_36.jpg,ALGAL_LEAF_SPOT,train
data/durian/kaggle_durian_leaf_disease_dataset/images/train__ALGAL_LEAF_SPOT__to_label_363.jpg,ALGAL_LEAF_SPOT,train
data/durian/kaggle_durian_leaf_disease_dataset/images/train__ALGAL_LEAF_SPOT__to_label_365.jpg,ALGAL_LEAF_SPOT,train
data/durian/kaggle_durian_leaf_disease_dataset/images/train__ALGAL_LEAF_SPOT__to_label_367.jpg,ALGAL_LEAF_SPOT,train
data/durian/kaggle_durian_leaf_disease_dataset/images/train__ALGAL_LEAF_SPOT__to_label_368.jpg,ALGAL_LEAF_SPOT,train
data/durian/kaggle_durian_leaf_disease_dataset/images/train__ALGAL_LEAF_SPOT__to_label_369.jpg,ALGAL_LEAF_SPOT,train
data/durian/kaggle_durian_leaf_disease_dataset/images/train__ALGAL_LEAF_SPOT__to_label_370.jpg,ALGAL_LEAF_SPOT,train
data/durian/kaggle_durian_leaf_disease_dataset/images/train__ALGAL_LEAF_SPOT__to_label_372.jpg,ALGAL_LEAF_SPOT,train
data/durian/kaggle_durian_leaf_disease_dataset/images/train__ALGAL_LEAF_SPOT__to_label_373.jpg,ALGAL_LEAF_SPOT,train
data/durian/kaggle_durian_leaf_disease_dataset/images/train__ALGAL_LEAF_SPOT__to_label_374.jpg,ALGAL_LEAF_SPOT,train
data/durian/kaggle_durian_leaf_disease_dataset/images/train__ALGAL_LEAF_SPOT__to_label_376.jpg,ALGAL_LEAF_SPOT,train
data/durian/kaggle_durian_leaf_disease_dataset/images/train__ALGAL_LEAF_SPOT__to_label_377.jpg,ALGAL_LEAF_SPOT,train
data/durian/kaggle_durian_leaf_disease_dataset/images/train__ALGAL_LEAF_SPOT__to_label_378.jpg,ALGAL_LEAF_SPOT,train
data/durian/kaggle_durian_leaf_disease_dataset/images/train__ALGAL_LEAF_SPOT__to_label_379.jpg,ALGAL_LEAF_SPOT,train
data/durian/kaggle_durian_leaf_disease_dataset/images/train__ALGAL_LEAF_SPOT__to_label_380.jpg,ALGAL_LEAF_SPOT,train
data/durian/kaggle_durian_leaf_disease_dataset/images/train__ALGAL_LEAF_SPOT__to_label_381.jpg,ALGAL_LEAF_SPOT,train
data/durian/kaggle_durian_leaf_disease_dataset/images/train__ALGAL_LEAF_SPOT__to_label_383.jpg,ALGAL_LEAF_SPOT,train
data/durian/kaggle_durian_leaf_disease_dataset/images/train__ALGAL_LEAF_SPOT__to_label_384.jpg,ALGAL_LEAF_SPOT,train
data/durian/kaggle_durian_leaf_disease_dataset/images/train__ALGAL_LEAF_SPOT__to_label_385.jpg,ALGAL_LEAF_SPOT,train
data/durian/kaggle_durian_leaf_disease_dataset/images/train__ALGAL_LEAF_SPOT__to_label_386.jpg,ALGAL_LEAF_SPOT,train
data/durian/kaggle_durian_leaf_disease_dataset/images/train__ALGAL_LEAF_SPOT__to_label_388.jpg,ALGAL_LEAF_SPOT,train
data/durian/kaggle_durian_leaf_disease_dataset/images/train__ALGAL_LEAF_SPOT__to_label_389.jpg,ALGAL_LEAF_SPOT,train
data/durian/kaggle_durian_leaf_disease_dataset/images/train__ALGAL_LEAF_SPOT__to_label_39.jpg,ALGAL_LEAF_SPOT,train
data/durian/kaggle_durian_leaf_disease_dataset/images/train__ALGAL_LEAF_SPOT__to_label_391.jpg,ALGAL_LEAF_SPOT,train
data/durian/kaggle_durian_leaf_disease_dataset/images/train__ALGAL_LEAF_SPOT__to_label_392.jpg,ALGAL_LEAF_SPOT,train
data/durian/kaggle_durian_leaf_disease_dataset/images/train__ALGAL_LEAF_SPOT__to_label_393.jpg,ALGAL_LEAF_SPOT,train
data/durian/kaggle_durian_leaf_disease_dataset/images/train__ALGAL_LEAF_SPOT__to_label_397.jpg,ALGAL_LEAF_SPOT,train
data/durian/kaggle_durian_leaf_disease_dataset/images/train__ALGAL_LEAF_SPOT__to_label_398.jpg,ALGAL_LEAF_SPOT,train
data/durian/kaggle_durian_leaf_disease_dataset/images/train__ALGAL_LEAF_SPOT__to_label_40.jpg,ALGAL_LEAF_SPOT,train
data/durian/kaggle_durian_leaf_disease_dataset/images/train__ALGAL_LEAF_SPOT__to_label_401.jpg,ALGAL_LEAF_SPOT,train
data/durian/kaggle_durian_leaf_disease_dataset/images/train__ALGAL_LEAF_SPOT__to_label_402.jpg,ALGAL_LEAF_SPOT,train
data/durian/kaggle_durian_leaf_disease_dataset/images/train__ALGAL_LEAF_SPOT__to_label_404.jpg,ALGAL_LEAF_SPOT,train
data/durian/kaggle_durian_leaf_disease_dataset/images/train__ALGAL_LEAF_SPOT__to_label_406.jpg,ALGAL_LEAF_SPOT,train
data/durian/kaggle_durian_leaf_disease_dataset/images/train__ALGAL_LEAF_SPOT__to_label_408.jpg,ALGAL_LEAF_SPOT,train
data/durian/kaggle_durian_leaf_disease_dataset/images/train__ALGAL_LEAF_SPOT__to_label_41.jpg,ALGAL_LEAF_SPOT,train
data/durian/kaggle_durian_leaf_disease_dataset/images/train__ALGAL_LEAF_SPOT__to_label_411.jpg,ALGAL_LEAF_SPOT,train
data/durian/kaggle_durian_leaf_disease_dataset/images/train__ALGAL_LEAF_SPOT__to_label_412.jpg,ALGAL_LEAF_SPOT,train
data/durian/kaggle_durian_leaf_disease_dataset/images/train__ALGAL_LEAF_SPOT__to_label_415.jpg,ALGAL_LEAF_SPOT,train
data/durian/kaggle_durian_leaf_disease_dataset/images/train__ALGAL_LEAF_SPOT__to_label_416.jpg,ALGAL_LEAF_SPOT,train
data/durian/kaggle_durian_leaf_disease_dataset/images/train__ALGAL_LEAF_SPOT__to_label_417.jpg,ALGAL_LEAF_SPOT,train
data/durian/kaggle_durian_leaf_disease_dataset/images/train__ALGAL_LEAF_SPOT__to_label_418.jpg,ALGAL_LEAF_SPOT,train
data/durian/kaggle_durian_leaf_disease_dataset/images/train__ALGAL_LEAF_SPOT__to_label_421.jpg,ALGAL_LEAF_SPOT,train
data/durian/kaggle_durian_leaf_disease_dataset/images/train__ALGAL_LEAF_SPOT__to_label_422.jpg,ALGAL_LEAF_SPOT,train
data/durian/kaggle_durian_leaf_disease_dataset/images/train__ALGAL_LEAF_SPOT__to_label_423.jpg,ALGAL_LEAF_SPOT,train
data/durian/kaggle_durian_leaf_disease_dataset/images/train__ALGAL_LEAF_SPOT__to_label_424.jpg,ALGAL_LEAF_SPOT,train
data/durian/kaggle_durian_leaf_disease_dataset/images/train__ALGAL_LEAF_SPOT__to_label_427.jpg,ALGAL_LEAF_SPOT,train
data/durian/kaggle_durian_leaf_disease_dataset/images/train__ALGAL_LEAF_SPOT__to_label_428.jpg,ALGAL_LEAF_SPOT,train
data/durian/kaggle_durian_leaf_disease_dataset/images/train__ALGAL_LEAF_SPOT__to_label_429.jpg,ALGAL_LEAF_SPOT,train
data/durian/kaggle_durian_leaf_disease_dataset/images/train__ALGAL_LEAF_SPOT__to_label_430.jpg,ALGAL_LEAF_SPOT,train
data/durian/kaggle_durian_leaf_disease_dataset/images/train__ALGAL_LEAF_SPOT__to_label_431.jpg,ALGAL_LEAF_SPOT,train
data/durian/kaggle_durian_leaf_disease_dataset/images/train__ALGAL_LEAF_SPOT__to_label_432.jpg,ALGAL_LEAF_SPOT,train
data/durian/kaggle_durian_leaf_disease_dataset/images/train__ALGAL_LEAF_SPOT__to_label_434.jpg,ALGAL_LEAF_SPOT,train
data/durian/kaggle_durian_leaf_disease_dataset/images/train__ALGAL_LEAF_SPOT__to_label_435.jpg,ALGAL_LEAF_SPOT,train
data/durian/kaggle_durian_leaf_disease_dataset/images/train__ALGAL_LEAF_SPOT__to_label_436.jpg,ALGAL_LEAF_SPOT,train
data/durian/kaggle_durian_leaf_disease_dataset/images/train__ALGAL_LEAF_SPOT__to_label_438.jpg,ALGAL_LEAF_SPOT,train
data/durian/kaggle_durian_leaf_disease_dataset/images/train__ALGAL_LEAF_SPOT__to_label_44.jpg,ALGAL_LEAF_SPOT,train
data/durian/kaggle_durian_leaf_disease_dataset/images/train__ALGAL_LEAF_SPOT__to_label_440.jpg,ALGAL_LEAF_SPOT,train
data/durian/kaggle_durian_leaf_disease_dataset/images/train__ALGAL_LEAF_SPOT__to_label_441.jpg,ALGAL_LEAF_SPOT,train
data/durian/kaggle_durian_leaf_disease_dataset/images/train__ALGAL_LEAF_SPOT__to_label_442.jpg,ALGAL_LEAF_SPOT,train
data/durian/kaggle_durian_leaf_disease_dataset/images/train__ALGAL_LEAF_SPOT__to_label_444.jpg,ALGAL_LEAF_SPOT,train
data/durian/kaggle_durian_leaf_disease_dataset/images/train__ALGAL_LEAF_SPOT__to_label_445.jpg,ALGAL_LEAF_SPOT,train
data/durian/kaggle_durian_leaf_disease_dataset/images/train__ALGAL_LEAF_SPOT__to_label_446.jpg,ALGAL_LEAF_SPOT,train
data/durian/kaggle_durian_leaf_disease_dataset/images/train__ALGAL_LEAF_SPOT__to_label_447.jpg,ALGAL_LEAF_SPOT,train
data/durian/kaggle_durian_leaf_disease_dataset/images/train__ALGAL_LEAF_SPOT__to_label_448.jpg,ALGAL_LEAF_SPOT,train
data/durian/kaggle_durian_leaf_disease_dataset/images/train__ALGAL_LEAF_SPOT__to_label_45.jpg,ALGAL_LEAF_SPOT,train
data/durian/kaggle_durian_leaf_disease_dataset/images/train__ALGAL_LEAF_SPOT__to_label_451.jpg,ALGAL_LEAF_SPOT,train
data/durian/kaggle_durian_leaf_disease_dataset/images/train__ALGAL_LEAF_SPOT__to_label_452.jpg,ALGAL_LEAF_SPOT,train
data/durian/kaggle_durian_leaf_disease_dataset/images/train__ALGAL_LEAF_SPOT__to_label_453.jpg,ALGAL_LEAF_SPOT,train
data/durian/kaggle_durian_leaf_disease_dataset/images/train__ALGAL_LEAF_SPOT__to_label_457.jpg,ALGAL_LEAF_SPOT,train
data/durian/kaggle_durian_leaf_disease_dataset/images/train__ALGAL_LEAF_SPOT__to_label_458.jpg,ALGAL_LEAF_SPOT,train
data/durian/kaggle_durian_leaf_disease_dataset/images/train__ALGAL_LEAF_SPOT__to_label_459.jpg,ALGAL_LEAF_SPOT,train
data/durian/kaggle_durian_leaf_disease_dataset/images/train__ALGAL_LEAF_SPOT__to_label_46.jpg,ALGAL_LEAF_SPOT,train
data/durian/kaggle_durian_leaf_disease_dataset/images/train__ALGAL_LEAF_SPOT__to_label_460.jpg,ALGAL_LEAF_SPOT,train
data/durian/kaggle_durian_leaf_disease_dataset/images/train__ALGAL_LEAF_SPOT__to_label_461.jpg,ALGAL_LEAF_SPOT,train
data/durian/kaggle_durian_leaf_disease_dataset/images/train__ALGAL_LEAF_SPOT__to_label_462.jpg,ALGAL_LEAF_SPOT,train
data/durian/kaggle_durian_leaf_disease_dataset/images/train__ALGAL_LEAF_SPOT__to_label_463.jpg,ALGAL_LEAF_SPOT,train
data/durian/kaggle_durian_leaf_disease_dataset/images/train__ALGAL_LEAF_SPOT__to_label_465.jpg,ALGAL_LEAF_SPOT,train
data/durian/kaggle_durian_leaf_disease_dataset/images/train__ALGAL_LEAF_SPOT__to_label_466.jpg,ALGAL_LEAF_SPOT,train
data/durian/kaggle_durian_leaf_disease_dataset/images/train__ALGAL_LEAF_SPOT__to_label_469.jpg,ALGAL_LEAF_SPOT,train
data/durian/kaggle_durian_leaf_disease_dataset/images/train__ALGAL_LEAF_SPOT__to_label_470.jpg,ALGAL_LEAF_SPOT,train
data/durian/kaggle_durian_leaf_disease_dataset/images/train__ALGAL_LEAF_SPOT__to_label_471.jpg,ALGAL_LEAF_SPOT,train
data/durian/kaggle_durian_leaf_disease_dataset/images/train__ALGAL_LEAF_SPOT__to_label_472.jpg,ALGAL_LEAF_SPOT,train
data/durian/kaggle_durian_leaf_disease_dataset/images/train__ALGAL_LEAF_SPOT__to_label_473.jpg,ALGAL_LEAF_SPOT,train
data/durian/kaggle_durian_leaf_disease_dataset/images/train__ALGAL_LEAF_SPOT__to_label_474.jpg,ALGAL_LEAF_SPOT,train
data/durian/kaggle_durian_leaf_disease_dataset/images/train__ALGAL_LEAF_SPOT__to_label_476.jpg,ALGAL_LEAF_SPOT,train
data/durian/kaggle_durian_leaf_disease_dataset/images/train__ALGAL_LEAF_SPOT__to_label_477.jpg,ALGAL_LEAF_SPOT,train
data/durian/kaggle_durian_leaf_disease_dataset/images/train__ALGAL_LEAF_SPOT__to_label_478.jpg,ALGAL_LEAF_SPOT,train
data/durian/kaggle_durian_leaf_disease_dataset/images/train__ALGAL_LEAF_SPOT__to_label_479.jpg,ALGAL_LEAF_SPOT,train
data/durian/kaggle_durian_leaf_disease_dataset/images/train__ALGAL_LEAF_SPOT__to_label_480.jpg,ALGAL_LEAF_SPOT,train
data/durian/kaggle_durian_leaf_disease_dataset/images/train__ALGAL_LEAF_SPOT__to_label_481.jpg,ALGAL_LEAF_SPOT,train
data/durian/kaggle_durian_leaf_disease_dataset/images/train__ALGAL_LEAF_SPOT__to_label_482.jpg,ALGAL_LEAF_SPOT,train
data/durian/kaggle_durian_leaf_disease_dataset/images/train__ALGAL_LEAF_SPOT__to_label_484.jpg,ALGAL_LEAF_SPOT,train
data/durian/kaggle_durian_leaf_disease_dataset/images/train__ALGAL_LEAF_SPOT__to_label_486.jpg,ALGAL_LEAF_SPOT,train
data/durian/kaggle_durian_leaf_disease_dataset/images/train__ALGAL_LEAF_SPOT__to_label_487.jpg,ALGAL_LEAF_SPOT,train
data/durian/kaggle_durian_leaf_disease_dataset/images/train__ALGAL_LEAF_SPOT__to_label_488.jpg,ALGAL_LEAF_SPOT,train
data/durian/kaggle_durian_leaf_disease_dataset/images/train__ALGAL_LEAF_SPOT__to_label_489.jpg,ALGAL_LEAF_SPOT,train
data/durian/kaggle_durian_leaf_disease_dataset/images/train__ALGAL_LEAF_SPOT__to_label_490.jpg,ALGAL_LEAF_SPOT,train
data/durian/kaggle_durian_leaf_disease_dataset/images/train__ALGAL_LEAF_SPOT__to_label_491.jpg,ALGAL_LEAF_SPOT,train
data/durian/kaggle_durian_leaf_disease_dataset/images/train__ALGAL_LEAF_SPOT__to_label_493.jpg,ALGAL_LEAF_SPOT,train
data/durian/kaggle_durian_leaf_disease_dataset/images/train__ALGAL_LEAF_SPOT__to_label_494.jpg,ALGAL_LEAF_SPOT,train
data/durian/kaggle_durian_leaf_disease_dataset/images/train__ALGAL_LEAF_SPOT__to_label_495.jpg,ALGAL_LEAF_SPOT,train
data/durian/kaggle_durian_leaf_disease_dataset/images/train__ALGAL_LEAF_SPOT__to_label_496.jpg,ALGAL_LEAF_SPOT,train
data/durian/kaggle_durian_leaf_disease_dataset/images/train__ALGAL_LEAF_SPOT__to_label_497.jpg,ALGAL_LEAF_SPOT,train
data/durian/kaggle_durian_leaf_disease_dataset/images/train__ALGAL_LEAF_SPOT__to_label_498.jpg,ALGAL_LEAF_SPOT,train
data/durian/kaggle_durian_leaf_disease_dataset/images/train__ALGAL_LEAF_SPOT__to_label_499.jpg,ALGAL_LEAF_SPOT,train
data/durian/kaggle_durian_leaf_disease_dataset/images/train__ALGAL_LEAF_SPOT__to_label_5.jpg,ALGAL_LEAF_SPOT,train
data/durian/kaggle_durian_leaf_disease_dataset/images/train__ALGAL_LEAF_SPOT__to_label_50.jpg,ALGAL_LEAF_SPOT,train
data/durian/kaggle_durian_leaf_disease_dataset/images/train__ALGAL_LEAF_SPOT__to_label_503.jpg,ALGAL_LEAF_SPOT,train
data/durian/kaggle_durian_leaf_disease_dataset/images/train__ALGAL_LEAF_SPOT__to_label_504.jpg,ALGAL_LEAF_SPOT,train
data/durian/kaggle_durian_leaf_disease_dataset/images/train__ALGAL_LEAF_SPOT__to_label_506.jpg,ALGAL_LEAF_SPOT,train
data/durian/kaggle_durian_leaf_disease_dataset/images/train__ALGAL_LEAF_SPOT__to_label_508.jpg,ALGAL_LEAF_SPOT,train
data/durian/kaggle_durian_leaf_disease_dataset/images/train__ALGAL_LEAF_SPOT__to_label_509.jpg,ALGAL_LEAF_SPOT,train
data/durian/kaggle_durian_leaf_disease_dataset/images/train__ALGAL_LEAF_SPOT__to_label_51.jpg,ALGAL_LEAF_SPOT,train
data/durian/kaggle_durian_leaf_disease_dataset/images/train__ALGAL_LEAF_SPOT__to_label_510.jpg,ALGAL_LEAF_SPOT,train
data/durian/kaggle_durian_leaf_disease_dataset/images/train__ALGAL_LEAF_SPOT__to_label_511.jpg,ALGAL_LEAF_SPOT,train
data/durian/kaggle_durian_leaf_disease_dataset/images/train__ALGAL_LEAF_SPOT__to_label_512.jpg,ALGAL_LEAF_SPOT,train
data/durian/kaggle_durian_leaf_disease_dataset/images/train__ALGAL_LEAF_SPOT__to_label_513.jpg,ALGAL_LEAF_SPOT,train
data/durian/kaggle_durian_leaf_disease_dataset/images/train__ALGAL_LEAF_SPOT__to_label_514.jpg,ALGAL_LEAF_SPOT,train
data/durian/kaggle_durian_leaf_disease_dataset/images/train__ALGAL_LEAF_SPOT__to_label_515.jpg,ALGAL_LEAF_SPOT,train
data/durian/kaggle_durian_leaf_disease_dataset/images/train__ALGAL_LEAF_SPOT__to_label_516.jpg,ALGAL_LEAF_SPOT,train
data/durian/kaggle_durian_leaf_disease_dataset/images/train__ALGAL_LEAF_SPOT__to_label_517.jpg,ALGAL_LEAF_SPOT,train
data/durian/kaggle_durian_leaf_disease_dataset/images/train__ALGAL_LEAF_SPOT__to_label_518.jpg,ALGAL_LEAF_SPOT,train
data/durian/kaggle_durian_leaf_disease_dataset/images/train__ALGAL_LEAF_SPOT__to_label_519.jpg,ALGAL_LEAF_SPOT,train
data/durian/kaggle_durian_leaf_disease_dataset/images/train__ALGAL_LEAF_SPOT__to_label_521.jpg,ALGAL_LEAF_SPOT,train
data/durian/kaggle_durian_leaf_disease_dataset/images/train__ALGAL_LEAF_SPOT__to_label_523.jpg,ALGAL_LEAF_SPOT,train
data/durian/kaggle_durian_leaf_disease_dataset/images/train__ALGAL_LEAF_SPOT__to_label_524.jpg,ALGAL_LEAF_SPOT,train
data/durian/kaggle_durian_leaf_disease_dataset/images/train__ALGAL_LEAF_SPOT__to_label_525.jpg,ALGAL_LEAF_SPOT,train
data/durian/kaggle_durian_leaf_disease_dataset/images/train__ALGAL_LEAF_SPOT__to_label_526.jpg,ALGAL_LEAF_SPOT,train
data/durian/kaggle_durian_leaf_disease_dataset/images/train__ALGAL_LEAF_SPOT__to_label_527.jpg,ALGAL_LEAF_SPOT,train
data/durian/kaggle_durian_leaf_disease_dataset/images/train__ALGAL_LEAF_SPOT__to_label_528.jpg,ALGAL_LEAF_SPOT,train
data/durian/kaggle_durian_leaf_disease_dataset/images/train__ALGAL_LEAF_SPOT__to_label_529.jpg,ALGAL_LEAF_SPOT,train
data/durian/kaggle_durian_leaf_disease_dataset/images/train__ALGAL_LEAF_SPOT__to_label_53.jpg,ALGAL_LEAF_SPOT,train
data/durian/kaggle_durian_leaf_disease_dataset/images/train__ALGAL_LEAF_SPOT__to_label_531.jpg,ALGAL_LEAF_SPOT,train
data/durian/kaggle_durian_leaf_disease_dataset/images/train__ALGAL_LEAF_SPOT__to_label_532.jpg,ALGAL_LEAF_SPOT,train
data/durian/kaggle_durian_leaf_disease_dataset/images/train__ALGAL_LEAF_SPOT__to_label_533.jpg,ALGAL_LEAF_SPOT,train
data/durian/kaggle_durian_leaf_disease_dataset/images/train__ALGAL_LEAF_SPOT__to_label_535.jpg,ALGAL_LEAF_SPOT,train
data/durian/kaggle_durian_leaf_disease_dataset/images/train__ALGAL_LEAF_SPOT__to_label_537.jpg,ALGAL_LEAF_SPOT,train
data/durian/kaggle_durian_leaf_disease_dataset/images/train__ALGAL_LEAF_SPOT__to_label_539.jpg,ALGAL_LEAF_SPOT,train
data/durian/kaggle_durian_leaf_disease_dataset/images/train__ALGAL_LEAF_SPOT__to_label_54.jpg,ALGAL_LEAF_SPOT,train
data/durian/kaggle_durian_leaf_disease_dataset/images/train__ALGAL_LEAF_SPOT__to_label_540.jpg,ALGAL_LEAF_SPOT,train
data/durian/kaggle_durian_leaf_disease_dataset/images/train__ALGAL_LEAF_SPOT__to_label_541.jpg,ALGAL_LEAF_SPOT,train
data/durian/kaggle_durian_leaf_disease_dataset/images/train__ALGAL_LEAF_SPOT__to_label_542.jpg,ALGAL_LEAF_SPOT,train
data/durian/kaggle_durian_leaf_disease_dataset/images/train__ALGAL_LEAF_SPOT__to_label_543.jpg,ALGAL_LEAF_SPOT,train
data/durian/kaggle_durian_leaf_disease_dataset/images/train__ALGAL_LEAF_SPOT__to_label_544.jpg,ALGAL_LEAF_SPOT,train
data/durian/kaggle_durian_leaf_disease_dataset/images/train__ALGAL_LEAF_SPOT__to_label_546.jpg,ALGAL_LEAF_SPOT,train
data/durian/kaggle_durian_leaf_disease_dataset/images/train__ALGAL_LEAF_SPOT__to_label_547.jpg,ALGAL_LEAF_SPOT,train
data/durian/kaggle_durian_leaf_disease_dataset/images/train__ALGAL_LEAF_SPOT__to_label_548.jpg,ALGAL_LEAF_SPOT,train
data/durian/kaggle_durian_leaf_disease_dataset/images/train__ALGAL_LEAF_SPOT__to_label_549.jpg,ALGAL_LEAF_SPOT,train
data/durian/kaggle_durian_leaf_disease_dataset/images/train__ALGAL_LEAF_SPOT__to_label_55.jpg,ALGAL_LEAF_SPOT,train
data/durian/kaggle_durian_leaf_disease_dataset/images/train__ALGAL_LEAF_SPOT__to_label_551.jpg,ALGAL_LEAF_SPOT,train
data/durian/kaggle_durian_leaf_disease_dataset/images/train__ALGAL_LEAF_SPOT__to_label_552.jpg,ALGAL_LEAF_SPOT,train
data/durian/kaggle_durian_leaf_disease_dataset/images/train__ALGAL_LEAF_SPOT__to_label_553.jpg,ALGAL_LEAF_SPOT,train
data/durian/kaggle_durian_leaf_disease_dataset/images/train__ALGAL_LEAF_SPOT__to_label_554.jpg,ALGAL_LEAF_SPOT,train
data/durian/kaggle_durian_leaf_disease_dataset/images/train__ALGAL_LEAF_SPOT__to_label_555.jpg,ALGAL_LEAF_SPOT,train
data/durian/kaggle_durian_leaf_disease_dataset/images/train__ALGAL_LEAF_SPOT__to_label_557.jpg,ALGAL_LEAF_SPOT,train
data/durian/kaggle_durian_leaf_disease_dataset/images/train__ALGAL_LEAF_SPOT__to_label_558.jpg,ALGAL_LEAF_SPOT,train
data/durian/kaggle_durian_leaf_disease_dataset/images/train__ALGAL_LEAF_SPOT__to_label_559.jpg,ALGAL_LEAF_SPOT,train
data/durian/kaggle_durian_leaf_disease_dataset/images/train__ALGAL_LEAF_SPOT__to_label_56.jpg,ALGAL_LEAF_SPOT,train
data/durian/kaggle_durian_leaf_disease_dataset/images/train__ALGAL_LEAF_SPOT__to_label_561.jpg,ALGAL_LEAF_SPOT,train
data/durian/kaggle_durian_leaf_disease_dataset/images/train__ALGAL_LEAF_SPOT__to_label_562.jpg,ALGAL_LEAF_SPOT,train
data/durian/kaggle_durian_leaf_disease_dataset/images/train__ALGAL_LEAF_SPOT__to_label_565.jpg,ALGAL_LEAF_SPOT,train
data/durian/kaggle_durian_leaf_disease_dataset/images/train__ALGAL_LEAF_SPOT__to_label_567.jpg,ALGAL_LEAF_SPOT,train
data/durian/kaggle_durian_leaf_disease_dataset/images/train__ALGAL_LEAF_SPOT__to_label_568.jpg,ALGAL_LEAF_SPOT,train
data/durian/kaggle_durian_leaf_disease_dataset/images/train__ALGAL_LEAF_SPOT__to_label_569.jpg,ALGAL_LEAF_SPOT,train
data/durian/kaggle_durian_leaf_disease_dataset/images/train__ALGAL_LEAF_SPOT__to_label_57.jpg,ALGAL_LEAF_SPOT,train
data/durian/kaggle_durian_leaf_disease_dataset/images/train__ALGAL_LEAF_SPOT__to_label_570.jpg,ALGAL_LEAF_SPOT,train
data/durian/kaggle_durian_leaf_disease_dataset/images/train__ALGAL_LEAF_SPOT__to_label_571.jpg,ALGAL_LEAF_SPOT,train
data/durian/kaggle_durian_leaf_disease_dataset/images/train__ALGAL_LEAF_SPOT__to_label_573.jpg,ALGAL_LEAF_SPOT,train
data/durian/kaggle_durian_leaf_disease_dataset/images/train__ALGAL_LEAF_SPOT__to_label_574.jpg,ALGAL_LEAF_SPOT,train
data/durian/kaggle_durian_leaf_disease_dataset/images/train__ALGAL_LEAF_SPOT__to_label_575.jpg,ALGAL_LEAF_SPOT,train
data/durian/kaggle_durian_leaf_disease_dataset/images/train__ALGAL_LEAF_SPOT__to_label_577.jpg,ALGAL_LEAF_SPOT,train
data/durian/kaggle_durian_leaf_disease_dataset/images/train__ALGAL_LEAF_SPOT__to_label_579.jpg,ALGAL_LEAF_SPOT,train
data/durian/kaggle_durian_leaf_disease_dataset/images/train__ALGAL_LEAF_SPOT__to_label_580.jpg,ALGAL_LEAF_SPOT,train
data/durian/kaggle_durian_leaf_disease_dataset/images/train__ALGAL_LEAF_SPOT__to_label_582.jpg,ALGAL_LEAF_SPOT,train
data/durian/kaggle_durian_leaf_disease_dataset/images/train__ALGAL_LEAF_SPOT__to_label_583.jpg,ALGAL_LEAF_SPOT,train
data/durian/kaggle_durian_leaf_disease_dataset/images/train__ALGAL_LEAF_SPOT__to_label_585.jpg,ALGAL_LEAF_SPOT,train
data/durian/kaggle_durian_leaf_disease_dataset/images/train__ALGAL_LEAF_SPOT__to_label_586.jpg,ALGAL_LEAF_SPOT,train
data/durian/kaggle_durian_leaf_disease_dataset/images/train__ALGAL_LEAF_SPOT__to_label_587.jpg,ALGAL_LEAF_SPOT,train
data/durian/kaggle_durian_leaf_disease_dataset/images/train__ALGAL_LEAF_SPOT__to_label_591.jpg,ALGAL_LEAF_SPOT,train
data/durian/kaggle_durian_leaf_disease_dataset/images/train__ALGAL_LEAF_SPOT__to_label_592.jpg,ALGAL_LEAF_SPOT,train
data/durian/kaggle_durian_leaf_disease_dataset/images/train__ALGAL_LEAF_SPOT__to_label_593.jpg,ALGAL_LEAF_SPOT,train
data/durian/kaggle_durian_leaf_disease_dataset/images/train__ALGAL_LEAF_SPOT__to_label_594.jpg,ALGAL_LEAF_SPOT,train
data/durian/kaggle_durian_leaf_disease_dataset/images/train__ALGAL_LEAF_SPOT__to_label_595.jpg,ALGAL_LEAF_SPOT,train
data/durian/kaggle_durian_leaf_disease_dataset/images/train__ALGAL_LEAF_SPOT__to_label_598.jpg,ALGAL_LEAF_SPOT,train
data/durian/kaggle_durian_leaf_disease_dataset/images/train__ALGAL_LEAF_SPOT__to_label_599.jpg,ALGAL_LEAF_SPOT,train
data/durian/kaggle_durian_leaf_disease_dataset/images/train__ALGAL_LEAF_SPOT__to_label_6.jpg,ALGAL_LEAF_SPOT,train
data/durian/kaggle_durian_leaf_disease_dataset/images/train__ALGAL_LEAF_SPOT__to_label_60.jpg,ALGAL_LEAF_SPOT,train
data/durian/kaggle_durian_leaf_disease_dataset/images/train__ALGAL_LEAF_SPOT__to_label_600.jpg,ALGAL_LEAF_SPOT,train
data/durian/kaggle_durian_leaf_disease_dataset/images/train__ALGAL_LEAF_SPOT__to_label_602.jpg,ALGAL_LEAF_SPOT,train
data/durian/kaggle_durian_leaf_disease_dataset/images/train__ALGAL_LEAF_SPOT__to_label_603.jpg,ALGAL_LEAF_SPOT,train
data/durian/kaggle_durian_leaf_disease_dataset/images/train__ALGAL_LEAF_SPOT__to_label_604.jpg,ALGAL_LEAF_SPOT,train
data/durian/kaggle_durian_leaf_disease_dataset/images/train__ALGAL_LEAF_SPOT__to_label_605.jpg,ALGAL_LEAF_SPOT,train
data/durian/kaggle_durian_leaf_disease_dataset/images/train__ALGAL_LEAF_SPOT__to_label_606.jpg,ALGAL_LEAF_SPOT,train
data/durian/kaggle_durian_leaf_disease_dataset/images/train__ALGAL_LEAF_SPOT__to_label_607.jpg,ALGAL_LEAF_SPOT,train
data/durian/kaggle_durian_leaf_disease_dataset/images/train__ALGAL_LEAF_SPOT__to_label_608.jpg,ALGAL_LEAF_SPOT,train
data/durian/kaggle_durian_leaf_disease_dataset/images/train__ALGAL_LEAF_SPOT__to_label_609.jpg,ALGAL_LEAF_SPOT,train
data/durian/kaggle_durian_leaf_disease_dataset/images/train__ALGAL_LEAF_SPOT__to_label_611.jpg,ALGAL_LEAF_SPOT,train
data/durian/kaggle_durian_leaf_disease_dataset/images/train__ALGAL_LEAF_SPOT__to_label_612.jpg,ALGAL_LEAF_SPOT,train
data/durian/kaggle_durian_leaf_disease_dataset/images/train__ALGAL_LEAF_SPOT__to_label_614.jpg,ALGAL_LEAF_SPOT,train
data/durian/kaggle_durian_leaf_disease_dataset/images/train__ALGAL_LEAF_SPOT__to_label_615.jpg,ALGAL_LEAF_SPOT,train
data/durian/kaggle_durian_leaf_disease_dataset/images/train__ALGAL_LEAF_SPOT__to_label_616.jpg,ALGAL_LEAF_SPOT,train
data/durian/kaggle_durian_leaf_disease_dataset/images/train__ALGAL_LEAF_SPOT__to_label_617.jpg,ALGAL_LEAF_SPOT,train
data/durian/kaggle_durian_leaf_disease_dataset/images/train__ALGAL_LEAF_SPOT__to_label_619.jpg,ALGAL_LEAF_SPOT,train
data/durian/kaggle_durian_leaf_disease_dataset/images/train__ALGAL_LEAF_SPOT__to_label_62.jpg,ALGAL_LEAF_SPOT,train
data/durian/kaggle_durian_leaf_disease_dataset/images/train__ALGAL_LEAF_SPOT__to_label_620.jpg,ALGAL_LEAF_SPOT,train
data/durian/kaggle_durian_leaf_disease_dataset/images/train__ALGAL_LEAF_SPOT__to_label_622.jpg,ALGAL_LEAF_SPOT,train
data/durian/kaggle_durian_leaf_disease_dataset/images/train__ALGAL_LEAF_SPOT__to_label_624.jpg,ALGAL_LEAF_SPOT,train
data/durian/kaggle_durian_leaf_disease_dataset/images/train__ALGAL_LEAF_SPOT__to_label_626.jpg,ALGAL_LEAF_SPOT,train
data/durian/kaggle_durian_leaf_disease_dataset/images/train__ALGAL_LEAF_SPOT__to_label_627.jpg,ALGAL_LEAF_SPOT,train
data/durian/kaggle_durian_leaf_disease_dataset/images/train__ALGAL_LEAF_SPOT__to_label_63.jpg,ALGAL_LEAF_SPOT,train
data/durian/kaggle_durian_leaf_disease_dataset/images/train__ALGAL_LEAF_SPOT__to_label_630.jpg,ALGAL_LEAF_SPOT,train
data/durian/kaggle_durian_leaf_disease_dataset/images/train__ALGAL_LEAF_SPOT__to_label_631.jpg,ALGAL_LEAF_SPOT,train
data/durian/kaggle_durian_leaf_disease_dataset/images/train__ALGAL_LEAF_SPOT__to_label_632.jpg,ALGAL_LEAF_SPOT,train
data/durian/kaggle_durian_leaf_disease_dataset/images/train__ALGAL_LEAF_SPOT__to_label_633.jpg,ALGAL_LEAF_SPOT,train
data/durian/kaggle_durian_leaf_disease_dataset/images/train__ALGAL_LEAF_SPOT__to_label_634.jpg,ALGAL_LEAF_SPOT,train
data/durian/kaggle_durian_leaf_disease_dataset/images/train__ALGAL_LEAF_SPOT__to_label_635.jpg,ALGAL_LEAF_SPOT,train
data/durian/kaggle_durian_leaf_disease_dataset/images/train__ALGAL_LEAF_SPOT__to_label_638.jpg,ALGAL_LEAF_SPOT,train
data/durian/kaggle_durian_leaf_disease_dataset/images/train__ALGAL_LEAF_SPOT__to_label_64.jpg,ALGAL_LEAF_SPOT,train
data/durian/kaggle_durian_leaf_disease_dataset/images/train__ALGAL_LEAF_SPOT__to_label_640.jpg,ALGAL_LEAF_SPOT,train
data/durian/kaggle_durian_leaf_disease_dataset/images/train__ALGAL_LEAF_SPOT__to_label_641.jpg,ALGAL_LEAF_SPOT,train
data/durian/kaggle_durian_leaf_disease_dataset/images/train__ALGAL_LEAF_SPOT__to_label_643.jpg,ALGAL_LEAF_SPOT,train
data/durian/kaggle_durian_leaf_disease_dataset/images/train__ALGAL_LEAF_SPOT__to_label_644.jpg,ALGAL_LEAF_SPOT,train
data/durian/kaggle_durian_leaf_disease_dataset/images/train__ALGAL_LEAF_SPOT__to_label_645.jpg,ALGAL_LEAF_SPOT,train
data/durian/kaggle_durian_leaf_disease_dataset/images/train__ALGAL_LEAF_SPOT__to_label_648.jpg,ALGAL_LEAF_SPOT,train
data/durian/kaggle_durian_leaf_disease_dataset/images/train__ALGAL_LEAF_SPOT__to_label_649.jpg,ALGAL_LEAF_SPOT,train
data/durian/kaggle_durian_leaf_disease_dataset/images/train__ALGAL_LEAF_SPOT__to_label_65.jpg,ALGAL_LEAF_SPOT,train
data/durian/kaggle_durian_leaf_disease_dataset/images/train__ALGAL_LEAF_SPOT__to_label_650.jpg,ALGAL_LEAF_SPOT,train
data/durian/kaggle_durian_leaf_disease_dataset/images/train__ALGAL_LEAF_SPOT__to_label_651.jpg,ALGAL_LEAF_SPOT,train
data/durian/kaggle_durian_leaf_disease_dataset/images/train__ALGAL_LEAF_SPOT__to_label_652.jpg,ALGAL_LEAF_SPOT,train
data/durian/kaggle_durian_leaf_disease_dataset/images/train__ALGAL_LEAF_SPOT__to_label_653.jpg,ALGAL_LEAF_SPOT,train
data/durian/kaggle_durian_leaf_disease_dataset/images/train__ALGAL_LEAF_SPOT__to_label_654.jpg,ALGAL_LEAF_SPOT,train
data/durian/kaggle_durian_leaf_disease_dataset/images/train__ALGAL_LEAF_SPOT__to_label_655.jpg,ALGAL_LEAF_SPOT,train
data/durian/kaggle_durian_leaf_disease_dataset/images/train__ALGAL_LEAF_SPOT__to_label_656.jpg,ALGAL_LEAF_SPOT,train
data/durian/kaggle_durian_leaf_disease_dataset/images/train__ALGAL_LEAF_SPOT__to_label_657.jpg,ALGAL_LEAF_SPOT,train
data/durian/kaggle_durian_leaf_disease_dataset/images/train__ALGAL_LEAF_SPOT__to_label_658.jpg,ALGAL_LEAF_SPOT,train
data/durian/kaggle_durian_leaf_disease_dataset/images/train__ALGAL_LEAF_SPOT__to_label_659.jpg,ALGAL_LEAF_SPOT,train
data/durian/kaggle_durian_leaf_disease_dataset/images/train__ALGAL_LEAF_SPOT__to_label_66.jpg,ALGAL_LEAF_SPOT,train
data/durian/kaggle_durian_leaf_disease_dataset/images/train__ALGAL_LEAF_SPOT__to_label_660.jpg,ALGAL_LEAF_SPOT,train
data/durian/kaggle_durian_leaf_disease_dataset/images/train__ALGAL_LEAF_SPOT__to_label_661.jpg,ALGAL_LEAF_SPOT,train
data/durian/kaggle_durian_leaf_disease_dataset/images/train__ALGAL_LEAF_SPOT__to_label_662.jpg,ALGAL_LEAF_SPOT,train
data/durian/kaggle_durian_leaf_disease_dataset/images/train__ALGAL_LEAF_SPOT__to_label_664.jpg,ALGAL_LEAF_SPOT,train
data/durian/kaggle_durian_leaf_disease_dataset/images/train__ALGAL_LEAF_SPOT__to_label_667.jpg,ALGAL_LEAF_SPOT,train
data/durian/kaggle_durian_leaf_disease_dataset/images/train__ALGAL_LEAF_SPOT__to_label_669.jpg,ALGAL_LEAF_SPOT,train
data/durian/kaggle_durian_leaf_disease_dataset/images/train__ALGAL_LEAF_SPOT__to_label_67.jpg,ALGAL_LEAF_SPOT,train
data/durian/kaggle_durian_leaf_disease_dataset/images/train__ALGAL_LEAF_SPOT__to_label_670.jpg,ALGAL_LEAF_SPOT,train
data/durian/kaggle_durian_leaf_disease_dataset/images/train__ALGAL_LEAF_SPOT__to_label_672.jpg,ALGAL_LEAF_SPOT,train
data/durian/kaggle_durian_leaf_disease_dataset/images/train__ALGAL_LEAF_SPOT__to_label_673.jpg,ALGAL_LEAF_SPOT,train
data/durian/kaggle_durian_leaf_disease_dataset/images/train__ALGAL_LEAF_SPOT__to_label_674.jpg,ALGAL_LEAF_SPOT,train
data/durian/kaggle_durian_leaf_disease_dataset/images/train__ALGAL_LEAF_SPOT__to_label_675.jpg,ALGAL_LEAF_SPOT,train
data/durian/kaggle_durian_leaf_disease_dataset/images/train__ALGAL_LEAF_SPOT__to_label_677.jpg,ALGAL_LEAF_SPOT,train
data/durian/kaggle_durian_leaf_disease_dataset/images/train__ALGAL_LEAF_SPOT__to_label_678.jpg,ALGAL_LEAF_SPOT,train
data/durian/kaggle_durian_leaf_disease_dataset/images/train__ALGAL_LEAF_SPOT__to_label_679.jpg,ALGAL_LEAF_SPOT,train
data/durian/kaggle_durian_leaf_disease_dataset/images/train__ALGAL_LEAF_SPOT__to_label_68.jpg,ALGAL_LEAF_SPOT,train
data/durian/kaggle_durian_leaf_disease_dataset/images/train__ALGAL_LEAF_SPOT__to_label_681.jpg,ALGAL_LEAF_SPOT,train
data/durian/kaggle_durian_leaf_disease_dataset/images/train__ALGAL_LEAF_SPOT__to_label_682.jpg,ALGAL_LEAF_SPOT,train
data/durian/kaggle_durian_leaf_disease_dataset/images/train__ALGAL_LEAF_SPOT__to_label_683.jpg,ALGAL_LEAF_SPOT,train
data/durian/kaggle_durian_leaf_disease_dataset/images/train__ALGAL_LEAF_SPOT__to_label_684.jpg,ALGAL_LEAF_SPOT,train
data/durian/kaggle_durian_leaf_disease_dataset/images/train__ALGAL_LEAF_SPOT__to_label_685.jpg,ALGAL_LEAF_SPOT,train
data/durian/kaggle_durian_leaf_disease_dataset/images/train__ALGAL_LEAF_SPOT__to_label_686.jpg,ALGAL_LEAF_SPOT,train
data/durian/kaggle_durian_leaf_disease_dataset/images/train__ALGAL_LEAF_SPOT__to_label_688.jpg,ALGAL_LEAF_SPOT,train
data/durian/kaggle_durian_leaf_disease_dataset/images/train__ALGAL_LEAF_SPOT__to_label_689.jpg,ALGAL_LEAF_SPOT,train
data/durian/kaggle_durian_leaf_disease_dataset/images/train__ALGAL_LEAF_SPOT__to_label_69.jpg,ALGAL_LEAF_SPOT,train
data/durian/kaggle_durian_leaf_disease_dataset/images/train__ALGAL_LEAF_SPOT__to_label_691.jpg,ALGAL_LEAF_SPOT,train
data/durian/kaggle_durian_leaf_disease_dataset/images/train__ALGAL_LEAF_SPOT__to_label_692.jpg,ALGAL_LEAF_SPOT,train
data/durian/kaggle_durian_leaf_disease_dataset/images/train__ALGAL_LEAF_SPOT__to_label_693.jpg,ALGAL_LEAF_SPOT,train
data/durian/kaggle_durian_leaf_disease_dataset/images/train__ALGAL_LEAF_SPOT__to_label_694.jpg,ALGAL_LEAF_SPOT,train
data/durian/kaggle_durian_leaf_disease_dataset/images/train__ALGAL_LEAF_SPOT__to_label_695.jpg,ALGAL_LEAF_SPOT,train
data/durian/kaggle_durian_leaf_disease_dataset/images/train__ALGAL_LEAF_SPOT__to_label_696.jpg,ALGAL_LEAF_SPOT,train
data/durian/kaggle_durian_leaf_disease_dataset/images/train__ALGAL_LEAF_SPOT__to_label_697.jpg,ALGAL_LEAF_SPOT,train
data/durian/kaggle_durian_leaf_disease_dataset/images/train__ALGAL_LEAF_SPOT__to_label_698.jpg,ALGAL_LEAF_SPOT,train
data/durian/kaggle_durian_leaf_disease_dataset/images/train__ALGAL_LEAF_SPOT__to_label_699.jpg,ALGAL_LEAF_SPOT,train
data/durian/kaggle_durian_leaf_disease_dataset/images/train__ALGAL_LEAF_SPOT__to_label_700.jpg,ALGAL_LEAF_SPOT,train
data/durian/kaggle_durian_leaf_disease_dataset/images/train__ALGAL_LEAF_SPOT__to_label_702.jpg,ALGAL_LEAF_SPOT,train
data/durian/kaggle_durian_leaf_disease_dataset/images/train__ALGAL_LEAF_SPOT__to_label_703.jpg,ALGAL_LEAF_SPOT,train
data/durian/kaggle_durian_leaf_disease_dataset/images/train__ALGAL_LEAF_SPOT__to_label_705.jpg,ALGAL_LEAF_SPOT,train
data/durian/kaggle_durian_leaf_disease_dataset/images/train__ALGAL_LEAF_SPOT__to_label_706.jpg,ALGAL_LEAF_SPOT,train
data/durian/kaggle_durian_leaf_disease_dataset/images/train__ALGAL_LEAF_SPOT__to_label_707.jpg,ALGAL_LEAF_SPOT,train
data/durian/kaggle_durian_leaf_disease_dataset/images/train__ALGAL_LEAF_SPOT__to_label_708.jpg,ALGAL_LEAF_SPOT,train
data/durian/kaggle_durian_leaf_disease_dataset/images/train__ALGAL_LEAF_SPOT__to_label_709.jpg,ALGAL_LEAF_SPOT,train
data/durian/kaggle_durian_leaf_disease_dataset/images/train__ALGAL_LEAF_SPOT__to_label_71.jpg,ALGAL_LEAF_SPOT,train
data/durian/kaggle_durian_leaf_disease_dataset/images/train__ALGAL_LEAF_SPOT__to_label_710.jpg,ALGAL_LEAF_SPOT,train
data/durian/kaggle_durian_leaf_disease_dataset/images/train__ALGAL_LEAF_SPOT__to_label_712.jpg,ALGAL_LEAF_SPOT,train
data/durian/kaggle_durian_leaf_disease_dataset/images/train__ALGAL_LEAF_SPOT__to_label_714.jpg,ALGAL_LEAF_SPOT,train
data/durian/kaggle_durian_leaf_disease_dataset/images/train__ALGAL_LEAF_SPOT__to_label_717.jpg,ALGAL_LEAF_SPOT,train
data/durian/kaggle_durian_leaf_disease_dataset/images/train__ALGAL_LEAF_SPOT__to_label_718.jpg,ALGAL_LEAF_SPOT,train
data/durian/kaggle_durian_leaf_disease_dataset/images/train__ALGAL_LEAF_SPOT__to_label_719.jpg,ALGAL_LEAF_SPOT,train
data/durian/kaggle_durian_leaf_disease_dataset/images/train__ALGAL_LEAF_SPOT__to_label_72.jpg,ALGAL_LEAF_SPOT,train
data/durian/kaggle_durian_leaf_disease_dataset/images/train__ALGAL_LEAF_SPOT__to_label_720.jpg,ALGAL_LEAF_SPOT,train
data/durian/kaggle_durian_leaf_disease_dataset/images/train__ALGAL_LEAF_SPOT__to_label_724.jpg,ALGAL_LEAF_SPOT,train
data/durian/kaggle_durian_leaf_disease_dataset/images/train__ALGAL_LEAF_SPOT__to_label_725.jpg,ALGAL_LEAF_SPOT,train
data/durian/kaggle_durian_leaf_disease_dataset/images/train__ALGAL_LEAF_SPOT__to_label_727.jpg,ALGAL_LEAF_SPOT,train
data/durian/kaggle_durian_leaf_disease_dataset/images/train__ALGAL_LEAF_SPOT__to_label_728.jpg,ALGAL_LEAF_SPOT,train
data/durian/kaggle_durian_leaf_disease_dataset/images/train__ALGAL_LEAF_SPOT__to_label_73.jpg,ALGAL_LEAF_SPOT,train
data/durian/kaggle_durian_leaf_disease_dataset/images/train__ALGAL_LEAF_SPOT__to_label_730.jpg,ALGAL_LEAF_SPOT,train
data/durian/kaggle_durian_leaf_disease_dataset/images/train__ALGAL_LEAF_SPOT__to_label_731.jpg,ALGAL_LEAF_SPOT,train
data/durian/kaggle_durian_leaf_disease_dataset/images/train__ALGAL_LEAF_SPOT__to_label_732.jpg,ALGAL_LEAF_SPOT,train
data/durian/kaggle_durian_leaf_disease_dataset/images/train__ALGAL_LEAF_SPOT__to_label_733.jpg,ALGAL_LEAF_SPOT,train
data/durian/kaggle_durian_leaf_disease_dataset/images/train__ALGAL_LEAF_SPOT__to_label_75.jpg,ALGAL_LEAF_SPOT,train
data/durian/kaggle_durian_leaf_disease_dataset/images/train__ALGAL_LEAF_SPOT__to_label_76.jpg,ALGAL_LEAF_SPOT,train
data/durian/kaggle_durian_leaf_disease_dataset/images/train__ALGAL_LEAF_SPOT__to_label_77.jpg,ALGAL_LEAF_SPOT,train
data/durian/kaggle_durian_leaf_disease_dataset/images/train__ALGAL_LEAF_SPOT__to_label_78.jpg,ALGAL_LEAF_SPOT,train
data/durian/kaggle_durian_leaf_disease_dataset/images/train__ALGAL_LEAF_SPOT__to_label_8.jpg,ALGAL_LEAF_SPOT,train
data/durian/kaggle_durian_leaf_disease_dataset/images/train__ALGAL_LEAF_SPOT__to_label_80.jpg,ALGAL_LEAF_SPOT,train
data/durian/kaggle_durian_leaf_disease_dataset/images/train__ALGAL_LEAF_SPOT__to_label_81.jpg,ALGAL_LEAF_SPOT,train
data/durian/kaggle_durian_leaf_disease_dataset/images/train__ALGAL_LEAF_SPOT__to_label_83.jpg,ALGAL_LEAF_SPOT,train
data/durian/kaggle_durian_leaf_disease_dataset/images/train__ALGAL_LEAF_SPOT__to_label_84.jpg,ALGAL_LEAF_SPOT,train
data/durian/kaggle_durian_leaf_disease_dataset/images/train__ALGAL_LEAF_SPOT__to_label_85.jpg,ALGAL_LEAF_SPOT,train
data/durian/kaggle_durian_leaf_disease_dataset/images/train__ALGAL_LEAF_SPOT__to_label_86.jpg,ALGAL_LEAF_SPOT,train
data/durian/kaggle_durian_leaf_disease_dataset/images/train__ALGAL_LEAF_SPOT__to_label_88.jpg,ALGAL_LEAF_SPOT,train
data/durian/kaggle_durian_leaf_disease_dataset/images/train__ALGAL_LEAF_SPOT__to_label_89.jpg,ALGAL_LEAF_SPOT,train
data/durian/kaggle_durian_leaf_disease_dataset/images/train__ALGAL_LEAF_SPOT__to_label_9.jpg,ALGAL_LEAF_SPOT,train
data/durian/kaggle_durian_leaf_disease_dataset/images/train__ALGAL_LEAF_SPOT__to_label_91.jpg,ALGAL_LEAF_SPOT,train
data/durian/kaggle_durian_leaf_disease_dataset/images/train__ALGAL_LEAF_SPOT__to_label_92.jpg,ALGAL_LEAF_SPOT,train
data/durian/kaggle_durian_leaf_disease_dataset/images/train__ALGAL_LEAF_SPOT__to_label_93.jpg,ALGAL_LEAF_SPOT,train
data/durian/kaggle_durian_leaf_disease_dataset/images/train__ALGAL_LEAF_SPOT__to_label_97.jpg,ALGAL_LEAF_SPOT,train
data/durian/kaggle_durian_leaf_disease_dataset/images/train__ALGAL_LEAF_SPOT__to_label_99.jpg,ALGAL_LEAF_SPOT,train
data/durian/kaggle_durian_leaf_disease_dataset/images/train__ALLOCARIDARA_ATTACK__to_label_1000.jpg,ALLOCARIDARA_ATTACK,train
data/durian/kaggle_durian_leaf_disease_dataset/images/train__ALLOCARIDARA_ATTACK__to_label_1001.jpg,ALLOCARIDARA_ATTACK,train
data/durian/kaggle_durian_leaf_disease_dataset/images/train__ALLOCARIDARA_ATTACK__to_label_1003.jpg,ALLOCARIDARA_ATTACK,train
data/durian/kaggle_durian_leaf_disease_dataset/images/train__ALLOCARIDARA_ATTACK__to_label_1004.jpg,ALLOCARIDARA_ATTACK,train
data/durian/kaggle_durian_leaf_disease_dataset/images/train__ALLOCARIDARA_ATTACK__to_label_1006.jpg,ALLOCARIDARA_ATTACK,train
data/durian/kaggle_durian_leaf_disease_dataset/images/train__ALLOCARIDARA_ATTACK__to_label_1008.jpg,ALLOCARIDARA_ATTACK,train
data/durian/kaggle_durian_leaf_disease_dataset/images/train__ALLOCARIDARA_ATTACK__to_label_1009.jpg,ALLOCARIDARA_ATTACK,train
data/durian/kaggle_durian_leaf_disease_dataset/images/train__ALLOCARIDARA_ATTACK__to_label_1011.jpg,ALLOCARIDARA_ATTACK,train
data/durian/kaggle_durian_leaf_disease_dataset/images/train__ALLOCARIDARA_ATTACK__to_label_1013.jpg,ALLOCARIDARA_ATTACK,train
data/durian/kaggle_durian_leaf_disease_dataset/images/train__ALLOCARIDARA_ATTACK__to_label_1014.jpg,ALLOCARIDARA_ATTACK,train
data/durian/kaggle_durian_leaf_disease_dataset/images/train__ALLOCARIDARA_ATTACK__to_label_1015.jpg,ALLOCARIDARA_ATTACK,train
data/durian/kaggle_durian_leaf_disease_dataset/images/train__ALLOCARIDARA_ATTACK__to_label_1016.jpg,ALLOCARIDARA_ATTACK,train
data/durian/kaggle_durian_leaf_disease_dataset/images/train__ALLOCARIDARA_ATTACK__to_label_1017.jpg,ALLOCARIDARA_ATTACK,train
data/durian/kaggle_durian_leaf_disease_dataset/images/train__ALLOCARIDARA_ATTACK__to_label_1018.jpg,ALLOCARIDARA_ATTACK,train
data/durian/kaggle_durian_leaf_disease_dataset/images/train__ALLOCARIDARA_ATTACK__to_label_1019.jpg,ALLOCARIDARA_ATTACK,train
data/durian/kaggle_durian_leaf_disease_dataset/images/train__ALLOCARIDARA_ATTACK__to_label_1020.jpg,ALLOCARIDARA_ATTACK,train
data/durian/kaggle_durian_leaf_disease_dataset/images/train__ALLOCARIDARA_ATTACK__to_label_1021.jpg,ALLOCARIDARA_ATTACK,train
data/durian/kaggle_durian_leaf_disease_dataset/images/train__ALLOCARIDARA_ATTACK__to_label_1022.jpg,ALLOCARIDARA_ATTACK,train
data/durian/kaggle_durian_leaf_disease_dataset/images/train__ALLOCARIDARA_ATTACK__to_label_1023.jpg,ALLOCARIDARA_ATTACK,train
data/durian/kaggle_durian_leaf_disease_dataset/images/train__ALLOCARIDARA_ATTACK__to_label_1025.jpg,ALLOCARIDARA_ATTACK,train
data/durian/kaggle_durian_leaf_disease_dataset/images/train__ALLOCARIDARA_ATTACK__to_label_1027.jpg,ALLOCARIDARA_ATTACK,train
data/durian/kaggle_durian_leaf_disease_dataset/images/train__ALLOCARIDARA_ATTACK__to_label_1028.jpg,ALLOCARIDARA_ATTACK,train
data/durian/kaggle_durian_leaf_disease_dataset/images/train__ALLOCARIDARA_ATTACK__to_label_1029.jpg,ALLOCARIDARA_ATTACK,train
data/durian/kaggle_durian_leaf_disease_dataset/images/train__ALLOCARIDARA_ATTACK__to_label_1033.jpg,ALLOCARIDARA_ATTACK,train
data/durian/kaggle_durian_leaf_disease_dataset/images/train__ALLOCARIDARA_ATTACK__to_label_1035.jpg,ALLOCARIDARA_ATTACK,train
data/durian/kaggle_durian_leaf_disease_dataset/images/train__ALLOCARIDARA_ATTACK__to_label_1036.jpg,ALLOCARIDARA_ATTACK,train
data/durian/kaggle_durian_leaf_disease_dataset/images/train__ALLOCARIDARA_ATTACK__to_label_1037.jpg,ALLOCARIDARA_ATTACK,train
data/durian/kaggle_durian_leaf_disease_dataset/images/train__ALLOCARIDARA_ATTACK__to_label_1038.jpg,ALLOCARIDARA_ATTACK,train
data/durian/kaggle_durian_leaf_disease_dataset/images/train__ALLOCARIDARA_ATTACK__to_label_1039.jpg,ALLOCARIDARA_ATTACK,train
data/durian/kaggle_durian_leaf_disease_dataset/images/train__ALLOCARIDARA_ATTACK__to_label_1041.jpg,ALLOCARIDARA_ATTACK,train
data/durian/kaggle_durian_leaf_disease_dataset/images/train__ALLOCARIDARA_ATTACK__to_label_1042.jpg,ALLOCARIDARA_ATTACK,train
data/durian/kaggle_durian_leaf_disease_dataset/images/train__ALLOCARIDARA_ATTACK__to_label_1043.jpg,ALLOCARIDARA_ATTACK,train
data/durian/kaggle_durian_leaf_disease_dataset/images/train__ALLOCARIDARA_ATTACK__to_label_1044.jpg,ALLOCARIDARA_ATTACK,train
data/durian/kaggle_durian_leaf_disease_dataset/images/train__ALLOCARIDARA_ATTACK__to_label_1054.jpg,ALLOCARIDARA_ATTACK,train
data/durian/kaggle_durian_leaf_disease_dataset/images/train__ALLOCARIDARA_ATTACK__to_label_1055.jpg,ALLOCARIDARA_ATTACK,train
data/durian/kaggle_durian_leaf_disease_dataset/images/train__ALLOCARIDARA_ATTACK__to_label_1056.jpg,ALLOCARIDARA_ATTACK,train
data/durian/kaggle_durian_leaf_disease_dataset/images/train__ALLOCARIDARA_ATTACK__to_label_1057.jpg,ALLOCARIDARA_ATTACK,train
data/durian/kaggle_durian_leaf_disease_dataset/images/train__ALLOCARIDARA_ATTACK__to_label_1059.jpg,ALLOCARIDARA_ATTACK,train
data/durian/kaggle_durian_leaf_disease_dataset/images/train__ALLOCARIDARA_ATTACK__to_label_1060.jpg,ALLOCARIDARA_ATTACK,train
data/durian/kaggle_durian_leaf_disease_dataset/images/train__ALLOCARIDARA_ATTACK__to_label_1061.jpg,ALLOCARIDARA_ATTACK,train
data/durian/kaggle_durian_leaf_disease_dataset/images/train__ALLOCARIDARA_ATTACK__to_label_1062.jpg,ALLOCARIDARA_ATTACK,train
data/durian/kaggle_durian_leaf_disease_dataset/images/train__ALLOCARIDARA_ATTACK__to_label_1065.jpg,ALLOCARIDARA_ATTACK,train
data/durian/kaggle_durian_leaf_disease_dataset/images/train__ALLOCARIDARA_ATTACK__to_label_1066.jpg,ALLOCARIDARA_ATTACK,train
data/durian/kaggle_durian_leaf_disease_dataset/images/train__ALLOCARIDARA_ATTACK__to_label_1067.jpg,ALLOCARIDARA_ATTACK,train
data/durian/kaggle_durian_leaf_disease_dataset/images/train__ALLOCARIDARA_ATTACK__to_label_1070.jpg,ALLOCARIDARA_ATTACK,train
data/durian/kaggle_durian_leaf_disease_dataset/images/train__ALLOCARIDARA_ATTACK__to_label_1071.jpg,ALLOCARIDARA_ATTACK,train
data/durian/kaggle_durian_leaf_disease_dataset/images/train__ALLOCARIDARA_ATTACK__to_label_1073.jpg,ALLOCARIDARA_ATTACK,train
data/durian/kaggle_durian_leaf_disease_dataset/images/train__ALLOCARIDARA_ATTACK__to_label_1077.jpg,ALLOCARIDARA_ATTACK,train
data/durian/kaggle_durian_leaf_disease_dataset/images/train__ALLOCARIDARA_ATTACK__to_label_1078.jpg,ALLOCARIDARA_ATTACK,train
data/durian/kaggle_durian_leaf_disease_dataset/images/train__ALLOCARIDARA_ATTACK__to_label_1080.jpg,ALLOCARIDARA_ATTACK,train
data/durian/kaggle_durian_leaf_disease_dataset/images/train__ALLOCARIDARA_ATTACK__to_label_1082.jpg,ALLOCARIDARA_ATTACK,train
data/durian/kaggle_durian_leaf_disease_dataset/images/train__ALLOCARIDARA_ATTACK__to_label_1083.jpg,ALLOCARIDARA_ATTACK,train
data/durian/kaggle_durian_leaf_disease_dataset/images/train__ALLOCARIDARA_ATTACK__to_label_1084.jpg,ALLOCARIDARA_ATTACK,train
data/durian/kaggle_durian_leaf_disease_dataset/images/train__ALLOCARIDARA_ATTACK__to_label_1089.jpg,ALLOCARIDARA_ATTACK,train
data/durian/kaggle_durian_leaf_disease_dataset/images/train__ALLOCARIDARA_ATTACK__to_label_1092.jpg,ALLOCARIDARA_ATTACK,train
data/durian/kaggle_durian_leaf_disease_dataset/images/train__ALLOCARIDARA_ATTACK__to_label_1094.jpg,ALLOCARIDARA_ATTACK,train
data/durian/kaggle_durian_leaf_disease_dataset/images/train__ALLOCARIDARA_ATTACK__to_label_1096.jpg,ALLOCARIDARA_ATTACK,train
data/durian/kaggle_durian_leaf_disease_dataset/images/train__ALLOCARIDARA_ATTACK__to_label_1097.jpg,ALLOCARIDARA_ATTACK,train
data/durian/kaggle_durian_leaf_disease_dataset/images/train__ALLOCARIDARA_ATTACK__to_label_1098.jpg,ALLOCARIDARA_ATTACK,train
data/durian/kaggle_durian_leaf_disease_dataset/images/train__ALLOCARIDARA_ATTACK__to_label_1099.jpg,ALLOCARIDARA_ATTACK,train
data/durian/kaggle_durian_leaf_disease_dataset/images/train__ALLOCARIDARA_ATTACK__to_label_1100.jpg,ALLOCARIDARA_ATTACK,train
data/durian/kaggle_durian_leaf_disease_dataset/images/train__ALLOCARIDARA_ATTACK__to_label_1101.jpg,ALLOCARIDARA_ATTACK,train
data/durian/kaggle_durian_leaf_disease_dataset/images/train__ALLOCARIDARA_ATTACK__to_label_1102.jpg,ALLOCARIDARA_ATTACK,train
data/durian/kaggle_durian_leaf_disease_dataset/images/train__ALLOCARIDARA_ATTACK__to_label_1103.jpg,ALLOCARIDARA_ATTACK,train
data/durian/kaggle_durian_leaf_disease_dataset/images/train__ALLOCARIDARA_ATTACK__to_label_1104.jpg,ALLOCARIDARA_ATTACK,train
data/durian/kaggle_durian_leaf_disease_dataset/images/train__ALLOCARIDARA_ATTACK__to_label_1107.jpg,ALLOCARIDARA_ATTACK,train
data/durian/kaggle_durian_leaf_disease_dataset/images/train__ALLOCARIDARA_ATTACK__to_label_1108.jpg,ALLOCARIDARA_ATTACK,train
data/durian/kaggle_durian_leaf_disease_dataset/images/train__ALLOCARIDARA_ATTACK__to_label_1109.jpg,ALLOCARIDARA_ATTACK,train
data/durian/kaggle_durian_leaf_disease_dataset/images/train__ALLOCARIDARA_ATTACK__to_label_1111.jpg,ALLOCARIDARA_ATTACK,train
data/durian/kaggle_durian_leaf_disease_dataset/images/train__ALLOCARIDARA_ATTACK__to_label_1112.jpg,ALLOCARIDARA_ATTACK,train
data/durian/kaggle_durian_leaf_disease_dataset/images/train__ALLOCARIDARA_ATTACK__to_label_1113.jpg,ALLOCARIDARA_ATTACK,train
data/durian/kaggle_durian_leaf_disease_dataset/images/train__ALLOCARIDARA_ATTACK__to_label_1114.jpg,ALLOCARIDARA_ATTACK,train
data/durian/kaggle_durian_leaf_disease_dataset/images/train__ALLOCARIDARA_ATTACK__to_label_1115.jpg,ALLOCARIDARA_ATTACK,train
data/durian/kaggle_durian_leaf_disease_dataset/images/train__ALLOCARIDARA_ATTACK__to_label_1117.jpg,ALLOCARIDARA_ATTACK,train
data/durian/kaggle_durian_leaf_disease_dataset/images/train__ALLOCARIDARA_ATTACK__to_label_1120.jpg,ALLOCARIDARA_ATTACK,train
data/durian/kaggle_durian_leaf_disease_dataset/images/train__ALLOCARIDARA_ATTACK__to_label_1121.jpg,ALLOCARIDARA_ATTACK,train
data/durian/kaggle_durian_leaf_disease_dataset/images/train__ALLOCARIDARA_ATTACK__to_label_1122.jpg,ALLOCARIDARA_ATTACK,train
data/durian/kaggle_durian_leaf_disease_dataset/images/train__ALLOCARIDARA_ATTACK__to_label_1123.jpg,ALLOCARIDARA_ATTACK,train
data/durian/kaggle_durian_leaf_disease_dataset/images/train__ALLOCARIDARA_ATTACK__to_label_1124.jpg,ALLOCARIDARA_ATTACK,train
data/durian/kaggle_durian_leaf_disease_dataset/images/train__ALLOCARIDARA_ATTACK__to_label_1125.jpg,ALLOCARIDARA_ATTACK,train
data/durian/kaggle_durian_leaf_disease_dataset/images/train__ALLOCARIDARA_ATTACK__to_label_1126.jpg,ALLOCARIDARA_ATTACK,train
data/durian/kaggle_durian_leaf_disease_dataset/images/train__ALLOCARIDARA_ATTACK__to_label_1128.jpg,ALLOCARIDARA_ATTACK,train
data/durian/kaggle_durian_leaf_disease_dataset/images/train__ALLOCARIDARA_ATTACK__to_label_1130.jpg,ALLOCARIDARA_ATTACK,train
data/durian/kaggle_durian_leaf_disease_dataset/images/train__ALLOCARIDARA_ATTACK__to_label_1131.jpg,ALLOCARIDARA_ATTACK,train
data/durian/kaggle_durian_leaf_disease_dataset/images/train__ALLOCARIDARA_ATTACK__to_label_1132.jpg,ALLOCARIDARA_ATTACK,train
data/durian/kaggle_durian_leaf_disease_dataset/images/train__ALLOCARIDARA_ATTACK__to_label_1133.jpg,ALLOCARIDARA_ATTACK,train
data/durian/kaggle_durian_leaf_disease_dataset/images/train__ALLOCARIDARA_ATTACK__to_label_1135.jpg,ALLOCARIDARA_ATTACK,train
data/durian/kaggle_durian_leaf_disease_dataset/images/train__ALLOCARIDARA_ATTACK__to_label_1136.jpg,ALLOCARIDARA_ATTACK,train
data/durian/kaggle_durian_leaf_disease_dataset/images/train__ALLOCARIDARA_ATTACK__to_label_1137.jpg,ALLOCARIDARA_ATTACK,train
data/durian/kaggle_durian_leaf_disease_dataset/images/train__ALLOCARIDARA_ATTACK__to_label_1138.jpg,ALLOCARIDARA_ATTACK,train
data/durian/kaggle_durian_leaf_disease_dataset/images/train__ALLOCARIDARA_ATTACK__to_label_1139.jpg,ALLOCARIDARA_ATTACK,train
data/durian/kaggle_durian_leaf_disease_dataset/images/train__ALLOCARIDARA_ATTACK__to_label_1140.jpg,ALLOCARIDARA_ATTACK,train
data/durian/kaggle_durian_leaf_disease_dataset/images/train__ALLOCARIDARA_ATTACK__to_label_1141.jpg,ALLOCARIDARA_ATTACK,train
data/durian/kaggle_durian_leaf_disease_dataset/images/train__ALLOCARIDARA_ATTACK__to_label_1142.jpg,ALLOCARIDARA_ATTACK,train
data/durian/kaggle_durian_leaf_disease_dataset/images/train__ALLOCARIDARA_ATTACK__to_label_1144.jpg,ALLOCARIDARA_ATTACK,train
data/durian/kaggle_durian_leaf_disease_dataset/images/train__ALLOCARIDARA_ATTACK__to_label_1145.jpg,ALLOCARIDARA_ATTACK,train
data/durian/kaggle_durian_leaf_disease_dataset/images/train__ALLOCARIDARA_ATTACK__to_label_1148.jpg,ALLOCARIDARA_ATTACK,train
data/durian/kaggle_durian_leaf_disease_dataset/images/train__ALLOCARIDARA_ATTACK__to_label_1150.jpg,ALLOCARIDARA_ATTACK,train
data/durian/kaggle_durian_leaf_disease_dataset/images/train__ALLOCARIDARA_ATTACK__to_label_1152.jpg,ALLOCARIDARA_ATTACK,train
data/durian/kaggle_durian_leaf_disease_dataset/images/train__ALLOCARIDARA_ATTACK__to_label_1153.jpg,ALLOCARIDARA_ATTACK,train
data/durian/kaggle_durian_leaf_disease_dataset/images/train__ALLOCARIDARA_ATTACK__to_label_1154.jpg,ALLOCARIDARA_ATTACK,train
data/durian/kaggle_durian_leaf_disease_dataset/images/train__ALLOCARIDARA_ATTACK__to_label_1155.jpg,ALLOCARIDARA_ATTACK,train
data/durian/kaggle_durian_leaf_disease_dataset/images/train__ALLOCARIDARA_ATTACK__to_label_1156.jpg,ALLOCARIDARA_ATTACK,train
data/durian/kaggle_durian_leaf_disease_dataset/images/train__ALLOCARIDARA_ATTACK__to_label_1157.jpg,ALLOCARIDARA_ATTACK,train
data/durian/kaggle_durian_leaf_disease_dataset/images/train__ALLOCARIDARA_ATTACK__to_label_1159.jpg,ALLOCARIDARA_ATTACK,train
data/durian/kaggle_durian_leaf_disease_dataset/images/train__ALLOCARIDARA_ATTACK__to_label_1160.jpg,ALLOCARIDARA_ATTACK,train
data/durian/kaggle_durian_leaf_disease_dataset/images/train__ALLOCARIDARA_ATTACK__to_label_1161.jpg,ALLOCARIDARA_ATTACK,train
data/durian/kaggle_durian_leaf_disease_dataset/images/train__ALLOCARIDARA_ATTACK__to_label_1162.jpg,ALLOCARIDARA_ATTACK,train
data/durian/kaggle_durian_leaf_disease_dataset/images/train__ALLOCARIDARA_ATTACK__to_label_1163.jpg,ALLOCARIDARA_ATTACK,train
data/durian/kaggle_durian_leaf_disease_dataset/images/train__ALLOCARIDARA_ATTACK__to_label_1164.jpg,ALLOCARIDARA_ATTACK,train
data/durian/kaggle_durian_leaf_disease_dataset/images/train__ALLOCARIDARA_ATTACK__to_label_1166.jpg,ALLOCARIDARA_ATTACK,train
data/durian/kaggle_durian_leaf_disease_dataset/images/train__ALLOCARIDARA_ATTACK__to_label_1167.jpg,ALLOCARIDARA_ATTACK,train
data/durian/kaggle_durian_leaf_disease_dataset/images/train__ALLOCARIDARA_ATTACK__to_label_1169.jpg,ALLOCARIDARA_ATTACK,train
data/durian/kaggle_durian_leaf_disease_dataset/images/train__ALLOCARIDARA_ATTACK__to_label_1170.jpg,ALLOCARIDARA_ATTACK,train
data/durian/kaggle_durian_leaf_disease_dataset/images/train__ALLOCARIDARA_ATTACK__to_label_1171.jpg,ALLOCARIDARA_ATTACK,train
data/durian/kaggle_durian_leaf_disease_dataset/images/train__ALLOCARIDARA_ATTACK__to_label_1172.jpg,ALLOCARIDARA_ATTACK,train
data/durian/kaggle_durian_leaf_disease_dataset/images/train__ALLOCARIDARA_ATTACK__to_label_1173.jpg,ALLOCARIDARA_ATTACK,train
data/durian/kaggle_durian_leaf_disease_dataset/images/train__ALLOCARIDARA_ATTACK__to_label_1174.jpg,ALLOCARIDARA_ATTACK,train
data/durian/kaggle_durian_leaf_disease_dataset/images/train__ALLOCARIDARA_ATTACK__to_label_1176.jpg,ALLOCARIDARA_ATTACK,train
data/durian/kaggle_durian_leaf_disease_dataset/images/train__ALLOCARIDARA_ATTACK__to_label_1177.jpg,ALLOCARIDARA_ATTACK,train
data/durian/kaggle_durian_leaf_disease_dataset/images/train__ALLOCARIDARA_ATTACK__to_label_1179.jpg,ALLOCARIDARA_ATTACK,train
data/durian/kaggle_durian_leaf_disease_dataset/images/train__ALLOCARIDARA_ATTACK__to_label_1180.jpg,ALLOCARIDARA_ATTACK,train
data/durian/kaggle_durian_leaf_disease_dataset/images/train__ALLOCARIDARA_ATTACK__to_label_1181.jpg,ALLOCARIDARA_ATTACK,train
data/durian/kaggle_durian_leaf_disease_dataset/images/train__ALLOCARIDARA_ATTACK__to_label_1182.jpg,ALLOCARIDARA_ATTACK,train
data/durian/kaggle_durian_leaf_disease_dataset/images/train__ALLOCARIDARA_ATTACK__to_label_1183.jpg,ALLOCARIDARA_ATTACK,train
data/durian/kaggle_durian_leaf_disease_dataset/images/train__ALLOCARIDARA_ATTACK__to_label_1185.jpg,ALLOCARIDARA_ATTACK,train
data/durian/kaggle_durian_leaf_disease_dataset/images/train__ALLOCARIDARA_ATTACK__to_label_1186.jpg,ALLOCARIDARA_ATTACK,train
data/durian/kaggle_durian_leaf_disease_dataset/images/train__ALLOCARIDARA_ATTACK__to_label_1187.jpg,ALLOCARIDARA_ATTACK,train
data/durian/kaggle_durian_leaf_disease_dataset/images/train__ALLOCARIDARA_ATTACK__to_label_1188.jpg,ALLOCARIDARA_ATTACK,train
data/durian/kaggle_durian_leaf_disease_dataset/images/train__ALLOCARIDARA_ATTACK__to_label_1189.jpg,ALLOCARIDARA_ATTACK,train
data/durian/kaggle_durian_leaf_disease_dataset/images/train__ALLOCARIDARA_ATTACK__to_label_1190.jpg,ALLOCARIDARA_ATTACK,train
data/durian/kaggle_durian_leaf_disease_dataset/images/train__ALLOCARIDARA_ATTACK__to_label_1191.jpg,ALLOCARIDARA_ATTACK,train
data/durian/kaggle_durian_leaf_disease_dataset/images/train__ALLOCARIDARA_ATTACK__to_label_1192.jpg,ALLOCARIDARA_ATTACK,train
data/durian/kaggle_durian_leaf_disease_dataset/images/train__ALLOCARIDARA_ATTACK__to_label_1193.jpg,ALLOCARIDARA_ATTACK,train
data/durian/kaggle_durian_leaf_disease_dataset/images/train__ALLOCARIDARA_ATTACK__to_label_1194.jpg,ALLOCARIDARA_ATTACK,train
data/durian/kaggle_durian_leaf_disease_dataset/images/train__ALLOCARIDARA_ATTACK__to_label_1195.jpg,ALLOCARIDARA_ATTACK,train
data/durian/kaggle_durian_leaf_disease_dataset/images/train__ALLOCARIDARA_ATTACK__to_label_1196.jpg,ALLOCARIDARA_ATTACK,train
data/durian/kaggle_durian_leaf_disease_dataset/images/train__ALLOCARIDARA_ATTACK__to_label_1197.jpg,ALLOCARIDARA_ATTACK,train
data/durian/kaggle_durian_leaf_disease_dataset/images/train__ALLOCARIDARA_ATTACK__to_label_1198.jpg,ALLOCARIDARA_ATTACK,train
data/durian/kaggle_durian_leaf_disease_dataset/images/train__ALLOCARIDARA_ATTACK__to_label_1199.jpg,ALLOCARIDARA_ATTACK,train
data/durian/kaggle_durian_leaf_disease_dataset/images/train__ALLOCARIDARA_ATTACK__to_label_1200.jpg,ALLOCARIDARA_ATTACK,train
data/durian/kaggle_durian_leaf_disease_dataset/images/train__ALLOCARIDARA_ATTACK__to_label_1201.jpg,ALLOCARIDARA_ATTACK,train
data/durian/kaggle_durian_leaf_disease_dataset/images/train__ALLOCARIDARA_ATTACK__to_label_1203.jpg,ALLOCARIDARA_ATTACK,train
data/durian/kaggle_durian_leaf_disease_dataset/images/train__ALLOCARIDARA_ATTACK__to_label_1204.jpg,ALLOCARIDARA_ATTACK,train
data/durian/kaggle_durian_leaf_disease_dataset/images/train__ALLOCARIDARA_ATTACK__to_label_1205.jpg,ALLOCARIDARA_ATTACK,train
data/durian/kaggle_durian_leaf_disease_dataset/images/train__ALLOCARIDARA_ATTACK__to_label_1207.jpg,ALLOCARIDARA_ATTACK,train
data/durian/kaggle_durian_leaf_disease_dataset/images/train__ALLOCARIDARA_ATTACK__to_label_1210.jpg,ALLOCARIDARA_ATTACK,train
data/durian/kaggle_durian_leaf_disease_dataset/images/train__ALLOCARIDARA_ATTACK__to_label_1211.jpg,ALLOCARIDARA_ATTACK,train
data/durian/kaggle_durian_leaf_disease_dataset/images/train__ALLOCARIDARA_ATTACK__to_label_1212.jpg,ALLOCARIDARA_ATTACK,train
data/durian/kaggle_durian_leaf_disease_dataset/images/train__ALLOCARIDARA_ATTACK__to_label_1213.jpg,ALLOCARIDARA_ATTACK,train
data/durian/kaggle_durian_leaf_disease_dataset/images/train__ALLOCARIDARA_ATTACK__to_label_1215.jpg,ALLOCARIDARA_ATTACK,train
data/durian/kaggle_durian_leaf_disease_dataset/images/train__ALLOCARIDARA_ATTACK__to_label_1216.jpg,ALLOCARIDARA_ATTACK,train
data/durian/kaggle_durian_leaf_disease_dataset/images/train__ALLOCARIDARA_ATTACK__to_label_1217.jpg,ALLOCARIDARA_ATTACK,train
data/durian/kaggle_durian_leaf_disease_dataset/images/train__ALLOCARIDARA_ATTACK__to_label_1224.jpg,ALLOCARIDARA_ATTACK,train
data/durian/kaggle_durian_leaf_disease_dataset/images/train__ALLOCARIDARA_ATTACK__to_label_1226.jpg,ALLOCARIDARA_ATTACK,train
data/durian/kaggle_durian_leaf_disease_dataset/images/train__ALLOCARIDARA_ATTACK__to_label_1227.jpg,ALLOCARIDARA_ATTACK,train
data/durian/kaggle_durian_leaf_disease_dataset/images/train__ALLOCARIDARA_ATTACK__to_label_1229.jpg,ALLOCARIDARA_ATTACK,train
data/durian/kaggle_durian_leaf_disease_dataset/images/train__ALLOCARIDARA_ATTACK__to_label_1230.jpg,ALLOCARIDARA_ATTACK,train
data/durian/kaggle_durian_leaf_disease_dataset/images/train__ALLOCARIDARA_ATTACK__to_label_1231.jpg,ALLOCARIDARA_ATTACK,train
data/durian/kaggle_durian_leaf_disease_dataset/images/train__ALLOCARIDARA_ATTACK__to_label_1232.jpg,ALLOCARIDARA_ATTACK,train
data/durian/kaggle_durian_leaf_disease_dataset/images/train__ALLOCARIDARA_ATTACK__to_label_1233.jpg,ALLOCARIDARA_ATTACK,train
data/durian/kaggle_durian_leaf_disease_dataset/images/train__ALLOCARIDARA_ATTACK__to_label_1234.jpg,ALLOCARIDARA_ATTACK,train
data/durian/kaggle_durian_leaf_disease_dataset/images/train__ALLOCARIDARA_ATTACK__to_label_1235.jpg,ALLOCARIDARA_ATTACK,train
data/durian/kaggle_durian_leaf_disease_dataset/images/train__ALLOCARIDARA_ATTACK__to_label_1236.jpg,ALLOCARIDARA_ATTACK,train
data/durian/kaggle_durian_leaf_disease_dataset/images/train__ALLOCARIDARA_ATTACK__to_label_1238.jpg,ALLOCARIDARA_ATTACK,train
data/durian/kaggle_durian_leaf_disease_dataset/images/train__ALLOCARIDARA_ATTACK__to_label_1239.jpg,ALLOCARIDARA_ATTACK,train
data/durian/kaggle_durian_leaf_disease_dataset/images/train__ALLOCARIDARA_ATTACK__to_label_1240.jpg,ALLOCARIDARA_ATTACK,train
data/durian/kaggle_durian_leaf_disease_dataset/images/train__ALLOCARIDARA_ATTACK__to_label_1242.jpg,ALLOCARIDARA_ATTACK,train
data/durian/kaggle_durian_leaf_disease_dataset/images/train__ALLOCARIDARA_ATTACK__to_label_1243.jpg,ALLOCARIDARA_ATTACK,train
data/durian/kaggle_durian_leaf_disease_dataset/images/train__ALLOCARIDARA_ATTACK__to_label_1244.jpg,ALLOCARIDARA_ATTACK,train
data/durian/kaggle_durian_leaf_disease_dataset/images/train__ALLOCARIDARA_ATTACK__to_label_1246.jpg,ALLOCARIDARA_ATTACK,train
data/durian/kaggle_durian_leaf_disease_dataset/images/train__ALLOCARIDARA_ATTACK__to_label_1247.jpg,ALLOCARIDARA_ATTACK,train
data/durian/kaggle_durian_leaf_disease_dataset/images/train__ALLOCARIDARA_ATTACK__to_label_1248.jpg,ALLOCARIDARA_ATTACK,train
data/durian/kaggle_durian_leaf_disease_dataset/images/train__ALLOCARIDARA_ATTACK__to_label_1250.jpg,ALLOCARIDARA_ATTACK,train
data/durian/kaggle_durian_leaf_disease_dataset/images/train__ALLOCARIDARA_ATTACK__to_label_1251.jpg,ALLOCARIDARA_ATTACK,train
data/durian/kaggle_durian_leaf_disease_dataset/images/train__ALLOCARIDARA_ATTACK__to_label_1252.jpg,ALLOCARIDARA_ATTACK,train
data/durian/kaggle_durian_leaf_disease_dataset/images/train__ALLOCARIDARA_ATTACK__to_label_1253.jpg,ALLOCARIDARA_ATTACK,train
data/durian/kaggle_durian_leaf_disease_dataset/images/train__ALLOCARIDARA_ATTACK__to_label_1255.jpg,ALLOCARIDARA_ATTACK,train
data/durian/kaggle_durian_leaf_disease_dataset/images/train__ALLOCARIDARA_ATTACK__to_label_1257.jpg,ALLOCARIDARA_ATTACK,train
data/durian/kaggle_durian_leaf_disease_dataset/images/train__ALLOCARIDARA_ATTACK__to_label_1259.jpg,ALLOCARIDARA_ATTACK,train
data/durian/kaggle_durian_leaf_disease_dataset/images/train__ALLOCARIDARA_ATTACK__to_label_1260.jpg,ALLOCARIDARA_ATTACK,train
data/durian/kaggle_durian_leaf_disease_dataset/images/train__ALLOCARIDARA_ATTACK__to_label_1262.jpg,ALLOCARIDARA_ATTACK,train
data/durian/kaggle_durian_leaf_disease_dataset/images/train__ALLOCARIDARA_ATTACK__to_label_1263.jpg,ALLOCARIDARA_ATTACK,train
data/durian/kaggle_durian_leaf_disease_dataset/images/train__ALLOCARIDARA_ATTACK__to_label_1264.jpg,ALLOCARIDARA_ATTACK,train
data/durian/kaggle_durian_leaf_disease_dataset/images/train__ALLOCARIDARA_ATTACK__to_label_1266.jpg,ALLOCARIDARA_ATTACK,train
data/durian/kaggle_durian_leaf_disease_dataset/images/train__ALLOCARIDARA_ATTACK__to_label_1267.jpg,ALLOCARIDARA_ATTACK,train
data/durian/kaggle_durian_leaf_disease_dataset/images/train__ALLOCARIDARA_ATTACK__to_label_1268.jpg,ALLOCARIDARA_ATTACK,train
data/durian/kaggle_durian_leaf_disease_dataset/images/train__ALLOCARIDARA_ATTACK__to_label_1269.jpg,ALLOCARIDARA_ATTACK,train
data/durian/kaggle_durian_leaf_disease_dataset/images/train__ALLOCARIDARA_ATTACK__to_label_1272.jpg,ALLOCARIDARA_ATTACK,train
data/durian/kaggle_durian_leaf_disease_dataset/images/train__ALLOCARIDARA_ATTACK__to_label_1273.jpg,ALLOCARIDARA_ATTACK,train
data/durian/kaggle_durian_leaf_disease_dataset/images/train__ALLOCARIDARA_ATTACK__to_label_1274.jpg,ALLOCARIDARA_ATTACK,train
data/durian/kaggle_durian_leaf_disease_dataset/images/train__ALLOCARIDARA_ATTACK__to_label_1275.jpg,ALLOCARIDARA_ATTACK,train
data/durian/kaggle_durian_leaf_disease_dataset/images/train__ALLOCARIDARA_ATTACK__to_label_1278.jpg,ALLOCARIDARA_ATTACK,train
data/durian/kaggle_durian_leaf_disease_dataset/images/train__ALLOCARIDARA_ATTACK__to_label_1279.jpg,ALLOCARIDARA_ATTACK,train
data/durian/kaggle_durian_leaf_disease_dataset/images/train__ALLOCARIDARA_ATTACK__to_label_1280.jpg,ALLOCARIDARA_ATTACK,train
data/durian/kaggle_durian_leaf_disease_dataset/images/train__ALLOCARIDARA_ATTACK__to_label_1281.jpg,ALLOCARIDARA_ATTACK,train
data/durian/kaggle_durian_leaf_disease_dataset/images/train__ALLOCARIDARA_ATTACK__to_label_1282.jpg,ALLOCARIDARA_ATTACK,train
data/durian/kaggle_durian_leaf_disease_dataset/images/train__ALLOCARIDARA_ATTACK__to_label_1283.jpg,ALLOCARIDARA_ATTACK,train
data/durian/kaggle_durian_leaf_disease_dataset/images/train__ALLOCARIDARA_ATTACK__to_label_1284.jpg,ALLOCARIDARA_ATTACK,train
data/durian/kaggle_durian_leaf_disease_dataset/images/train__ALLOCARIDARA_ATTACK__to_label_1285.jpg,ALLOCARIDARA_ATTACK,train
data/durian/kaggle_durian_leaf_disease_dataset/images/train__ALLOCARIDARA_ATTACK__to_label_1287.jpg,ALLOCARIDARA_ATTACK,train
data/durian/kaggle_durian_leaf_disease_dataset/images/train__ALLOCARIDARA_ATTACK__to_label_1288.jpg,ALLOCARIDARA_ATTACK,train
data/durian/kaggle_durian_leaf_disease_dataset/images/train__ALLOCARIDARA_ATTACK__to_label_1289.jpg,ALLOCARIDARA_ATTACK,train
data/durian/kaggle_durian_leaf_disease_dataset/images/train__ALLOCARIDARA_ATTACK__to_label_1290.jpg,ALLOCARIDARA_ATTACK,train
data/durian/kaggle_durian_leaf_disease_dataset/images/train__ALLOCARIDARA_ATTACK__to_label_1293.jpg,ALLOCARIDARA_ATTACK,train
data/durian/kaggle_durian_leaf_disease_dataset/images/train__ALLOCARIDARA_ATTACK__to_label_1294.jpg,ALLOCARIDARA_ATTACK,train
data/durian/kaggle_durian_leaf_disease_dataset/images/train__ALLOCARIDARA_ATTACK__to_label_1295.jpg,ALLOCARIDARA_ATTACK,train
data/durian/kaggle_durian_leaf_disease_dataset/images/train__ALLOCARIDARA_ATTACK__to_label_1296.jpg,ALLOCARIDARA_ATTACK,train
data/durian/kaggle_durian_leaf_disease_dataset/images/train__ALLOCARIDARA_ATTACK__to_label_1298.jpg,ALLOCARIDARA_ATTACK,train
data/durian/kaggle_durian_leaf_disease_dataset/images/train__ALLOCARIDARA_ATTACK__to_label_1299.jpg,ALLOCARIDARA_ATTACK,train
data/durian/kaggle_durian_leaf_disease_dataset/images/train__ALLOCARIDARA_ATTACK__to_label_1300.jpg,ALLOCARIDARA_ATTACK,train
data/durian/kaggle_durian_leaf_disease_dataset/images/train__ALLOCARIDARA_ATTACK__to_label_1302.jpg,ALLOCARIDARA_ATTACK,train
data/durian/kaggle_durian_leaf_disease_dataset/images/train__ALLOCARIDARA_ATTACK__to_label_1304.jpg,ALLOCARIDARA_ATTACK,train
data/durian/kaggle_durian_leaf_disease_dataset/images/train__ALLOCARIDARA_ATTACK__to_label_1306.jpg,ALLOCARIDARA_ATTACK,train
data/durian/kaggle_durian_leaf_disease_dataset/images/train__ALLOCARIDARA_ATTACK__to_label_1308.jpg,ALLOCARIDARA_ATTACK,train
data/durian/kaggle_durian_leaf_disease_dataset/images/train__ALLOCARIDARA_ATTACK__to_label_1312.jpg,ALLOCARIDARA_ATTACK,train
data/durian/kaggle_durian_leaf_disease_dataset/images/train__ALLOCARIDARA_ATTACK__to_label_1313.jpg,ALLOCARIDARA_ATTACK,train
data/durian/kaggle_durian_leaf_disease_dataset/images/train__ALLOCARIDARA_ATTACK__to_label_1314.jpg,ALLOCARIDARA_ATTACK,train
data/durian/kaggle_durian_leaf_disease_dataset/images/train__ALLOCARIDARA_ATTACK__to_label_1315.jpg,ALLOCARIDARA_ATTACK,train
data/durian/kaggle_durian_leaf_disease_dataset/images/train__ALLOCARIDARA_ATTACK__to_label_1316.jpg,ALLOCARIDARA_ATTACK,train
data/durian/kaggle_durian_leaf_disease_dataset/images/train__ALLOCARIDARA_ATTACK__to_label_1318.jpg,ALLOCARIDARA_ATTACK,train
data/durian/kaggle_durian_leaf_disease_dataset/images/train__ALLOCARIDARA_ATTACK__to_label_1319.jpg,ALLOCARIDARA_ATTACK,train
data/durian/kaggle_durian_leaf_disease_dataset/images/train__ALLOCARIDARA_ATTACK__to_label_1321.jpg,ALLOCARIDARA_ATTACK,train
data/durian/kaggle_durian_leaf_disease_dataset/images/train__ALLOCARIDARA_ATTACK__to_label_1324.jpg,ALLOCARIDARA_ATTACK,train
data/durian/kaggle_durian_leaf_disease_dataset/images/train__ALLOCARIDARA_ATTACK__to_label_1326.jpg,ALLOCARIDARA_ATTACK,train
data/durian/kaggle_durian_leaf_disease_dataset/images/train__ALLOCARIDARA_ATTACK__to_label_1328.jpg,ALLOCARIDARA_ATTACK,train
data/durian/kaggle_durian_leaf_disease_dataset/images/train__ALLOCARIDARA_ATTACK__to_label_1329.jpg,ALLOCARIDARA_ATTACK,train
data/durian/kaggle_durian_leaf_disease_dataset/images/train__ALLOCARIDARA_ATTACK__to_label_1331.jpg,ALLOCARIDARA_ATTACK,train
data/durian/kaggle_durian_leaf_disease_dataset/images/train__ALLOCARIDARA_ATTACK__to_label_1333.jpg,ALLOCARIDARA_ATTACK,train
data/durian/kaggle_durian_leaf_disease_dataset/images/train__ALLOCARIDARA_ATTACK__to_label_1335.jpg,ALLOCARIDARA_ATTACK,train
data/durian/kaggle_durian_leaf_disease_dataset/images/train__ALLOCARIDARA_ATTACK__to_label_1336.jpg,ALLOCARIDARA_ATTACK,train
data/durian/kaggle_durian_leaf_disease_dataset/images/train__ALLOCARIDARA_ATTACK__to_label_1337.jpg,ALLOCARIDARA_ATTACK,train
data/durian/kaggle_durian_leaf_disease_dataset/images/train__ALLOCARIDARA_ATTACK__to_label_1340.jpg,ALLOCARIDARA_ATTACK,train
data/durian/kaggle_durian_leaf_disease_dataset/images/train__ALLOCARIDARA_ATTACK__to_label_1341.jpg,ALLOCARIDARA_ATTACK,train
data/durian/kaggle_durian_leaf_disease_dataset/images/train__ALLOCARIDARA_ATTACK__to_label_1345.jpg,ALLOCARIDARA_ATTACK,train
data/durian/kaggle_durian_leaf_disease_dataset/images/train__ALLOCARIDARA_ATTACK__to_label_1346.jpg,ALLOCARIDARA_ATTACK,train
data/durian/kaggle_durian_leaf_disease_dataset/images/train__ALLOCARIDARA_ATTACK__to_label_1347.jpg,ALLOCARIDARA_ATTACK,train
data/durian/kaggle_durian_leaf_disease_dataset/images/train__ALLOCARIDARA_ATTACK__to_label_1348.jpg,ALLOCARIDARA_ATTACK,train
data/durian/kaggle_durian_leaf_disease_dataset/images/train__ALLOCARIDARA_ATTACK__to_label_1350.jpg,ALLOCARIDARA_ATTACK,train
data/durian/kaggle_durian_leaf_disease_dataset/images/train__ALLOCARIDARA_ATTACK__to_label_1351.jpg,ALLOCARIDARA_ATTACK,train
data/durian/kaggle_durian_leaf_disease_dataset/images/train__ALLOCARIDARA_ATTACK__to_label_1352.jpg,ALLOCARIDARA_ATTACK,train
data/durian/kaggle_durian_leaf_disease_dataset/images/train__ALLOCARIDARA_ATTACK__to_label_1354.jpg,ALLOCARIDARA_ATTACK,train
data/durian/kaggle_durian_leaf_disease_dataset/images/train__ALLOCARIDARA_ATTACK__to_label_1355.jpg,ALLOCARIDARA_ATTACK,train
data/durian/kaggle_durian_leaf_disease_dataset/images/train__ALLOCARIDARA_ATTACK__to_label_1356.jpg,ALLOCARIDARA_ATTACK,train
data/durian/kaggle_durian_leaf_disease_dataset/images/train__ALLOCARIDARA_ATTACK__to_label_1358.jpg,ALLOCARIDARA_ATTACK,train
data/durian/kaggle_durian_leaf_disease_dataset/images/train__ALLOCARIDARA_ATTACK__to_label_1359.jpg,ALLOCARIDARA_ATTACK,train
data/durian/kaggle_durian_leaf_disease_dataset/images/train__ALLOCARIDARA_ATTACK__to_label_1360.jpg,ALLOCARIDARA_ATTACK,train
data/durian/kaggle_durian_leaf_disease_dataset/images/train__ALLOCARIDARA_ATTACK__to_label_1363.jpg,ALLOCARIDARA_ATTACK,train
data/durian/kaggle_durian_leaf_disease_dataset/images/train__ALLOCARIDARA_ATTACK__to_label_1364.jpg,ALLOCARIDARA_ATTACK,train
data/durian/kaggle_durian_leaf_disease_dataset/images/train__ALLOCARIDARA_ATTACK__to_label_1365.jpg,ALLOCARIDARA_ATTACK,train
data/durian/kaggle_durian_leaf_disease_dataset/images/train__ALLOCARIDARA_ATTACK__to_label_1367.jpg,ALLOCARIDARA_ATTACK,train
data/durian/kaggle_durian_leaf_disease_dataset/images/train__ALLOCARIDARA_ATTACK__to_label_1369.jpg,ALLOCARIDARA_ATTACK,train
data/durian/kaggle_durian_leaf_disease_dataset/images/train__ALLOCARIDARA_ATTACK__to_label_1371.jpg,ALLOCARIDARA_ATTACK,train
data/durian/kaggle_durian_leaf_disease_dataset/images/train__ALLOCARIDARA_ATTACK__to_label_1375.jpg,ALLOCARIDARA_ATTACK,train
data/durian/kaggle_durian_leaf_disease_dataset/images/train__ALLOCARIDARA_ATTACK__to_label_1376.jpg,ALLOCARIDARA_ATTACK,train
data/durian/kaggle_durian_leaf_disease_dataset/images/train__ALLOCARIDARA_ATTACK__to_label_1377.jpg,ALLOCARIDARA_ATTACK,train
data/durian/kaggle_durian_leaf_disease_dataset/images/train__ALLOCARIDARA_ATTACK__to_label_1381.jpg,ALLOCARIDARA_ATTACK,train
data/durian/kaggle_durian_leaf_disease_dataset/images/train__ALLOCARIDARA_ATTACK__to_label_1383.jpg,ALLOCARIDARA_ATTACK,train
data/durian/kaggle_durian_leaf_disease_dataset/images/train__ALLOCARIDARA_ATTACK__to_label_1384.jpg,ALLOCARIDARA_ATTACK,train
data/durian/kaggle_durian_leaf_disease_dataset/images/train__ALLOCARIDARA_ATTACK__to_label_1385.jpg,ALLOCARIDARA_ATTACK,train
data/durian/kaggle_durian_leaf_disease_dataset/images/train__ALLOCARIDARA_ATTACK__to_label_1386.jpg,ALLOCARIDARA_ATTACK,train
data/durian/kaggle_durian_leaf_disease_dataset/images/train__ALLOCARIDARA_ATTACK__to_label_1388.jpg,ALLOCARIDARA_ATTACK,train
data/durian/kaggle_durian_leaf_disease_dataset/images/train__ALLOCARIDARA_ATTACK__to_label_1390.jpg,ALLOCARIDARA_ATTACK,train
data/durian/kaggle_durian_leaf_disease_dataset/images/train__ALLOCARIDARA_ATTACK__to_label_1391.jpg,ALLOCARIDARA_ATTACK,train
data/durian/kaggle_durian_leaf_disease_dataset/images/train__ALLOCARIDARA_ATTACK__to_label_1394.jpg,ALLOCARIDARA_ATTACK,train
data/durian/kaggle_durian_leaf_disease_dataset/images/train__ALLOCARIDARA_ATTACK__to_label_1395.jpg,ALLOCARIDARA_ATTACK,train
data/durian/kaggle_durian_leaf_disease_dataset/images/train__ALLOCARIDARA_ATTACK__to_label_1396.jpg,ALLOCARIDARA_ATTACK,train
data/durian/kaggle_durian_leaf_disease_dataset/images/train__ALLOCARIDARA_ATTACK__to_label_1397.jpg,ALLOCARIDARA_ATTACK,train
data/durian/kaggle_durian_leaf_disease_dataset/images/train__ALLOCARIDARA_ATTACK__to_label_1398.jpg,ALLOCARIDARA_ATTACK,train
data/durian/kaggle_durian_leaf_disease_dataset/images/train__ALLOCARIDARA_ATTACK__to_label_1399.jpg,ALLOCARIDARA_ATTACK,train
data/durian/kaggle_durian_leaf_disease_dataset/images/train__ALLOCARIDARA_ATTACK__to_label_1402.jpg,ALLOCARIDARA_ATTACK,train
data/durian/kaggle_durian_leaf_disease_dataset/images/train__ALLOCARIDARA_ATTACK__to_label_1404.jpg,ALLOCARIDARA_ATTACK,train
data/durian/kaggle_durian_leaf_disease_dataset/images/train__ALLOCARIDARA_ATTACK__to_label_1405.jpg,ALLOCARIDARA_ATTACK,train
data/durian/kaggle_durian_leaf_disease_dataset/images/train__ALLOCARIDARA_ATTACK__to_label_1406.jpg,ALLOCARIDARA_ATTACK,train
data/durian/kaggle_durian_leaf_disease_dataset/images/train__ALLOCARIDARA_ATTACK__to_label_1408.jpg,ALLOCARIDARA_ATTACK,train
data/durian/kaggle_durian_leaf_disease_dataset/images/train__ALLOCARIDARA_ATTACK__to_label_1409.jpg,ALLOCARIDARA_ATTACK,train
data/durian/kaggle_durian_leaf_disease_dataset/images/train__ALLOCARIDARA_ATTACK__to_label_1410.jpg,ALLOCARIDARA_ATTACK,train
data/durian/kaggle_durian_leaf_disease_dataset/images/train__ALLOCARIDARA_ATTACK__to_label_1412.jpg,ALLOCARIDARA_ATTACK,train
data/durian/kaggle_durian_leaf_disease_dataset/images/train__ALLOCARIDARA_ATTACK__to_label_1413.jpg,ALLOCARIDARA_ATTACK,train
data/durian/kaggle_durian_leaf_disease_dataset/images/train__ALLOCARIDARA_ATTACK__to_label_1414.jpg,ALLOCARIDARA_ATTACK,train
data/durian/kaggle_durian_leaf_disease_dataset/images/train__ALLOCARIDARA_ATTACK__to_label_1415.jpg,ALLOCARIDARA_ATTACK,train
data/durian/kaggle_durian_leaf_disease_dataset/images/train__ALLOCARIDARA_ATTACK__to_label_1416.jpg,ALLOCARIDARA_ATTACK,train
data/durian/kaggle_durian_leaf_disease_dataset/images/train__ALLOCARIDARA_ATTACK__to_label_1417.jpg,ALLOCARIDARA_ATTACK,train
data/durian/kaggle_durian_leaf_disease_dataset/images/train__ALLOCARIDARA_ATTACK__to_label_1419.jpg,ALLOCARIDARA_ATTACK,train
data/durian/kaggle_durian_leaf_disease_dataset/images/train__ALLOCARIDARA_ATTACK__to_label_1420.jpg,ALLOCARIDARA_ATTACK,train
data/durian/kaggle_durian_leaf_disease_dataset/images/train__ALLOCARIDARA_ATTACK__to_label_1423.jpg,ALLOCARIDARA_ATTACK,train
data/durian/kaggle_durian_leaf_disease_dataset/images/train__ALLOCARIDARA_ATTACK__to_label_1426.jpg,ALLOCARIDARA_ATTACK,train
data/durian/kaggle_durian_leaf_disease_dataset/images/train__ALLOCARIDARA_ATTACK__to_label_1427.jpg,ALLOCARIDARA_ATTACK,train
data/durian/kaggle_durian_leaf_disease_dataset/images/train__ALLOCARIDARA_ATTACK__to_label_1428.jpg,ALLOCARIDARA_ATTACK,train
data/durian/kaggle_durian_leaf_disease_dataset/images/train__ALLOCARIDARA_ATTACK__to_label_1431.jpg,ALLOCARIDARA_ATTACK,train
data/durian/kaggle_durian_leaf_disease_dataset/images/train__ALLOCARIDARA_ATTACK__to_label_1432.jpg,ALLOCARIDARA_ATTACK,train
data/durian/kaggle_durian_leaf_disease_dataset/images/train__ALLOCARIDARA_ATTACK__to_label_1434.jpg,ALLOCARIDARA_ATTACK,train
data/durian/kaggle_durian_leaf_disease_dataset/images/train__ALLOCARIDARA_ATTACK__to_label_1436.jpg,ALLOCARIDARA_ATTACK,train
data/durian/kaggle_durian_leaf_disease_dataset/images/train__ALLOCARIDARA_ATTACK__to_label_1439.jpg,ALLOCARIDARA_ATTACK,train
data/durian/kaggle_durian_leaf_disease_dataset/images/train__ALLOCARIDARA_ATTACK__to_label_1440.jpg,ALLOCARIDARA_ATTACK,train
data/durian/kaggle_durian_leaf_disease_dataset/images/train__ALLOCARIDARA_ATTACK__to_label_1443.jpg,ALLOCARIDARA_ATTACK,train
data/durian/kaggle_durian_leaf_disease_dataset/images/train__ALLOCARIDARA_ATTACK__to_label_1444.jpg,ALLOCARIDARA_ATTACK,train
data/durian/kaggle_durian_leaf_disease_dataset/images/train__ALLOCARIDARA_ATTACK__to_label_1445.jpg,ALLOCARIDARA_ATTACK,train
data/durian/kaggle_durian_leaf_disease_dataset/images/train__ALLOCARIDARA_ATTACK__to_label_1447.jpg,ALLOCARIDARA_ATTACK,train
data/durian/kaggle_durian_leaf_disease_dataset/images/train__ALLOCARIDARA_ATTACK__to_label_1448.jpg,ALLOCARIDARA_ATTACK,train
data/durian/kaggle_durian_leaf_disease_dataset/images/train__ALLOCARIDARA_ATTACK__to_label_1449.jpg,ALLOCARIDARA_ATTACK,train
data/durian/kaggle_durian_leaf_disease_dataset/images/train__ALLOCARIDARA_ATTACK__to_label_1450.jpg,ALLOCARIDARA_ATTACK,train
data/durian/kaggle_durian_leaf_disease_dataset/images/train__ALLOCARIDARA_ATTACK__to_label_1451.jpg,ALLOCARIDARA_ATTACK,train
data/durian/kaggle_durian_leaf_disease_dataset/images/train__ALLOCARIDARA_ATTACK__to_label_1454.jpg,ALLOCARIDARA_ATTACK,train
data/durian/kaggle_durian_leaf_disease_dataset/images/train__ALLOCARIDARA_ATTACK__to_label_1456.jpg,ALLOCARIDARA_ATTACK,train
data/durian/kaggle_durian_leaf_disease_dataset/images/train__ALLOCARIDARA_ATTACK__to_label_1459.jpg,ALLOCARIDARA_ATTACK,train
data/durian/kaggle_durian_leaf_disease_dataset/images/train__ALLOCARIDARA_ATTACK__to_label_1460.jpg,ALLOCARIDARA_ATTACK,train
data/durian/kaggle_durian_leaf_disease_dataset/images/train__ALLOCARIDARA_ATTACK__to_label_1461.jpg,ALLOCARIDARA_ATTACK,train
data/durian/kaggle_durian_leaf_disease_dataset/images/train__ALLOCARIDARA_ATTACK__to_label_1463.jpg,ALLOCARIDARA_ATTACK,train
data/durian/kaggle_durian_leaf_disease_dataset/images/train__ALLOCARIDARA_ATTACK__to_label_1465.jpg,ALLOCARIDARA_ATTACK,train
data/durian/kaggle_durian_leaf_disease_dataset/images/train__ALLOCARIDARA_ATTACK__to_label_1467.jpg,ALLOCARIDARA_ATTACK,train
data/durian/kaggle_durian_leaf_disease_dataset/images/train__ALLOCARIDARA_ATTACK__to_label_1468.jpg,ALLOCARIDARA_ATTACK,train
data/durian/kaggle_durian_leaf_disease_dataset/images/train__ALLOCARIDARA_ATTACK__to_label_1469.jpg,ALLOCARIDARA_ATTACK,train
data/durian/kaggle_durian_leaf_disease_dataset/images/train__ALLOCARIDARA_ATTACK__to_label_1471.jpg,ALLOCARIDARA_ATTACK,train
data/durian/kaggle_durian_leaf_disease_dataset/images/train__ALLOCARIDARA_ATTACK__to_label_1472.jpg,ALLOCARIDARA_ATTACK,train
data/durian/kaggle_durian_leaf_disease_dataset/images/train__ALLOCARIDARA_ATTACK__to_label_1473.jpg,ALLOCARIDARA_ATTACK,train
data/durian/kaggle_durian_leaf_disease_dataset/images/train__ALLOCARIDARA_ATTACK__to_label_1474.jpg,ALLOCARIDARA_ATTACK,train
data/durian/kaggle_durian_leaf_disease_dataset/images/train__ALLOCARIDARA_ATTACK__to_label_1476.jpg,ALLOCARIDARA_ATTACK,train
data/durian/kaggle_durian_leaf_disease_dataset/images/train__ALLOCARIDARA_ATTACK__to_label_1477.jpg,ALLOCARIDARA_ATTACK,train
data/durian/kaggle_durian_leaf_disease_dataset/images/train__ALLOCARIDARA_ATTACK__to_label_1478.jpg,ALLOCARIDARA_ATTACK,train
data/durian/kaggle_durian_leaf_disease_dataset/images/train__ALLOCARIDARA_ATTACK__to_label_1479.jpg,ALLOCARIDARA_ATTACK,train
data/durian/kaggle_durian_leaf_disease_dataset/images/train__ALLOCARIDARA_ATTACK__to_label_1482.jpg,ALLOCARIDARA_ATTACK,train
data/durian/kaggle_durian_leaf_disease_dataset/images/train__ALLOCARIDARA_ATTACK__to_label_1483.jpg,ALLOCARIDARA_ATTACK,train
data/durian/kaggle_durian_leaf_disease_dataset/images/train__ALLOCARIDARA_ATTACK__to_label_1484.jpg,ALLOCARIDARA_ATTACK,train
data/durian/kaggle_durian_leaf_disease_dataset/images/train__ALLOCARIDARA_ATTACK__to_label_1485.jpg,ALLOCARIDARA_ATTACK,train
data/durian/kaggle_durian_leaf_disease_dataset/images/train__ALLOCARIDARA_ATTACK__to_label_1486.jpg,ALLOCARIDARA_ATTACK,train
data/durian/kaggle_durian_leaf_disease_dataset/images/train__ALLOCARIDARA_ATTACK__to_label_1487.jpg,ALLOCARIDARA_ATTACK,train
data/durian/kaggle_durian_leaf_disease_dataset/images/train__ALLOCARIDARA_ATTACK__to_label_1488.jpg,ALLOCARIDARA_ATTACK,train
data/durian/kaggle_durian_leaf_disease_dataset/images/train__ALLOCARIDARA_ATTACK__to_label_1489.jpg,ALLOCARIDARA_ATTACK,train
data/durian/kaggle_durian_leaf_disease_dataset/images/train__ALLOCARIDARA_ATTACK__to_label_1491.jpg,ALLOCARIDARA_ATTACK,train
data/durian/kaggle_durian_leaf_disease_dataset/images/train__ALLOCARIDARA_ATTACK__to_label_1492.jpg,ALLOCARIDARA_ATTACK,train
data/durian/kaggle_durian_leaf_disease_dataset/images/train__ALLOCARIDARA_ATTACK__to_label_1493.jpg,ALLOCARIDARA_ATTACK,train
data/durian/kaggle_durian_leaf_disease_dataset/images/train__ALLOCARIDARA_ATTACK__to_label_1494.jpg,ALLOCARIDARA_ATTACK,train
data/durian/kaggle_durian_leaf_disease_dataset/images/train__ALLOCARIDARA_ATTACK__to_label_1497.jpg,ALLOCARIDARA_ATTACK,train
data/durian/kaggle_durian_leaf_disease_dataset/images/train__ALLOCARIDARA_ATTACK__to_label_1501.jpg,ALLOCARIDARA_ATTACK,train
data/durian/kaggle_durian_leaf_disease_dataset/images/train__ALLOCARIDARA_ATTACK__to_label_1502.jpg,ALLOCARIDARA_ATTACK,train
data/durian/kaggle_durian_leaf_disease_dataset/images/train__ALLOCARIDARA_ATTACK__to_label_1503.jpg,ALLOCARIDARA_ATTACK,train
data/durian/kaggle_durian_leaf_disease_dataset/images/train__ALLOCARIDARA_ATTACK__to_label_1504.jpg,ALLOCARIDARA_ATTACK,train
data/durian/kaggle_durian_leaf_disease_dataset/images/train__ALLOCARIDARA_ATTACK__to_label_1505.jpg,ALLOCARIDARA_ATTACK,train
data/durian/kaggle_durian_leaf_disease_dataset/images/train__ALLOCARIDARA_ATTACK__to_label_1506.jpg,ALLOCARIDARA_ATTACK,train
data/durian/kaggle_durian_leaf_disease_dataset/images/train__ALLOCARIDARA_ATTACK__to_label_1507.jpg,ALLOCARIDARA_ATTACK,train
data/durian/kaggle_durian_leaf_disease_dataset/images/train__ALLOCARIDARA_ATTACK__to_label_1508.jpg,ALLOCARIDARA_ATTACK,train
data/durian/kaggle_durian_leaf_disease_dataset/images/train__ALLOCARIDARA_ATTACK__to_label_1510.jpg,ALLOCARIDARA_ATTACK,train
data/durian/kaggle_durian_leaf_disease_dataset/images/train__ALLOCARIDARA_ATTACK__to_label_1512.jpg,ALLOCARIDARA_ATTACK,train
data/durian/kaggle_durian_leaf_disease_dataset/images/train__ALLOCARIDARA_ATTACK__to_label_1514.jpg,ALLOCARIDARA_ATTACK,train
data/durian/kaggle_durian_leaf_disease_dataset/images/train__ALLOCARIDARA_ATTACK__to_label_1516.jpg,ALLOCARIDARA_ATTACK,train
data/durian/kaggle_durian_leaf_disease_dataset/images/train__ALLOCARIDARA_ATTACK__to_label_1517.jpg,ALLOCARIDARA_ATTACK,train
data/durian/kaggle_durian_leaf_disease_dataset/images/train__ALLOCARIDARA_ATTACK__to_label_1518.jpg,ALLOCARIDARA_ATTACK,train
data/durian/kaggle_durian_leaf_disease_dataset/images/train__ALLOCARIDARA_ATTACK__to_label_1519.jpg,ALLOCARIDARA_ATTACK,train
data/durian/kaggle_durian_leaf_disease_dataset/images/train__ALLOCARIDARA_ATTACK__to_label_1522.jpg,ALLOCARIDARA_ATTACK,train
data/durian/kaggle_durian_leaf_disease_dataset/images/train__ALLOCARIDARA_ATTACK__to_label_1523.jpg,ALLOCARIDARA_ATTACK,train
data/durian/kaggle_durian_leaf_disease_dataset/images/train__ALLOCARIDARA_ATTACK__to_label_1524.jpg,ALLOCARIDARA_ATTACK,train
data/durian/kaggle_durian_leaf_disease_dataset/images/train__ALLOCARIDARA_ATTACK__to_label_1525.jpg,ALLOCARIDARA_ATTACK,train
data/durian/kaggle_durian_leaf_disease_dataset/images/train__ALLOCARIDARA_ATTACK__to_label_1527.jpg,ALLOCARIDARA_ATTACK,train
data/durian/kaggle_durian_leaf_disease_dataset/images/train__ALLOCARIDARA_ATTACK__to_label_1528.jpg,ALLOCARIDARA_ATTACK,train
data/durian/kaggle_durian_leaf_disease_dataset/images/train__ALLOCARIDARA_ATTACK__to_label_1529.jpg,ALLOCARIDARA_ATTACK,train
data/durian/kaggle_durian_leaf_disease_dataset/images/train__ALLOCARIDARA_ATTACK__to_label_1531.jpg,ALLOCARIDARA_ATTACK,train
data/durian/kaggle_durian_leaf_disease_dataset/images/train__ALLOCARIDARA_ATTACK__to_label_1533.jpg,ALLOCARIDARA_ATTACK,train
data/durian/kaggle_durian_leaf_disease_dataset/images/train__ALLOCARIDARA_ATTACK__to_label_1534.jpg,ALLOCARIDARA_ATTACK,train
data/durian/kaggle_durian_leaf_disease_dataset/images/train__ALLOCARIDARA_ATTACK__to_label_1537.jpg,ALLOCARIDARA_ATTACK,train
data/durian/kaggle_durian_leaf_disease_dataset/images/train__ALLOCARIDARA_ATTACK__to_label_1538.jpg,ALLOCARIDARA_ATTACK,train
data/durian/kaggle_durian_leaf_disease_dataset/images/train__ALLOCARIDARA_ATTACK__to_label_1540.jpg,ALLOCARIDARA_ATTACK,train
data/durian/kaggle_durian_leaf_disease_dataset/images/train__ALLOCARIDARA_ATTACK__to_label_1542.jpg,ALLOCARIDARA_ATTACK,train
data/durian/kaggle_durian_leaf_disease_dataset/images/train__ALLOCARIDARA_ATTACK__to_label_1543.jpg,ALLOCARIDARA_ATTACK,train
data/durian/kaggle_durian_leaf_disease_dataset/images/train__ALLOCARIDARA_ATTACK__to_label_1544.jpg,ALLOCARIDARA_ATTACK,train
data/durian/kaggle_durian_leaf_disease_dataset/images/train__ALLOCARIDARA_ATTACK__to_label_1545.jpg,ALLOCARIDARA_ATTACK,train
data/durian/kaggle_durian_leaf_disease_dataset/images/train__ALLOCARIDARA_ATTACK__to_label_1547.jpg,ALLOCARIDARA_ATTACK,train
data/durian/kaggle_durian_leaf_disease_dataset/images/train__ALLOCARIDARA_ATTACK__to_label_1548.jpg,ALLOCARIDARA_ATTACK,train
data/durian/kaggle_durian_leaf_disease_dataset/images/train__ALLOCARIDARA_ATTACK__to_label_1550.jpg,ALLOCARIDARA_ATTACK,train
data/durian/kaggle_durian_leaf_disease_dataset/images/train__ALLOCARIDARA_ATTACK__to_label_1551.jpg,ALLOCARIDARA_ATTACK,train
data/durian/kaggle_durian_leaf_disease_dataset/images/train__ALLOCARIDARA_ATTACK__to_label_1552.jpg,ALLOCARIDARA_ATTACK,train
data/durian/kaggle_durian_leaf_disease_dataset/images/train__ALLOCARIDARA_ATTACK__to_label_1554.jpg,ALLOCARIDARA_ATTACK,train
data/durian/kaggle_durian_leaf_disease_dataset/images/train__ALLOCARIDARA_ATTACK__to_label_1555.jpg,ALLOCARIDARA_ATTACK,train
data/durian/kaggle_durian_leaf_disease_dataset/images/train__ALLOCARIDARA_ATTACK__to_label_1557.jpg,ALLOCARIDARA_ATTACK,train
data/durian/kaggle_durian_leaf_disease_dataset/images/train__ALLOCARIDARA_ATTACK__to_label_1560.jpg,ALLOCARIDARA_ATTACK,train
data/durian/kaggle_durian_leaf_disease_dataset/images/train__ALLOCARIDARA_ATTACK__to_label_1561.jpg,ALLOCARIDARA_ATTACK,train
data/durian/kaggle_durian_leaf_disease_dataset/images/train__ALLOCARIDARA_ATTACK__to_label_1564.jpg,ALLOCARIDARA_ATTACK,train
data/durian/kaggle_durian_leaf_disease_dataset/images/train__ALLOCARIDARA_ATTACK__to_label_1567.jpg,ALLOCARIDARA_ATTACK,train
data/durian/kaggle_durian_leaf_disease_dataset/images/train__ALLOCARIDARA_ATTACK__to_label_1569.jpg,ALLOCARIDARA_ATTACK,train
data/durian/kaggle_durian_leaf_disease_dataset/images/train__ALLOCARIDARA_ATTACK__to_label_1570.jpg,ALLOCARIDARA_ATTACK,train
data/durian/kaggle_durian_leaf_disease_dataset/images/train__ALLOCARIDARA_ATTACK__to_label_1571.jpg,ALLOCARIDARA_ATTACK,train
data/durian/kaggle_durian_leaf_disease_dataset/images/train__ALLOCARIDARA_ATTACK__to_label_1572.jpg,ALLOCARIDARA_ATTACK,train
data/durian/kaggle_durian_leaf_disease_dataset/images/train__ALLOCARIDARA_ATTACK__to_label_1574.jpg,ALLOCARIDARA_ATTACK,train
data/durian/kaggle_durian_leaf_disease_dataset/images/train__ALLOCARIDARA_ATTACK__to_label_1575.jpg,ALLOCARIDARA_ATTACK,train
data/durian/kaggle_durian_leaf_disease_dataset/images/train__ALLOCARIDARA_ATTACK__to_label_1576.jpg,ALLOCARIDARA_ATTACK,train
data/durian/kaggle_durian_leaf_disease_dataset/images/train__ALLOCARIDARA_ATTACK__to_label_1577.jpg,ALLOCARIDARA_ATTACK,train
data/durian/kaggle_durian_leaf_disease_dataset/images/train__ALLOCARIDARA_ATTACK__to_label_1578.jpg,ALLOCARIDARA_ATTACK,train
data/durian/kaggle_durian_leaf_disease_dataset/images/train__ALLOCARIDARA_ATTACK__to_label_1579.jpg,ALLOCARIDARA_ATTACK,train
data/durian/kaggle_durian_leaf_disease_dataset/images/train__ALLOCARIDARA_ATTACK__to_label_1580.jpg,ALLOCARIDARA_ATTACK,train
data/durian/kaggle_durian_leaf_disease_dataset/images/train__ALLOCARIDARA_ATTACK__to_label_1581.jpg,ALLOCARIDARA_ATTACK,train
data/durian/kaggle_durian_leaf_disease_dataset/images/train__ALLOCARIDARA_ATTACK__to_label_1582.jpg,ALLOCARIDARA_ATTACK,train
data/durian/kaggle_durian_leaf_disease_dataset/images/train__ALLOCARIDARA_ATTACK__to_label_1583.jpg,ALLOCARIDARA_ATTACK,train
data/durian/kaggle_durian_leaf_disease_dataset/images/train__ALLOCARIDARA_ATTACK__to_label_1585.jpg,ALLOCARIDARA_ATTACK,train
data/durian/kaggle_durian_leaf_disease_dataset/images/train__ALLOCARIDARA_ATTACK__to_label_1586.jpg,ALLOCARIDARA_ATTACK,train
data/durian/kaggle_durian_leaf_disease_dataset/images/train__ALLOCARIDARA_ATTACK__to_label_1587.jpg,ALLOCARIDARA_ATTACK,train
data/durian/kaggle_durian_leaf_disease_dataset/images/train__ALLOCARIDARA_ATTACK__to_label_1588.jpg,ALLOCARIDARA_ATTACK,train
data/durian/kaggle_durian_leaf_disease_dataset/images/train__ALLOCARIDARA_ATTACK__to_label_1590.jpg,ALLOCARIDARA_ATTACK,train
data/durian/kaggle_durian_leaf_disease_dataset/images/train__ALLOCARIDARA_ATTACK__to_label_1591.jpg,ALLOCARIDARA_ATTACK,train
data/durian/kaggle_durian_leaf_disease_dataset/images/train__ALLOCARIDARA_ATTACK__to_label_1593.jpg,ALLOCARIDARA_ATTACK,train
data/durian/kaggle_durian_leaf_disease_dataset/images/train__ALLOCARIDARA_ATTACK__to_label_1594.jpg,ALLOCARIDARA_ATTACK,train
data/durian/kaggle_durian_leaf_disease_dataset/images/train__ALLOCARIDARA_ATTACK__to_label_1597.jpg,ALLOCARIDARA_ATTACK,train
data/durian/kaggle_durian_leaf_disease_dataset/images/train__ALLOCARIDARA_ATTACK__to_label_1598.jpg,ALLOCARIDARA_ATTACK,train
data/durian/kaggle_durian_leaf_disease_dataset/images/train__ALLOCARIDARA_ATTACK__to_label_1599.jpg,ALLOCARIDARA_ATTACK,train
data/durian/kaggle_durian_leaf_disease_dataset/images/train__ALLOCARIDARA_ATTACK__to_label_1600.jpg,ALLOCARIDARA_ATTACK,train
data/durian/kaggle_durian_leaf_disease_dataset/images/train__ALLOCARIDARA_ATTACK__to_label_1601.jpg,ALLOCARIDARA_ATTACK,train
data/durian/kaggle_durian_leaf_disease_dataset/images/train__ALLOCARIDARA_ATTACK__to_label_1606.jpg,ALLOCARIDARA_ATTACK,train
data/durian/kaggle_durian_leaf_disease_dataset/images/train__ALLOCARIDARA_ATTACK__to_label_1607.jpg,ALLOCARIDARA_ATTACK,train
data/durian/kaggle_durian_leaf_disease_dataset/images/train__ALLOCARIDARA_ATTACK__to_label_1613.jpg,ALLOCARIDARA_ATTACK,train
data/durian/kaggle_durian_leaf_disease_dataset/images/train__ALLOCARIDARA_ATTACK__to_label_1614.jpg,ALLOCARIDARA_ATTACK,train
data/durian/kaggle_durian_leaf_disease_dataset/images/train__ALLOCARIDARA_ATTACK__to_label_1615.jpg,ALLOCARIDARA_ATTACK,train
data/durian/kaggle_durian_leaf_disease_dataset/images/train__ALLOCARIDARA_ATTACK__to_label_1616.jpg,ALLOCARIDARA_ATTACK,train
data/durian/kaggle_durian_leaf_disease_dataset/images/train__ALLOCARIDARA_ATTACK__to_label_1617.jpg,ALLOCARIDARA_ATTACK,train
data/durian/kaggle_durian_leaf_disease_dataset/images/train__ALLOCARIDARA_ATTACK__to_label_1620.jpg,ALLOCARIDARA_ATTACK,train
data/durian/kaggle_durian_leaf_disease_dataset/images/train__ALLOCARIDARA_ATTACK__to_label_1621.jpg,ALLOCARIDARA_ATTACK,train
data/durian/kaggle_durian_leaf_disease_dataset/images/train__ALLOCARIDARA_ATTACK__to_label_1622.jpg,ALLOCARIDARA_ATTACK,train
data/durian/kaggle_durian_leaf_disease_dataset/images/train__ALLOCARIDARA_ATTACK__to_label_1623.jpg,ALLOCARIDARA_ATTACK,train
data/durian/kaggle_durian_leaf_disease_dataset/images/train__ALLOCARIDARA_ATTACK__to_label_1624.jpg,ALLOCARIDARA_ATTACK,train
data/durian/kaggle_durian_leaf_disease_dataset/images/train__ALLOCARIDARA_ATTACK__to_label_1625.jpg,ALLOCARIDARA_ATTACK,train
data/durian/kaggle_durian_leaf_disease_dataset/images/train__ALLOCARIDARA_ATTACK__to_label_1626.jpg,ALLOCARIDARA_ATTACK,train
data/durian/kaggle_durian_leaf_disease_dataset/images/train__ALLOCARIDARA_ATTACK__to_label_1628.jpg,ALLOCARIDARA_ATTACK,train
data/durian/kaggle_durian_leaf_disease_dataset/images/train__ALLOCARIDARA_ATTACK__to_label_1629.jpg,ALLOCARIDARA_ATTACK,train
data/durian/kaggle_durian_leaf_disease_dataset/images/train__ALLOCARIDARA_ATTACK__to_label_1630.jpg,ALLOCARIDARA_ATTACK,train
data/durian/kaggle_durian_leaf_disease_dataset/images/train__ALLOCARIDARA_ATTACK__to_label_1631.jpg,ALLOCARIDARA_ATTACK,train
data/durian/kaggle_durian_leaf_disease_dataset/images/train__ALLOCARIDARA_ATTACK__to_label_1632.jpg,ALLOCARIDARA_ATTACK,train
data/durian/kaggle_durian_leaf_disease_dataset/images/train__ALLOCARIDARA_ATTACK__to_label_1633.jpg,ALLOCARIDARA_ATTACK,train
data/durian/kaggle_durian_leaf_disease_dataset/images/train__ALLOCARIDARA_ATTACK__to_label_1636.jpg,ALLOCARIDARA_ATTACK,train
data/durian/kaggle_durian_leaf_disease_dataset/images/train__ALLOCARIDARA_ATTACK__to_label_1637.jpg,ALLOCARIDARA_ATTACK,train
data/durian/kaggle_durian_leaf_disease_dataset/images/train__ALLOCARIDARA_ATTACK__to_label_1638.jpg,ALLOCARIDARA_ATTACK,train
data/durian/kaggle_durian_leaf_disease_dataset/images/train__ALLOCARIDARA_ATTACK__to_label_1639.jpg,ALLOCARIDARA_ATTACK,train
data/durian/kaggle_durian_leaf_disease_dataset/images/train__ALLOCARIDARA_ATTACK__to_label_1640.jpg,ALLOCARIDARA_ATTACK,train
data/durian/kaggle_durian_leaf_disease_dataset/images/train__ALLOCARIDARA_ATTACK__to_label_1641.jpg,ALLOCARIDARA_ATTACK,train
data/durian/kaggle_durian_leaf_disease_dataset/images/train__ALLOCARIDARA_ATTACK__to_label_1642.jpg,ALLOCARIDARA_ATTACK,train
data/durian/kaggle_durian_leaf_disease_dataset/images/train__ALLOCARIDARA_ATTACK__to_label_1646.jpg,ALLOCARIDARA_ATTACK,train
data/durian/kaggle_durian_leaf_disease_dataset/images/train__ALLOCARIDARA_ATTACK__to_label_1647.jpg,ALLOCARIDARA_ATTACK,train
data/durian/kaggle_durian_leaf_disease_dataset/images/train__ALLOCARIDARA_ATTACK__to_label_1648.jpg,ALLOCARIDARA_ATTACK,train
data/durian/kaggle_durian_leaf_disease_dataset/images/train__ALLOCARIDARA_ATTACK__to_label_1650.jpg,ALLOCARIDARA_ATTACK,train
data/durian/kaggle_durian_leaf_disease_dataset/images/train__ALLOCARIDARA_ATTACK__to_label_1651.jpg,ALLOCARIDARA_ATTACK,train
data/durian/kaggle_durian_leaf_disease_dataset/images/train__ALLOCARIDARA_ATTACK__to_label_1653.jpg,ALLOCARIDARA_ATTACK,train
data/durian/kaggle_durian_leaf_disease_dataset/images/train__ALLOCARIDARA_ATTACK__to_label_1654.jpg,ALLOCARIDARA_ATTACK,train
data/durian/kaggle_durian_leaf_disease_dataset/images/train__ALLOCARIDARA_ATTACK__to_label_1655.jpg,ALLOCARIDARA_ATTACK,train
data/durian/kaggle_durian_leaf_disease_dataset/images/train__ALLOCARIDARA_ATTACK__to_label_1656.jpg,ALLOCARIDARA_ATTACK,train
data/durian/kaggle_durian_leaf_disease_dataset/images/train__ALLOCARIDARA_ATTACK__to_label_1657.jpg,ALLOCARIDARA_ATTACK,train
data/durian/kaggle_durian_leaf_disease_dataset/images/train__ALLOCARIDARA_ATTACK__to_label_1658.jpg,ALLOCARIDARA_ATTACK,train
data/durian/kaggle_durian_leaf_disease_dataset/images/train__ALLOCARIDARA_ATTACK__to_label_1659.jpg,ALLOCARIDARA_ATTACK,train
data/durian/kaggle_durian_leaf_disease_dataset/images/train__ALLOCARIDARA_ATTACK__to_label_1660.jpg,ALLOCARIDARA_ATTACK,train
data/durian/kaggle_durian_leaf_disease_dataset/images/train__ALLOCARIDARA_ATTACK__to_label_1661.jpg,ALLOCARIDARA_ATTACK,train
data/durian/kaggle_durian_leaf_disease_dataset/images/train__ALLOCARIDARA_ATTACK__to_label_1662.jpg,ALLOCARIDARA_ATTACK,train
data/durian/kaggle_durian_leaf_disease_dataset/images/train__ALLOCARIDARA_ATTACK__to_label_1663.jpg,ALLOCARIDARA_ATTACK,train
data/durian/kaggle_durian_leaf_disease_dataset/images/train__ALLOCARIDARA_ATTACK__to_label_1665.jpg,ALLOCARIDARA_ATTACK,train
data/durian/kaggle_durian_leaf_disease_dataset/images/train__ALLOCARIDARA_ATTACK__to_label_1668.jpg,ALLOCARIDARA_ATTACK,train
data/durian/kaggle_durian_leaf_disease_dataset/images/train__ALLOCARIDARA_ATTACK__to_label_1669.jpg,ALLOCARIDARA_ATTACK,train
data/durian/kaggle_durian_leaf_disease_dataset/images/train__ALLOCARIDARA_ATTACK__to_label_1671.jpg,ALLOCARIDARA_ATTACK,train
data/durian/kaggle_durian_leaf_disease_dataset/images/train__ALLOCARIDARA_ATTACK__to_label_1672.jpg,ALLOCARIDARA_ATTACK,train
data/durian/kaggle_durian_leaf_disease_dataset/images/train__ALLOCARIDARA_ATTACK__to_label_1673.jpg,ALLOCARIDARA_ATTACK,train
data/durian/kaggle_durian_leaf_disease_dataset/images/train__ALLOCARIDARA_ATTACK__to_label_1675.jpg,ALLOCARIDARA_ATTACK,train
data/durian/kaggle_durian_leaf_disease_dataset/images/train__ALLOCARIDARA_ATTACK__to_label_1676.jpg,ALLOCARIDARA_ATTACK,train
data/durian/kaggle_durian_leaf_disease_dataset/images/train__ALLOCARIDARA_ATTACK__to_label_1677.jpg,ALLOCARIDARA_ATTACK,train
data/durian/kaggle_durian_leaf_disease_dataset/images/train__ALLOCARIDARA_ATTACK__to_label_1678.jpg,ALLOCARIDARA_ATTACK,train
data/durian/kaggle_durian_leaf_disease_dataset/images/train__ALLOCARIDARA_ATTACK__to_label_1682.jpg,ALLOCARIDARA_ATTACK,train
data/durian/kaggle_durian_leaf_disease_dataset/images/train__ALLOCARIDARA_ATTACK__to_label_1683.jpg,ALLOCARIDARA_ATTACK,train
data/durian/kaggle_durian_leaf_disease_dataset/images/train__ALLOCARIDARA_ATTACK__to_label_1685.jpg,ALLOCARIDARA_ATTACK,train
data/durian/kaggle_durian_leaf_disease_dataset/images/train__ALLOCARIDARA_ATTACK__to_label_1688.jpg,ALLOCARIDARA_ATTACK,train
data/durian/kaggle_durian_leaf_disease_dataset/images/train__ALLOCARIDARA_ATTACK__to_label_1689.jpg,ALLOCARIDARA_ATTACK,train
data/durian/kaggle_durian_leaf_disease_dataset/images/train__ALLOCARIDARA_ATTACK__to_label_1690.jpg,ALLOCARIDARA_ATTACK,train
data/durian/kaggle_durian_leaf_disease_dataset/images/train__ALLOCARIDARA_ATTACK__to_label_1691.jpg,ALLOCARIDARA_ATTACK,train
data/durian/kaggle_durian_leaf_disease_dataset/images/train__ALLOCARIDARA_ATTACK__to_label_1692.jpg,ALLOCARIDARA_ATTACK,train
data/durian/kaggle_durian_leaf_disease_dataset/images/train__ALLOCARIDARA_ATTACK__to_label_1693.jpg,ALLOCARIDARA_ATTACK,train
data/durian/kaggle_durian_leaf_disease_dataset/images/train__ALLOCARIDARA_ATTACK__to_label_1694.jpg,ALLOCARIDARA_ATTACK,train
data/durian/kaggle_durian_leaf_disease_dataset/images/train__ALLOCARIDARA_ATTACK__to_label_1695.jpg,ALLOCARIDARA_ATTACK,train
data/durian/kaggle_durian_leaf_disease_dataset/images/train__ALLOCARIDARA_ATTACK__to_label_1697.jpg,ALLOCARIDARA_ATTACK,train
data/durian/kaggle_durian_leaf_disease_dataset/images/train__ALLOCARIDARA_ATTACK__to_label_1698.jpg,ALLOCARIDARA_ATTACK,train
data/durian/kaggle_durian_leaf_disease_dataset/images/train__ALLOCARIDARA_ATTACK__to_label_1699.jpg,ALLOCARIDARA_ATTACK,train
data/durian/kaggle_durian_leaf_disease_dataset/images/train__ALLOCARIDARA_ATTACK__to_label_1700.jpg,ALLOCARIDARA_ATTACK,train
data/durian/kaggle_durian_leaf_disease_dataset/images/train__ALLOCARIDARA_ATTACK__to_label_1701.jpg,ALLOCARIDARA_ATTACK,train
data/durian/kaggle_durian_leaf_disease_dataset/images/train__ALLOCARIDARA_ATTACK__to_label_1702.jpg,ALLOCARIDARA_ATTACK,train
data/durian/kaggle_durian_leaf_disease_dataset/images/train__ALLOCARIDARA_ATTACK__to_label_1704.jpg,ALLOCARIDARA_ATTACK,train
data/durian/kaggle_durian_leaf_disease_dataset/images/train__ALLOCARIDARA_ATTACK__to_label_1705.jpg,ALLOCARIDARA_ATTACK,train
data/durian/kaggle_durian_leaf_disease_dataset/images/train__ALLOCARIDARA_ATTACK__to_label_1706.jpg,ALLOCARIDARA_ATTACK,train
data/durian/kaggle_durian_leaf_disease_dataset/images/train__ALLOCARIDARA_ATTACK__to_label_1707.jpg,ALLOCARIDARA_ATTACK,train
data/durian/kaggle_durian_leaf_disease_dataset/images/train__ALLOCARIDARA_ATTACK__to_label_1708.jpg,ALLOCARIDARA_ATTACK,train
data/durian/kaggle_durian_leaf_disease_dataset/images/train__ALLOCARIDARA_ATTACK__to_label_1709.jpg,ALLOCARIDARA_ATTACK,train
data/durian/kaggle_durian_leaf_disease_dataset/images/train__ALLOCARIDARA_ATTACK__to_label_735.jpg,ALLOCARIDARA_ATTACK,train
data/durian/kaggle_durian_leaf_disease_dataset/images/train__ALLOCARIDARA_ATTACK__to_label_736.jpg,ALLOCARIDARA_ATTACK,train
data/durian/kaggle_durian_leaf_disease_dataset/images/train__ALLOCARIDARA_ATTACK__to_label_737.jpg,ALLOCARIDARA_ATTACK,train
data/durian/kaggle_durian_leaf_disease_dataset/images/train__ALLOCARIDARA_ATTACK__to_label_738.jpg,ALLOCARIDARA_ATTACK,train
data/durian/kaggle_durian_leaf_disease_dataset/images/train__ALLOCARIDARA_ATTACK__to_label_739.jpg,ALLOCARIDARA_ATTACK,train
data/durian/kaggle_durian_leaf_disease_dataset/images/train__ALLOCARIDARA_ATTACK__to_label_740.jpg,ALLOCARIDARA_ATTACK,train
data/durian/kaggle_durian_leaf_disease_dataset/images/train__ALLOCARIDARA_ATTACK__to_label_741.jpg,ALLOCARIDARA_ATTACK,train
data/durian/kaggle_durian_leaf_disease_dataset/images/train__ALLOCARIDARA_ATTACK__to_label_742.jpg,ALLOCARIDARA_ATTACK,train
data/durian/kaggle_durian_leaf_disease_dataset/images/train__ALLOCARIDARA_ATTACK__to_label_743.jpg,ALLOCARIDARA_ATTACK,train
data/durian/kaggle_durian_leaf_disease_dataset/images/train__ALLOCARIDARA_ATTACK__to_label_745.jpg,ALLOCARIDARA_ATTACK,train
data/durian/kaggle_durian_leaf_disease_dataset/images/train__ALLOCARIDARA_ATTACK__to_label_747.jpg,ALLOCARIDARA_ATTACK,train
data/durian/kaggle_durian_leaf_disease_dataset/images/train__ALLOCARIDARA_ATTACK__to_label_751.jpg,ALLOCARIDARA_ATTACK,train
data/durian/kaggle_durian_leaf_disease_dataset/images/train__ALLOCARIDARA_ATTACK__to_label_752.jpg,ALLOCARIDARA_ATTACK,train
data/durian/kaggle_durian_leaf_disease_dataset/images/train__ALLOCARIDARA_ATTACK__to_label_753.jpg,ALLOCARIDARA_ATTACK,train
data/durian/kaggle_durian_leaf_disease_dataset/images/train__ALLOCARIDARA_ATTACK__to_label_755.jpg,ALLOCARIDARA_ATTACK,train
data/durian/kaggle_durian_leaf_disease_dataset/images/train__ALLOCARIDARA_ATTACK__to_label_756.jpg,ALLOCARIDARA_ATTACK,train
data/durian/kaggle_durian_leaf_disease_dataset/images/train__ALLOCARIDARA_ATTACK__to_label_757.jpg,ALLOCARIDARA_ATTACK,train
data/durian/kaggle_durian_leaf_disease_dataset/images/train__ALLOCARIDARA_ATTACK__to_label_760.jpg,ALLOCARIDARA_ATTACK,train
data/durian/kaggle_durian_leaf_disease_dataset/images/train__ALLOCARIDARA_ATTACK__to_label_761.jpg,ALLOCARIDARA_ATTACK,train
data/durian/kaggle_durian_leaf_disease_dataset/images/train__ALLOCARIDARA_ATTACK__to_label_763.jpg,ALLOCARIDARA_ATTACK,train
data/durian/kaggle_durian_leaf_disease_dataset/images/train__ALLOCARIDARA_ATTACK__to_label_764.jpg,ALLOCARIDARA_ATTACK,train
data/durian/kaggle_durian_leaf_disease_dataset/images/train__ALLOCARIDARA_ATTACK__to_label_766.jpg,ALLOCARIDARA_ATTACK,train
data/durian/kaggle_durian_leaf_disease_dataset/images/train__ALLOCARIDARA_ATTACK__to_label_767.jpg,ALLOCARIDARA_ATTACK,train
data/durian/kaggle_durian_leaf_disease_dataset/images/train__ALLOCARIDARA_ATTACK__to_label_769.jpg,ALLOCARIDARA_ATTACK,train
data/durian/kaggle_durian_leaf_disease_dataset/images/train__ALLOCARIDARA_ATTACK__to_label_770.jpg,ALLOCARIDARA_ATTACK,train
data/durian/kaggle_durian_leaf_disease_dataset/images/train__ALLOCARIDARA_ATTACK__to_label_771.jpg,ALLOCARIDARA_ATTACK,train
data/durian/kaggle_durian_leaf_disease_dataset/images/train__ALLOCARIDARA_ATTACK__to_label_772.jpg,ALLOCARIDARA_ATTACK,train
data/durian/kaggle_durian_leaf_disease_dataset/images/train__ALLOCARIDARA_ATTACK__to_label_773.jpg,ALLOCARIDARA_ATTACK,train
data/durian/kaggle_durian_leaf_disease_dataset/images/train__ALLOCARIDARA_ATTACK__to_label_775.jpg,ALLOCARIDARA_ATTACK,train
data/durian/kaggle_durian_leaf_disease_dataset/images/train__ALLOCARIDARA_ATTACK__to_label_776.jpg,ALLOCARIDARA_ATTACK,train
data/durian/kaggle_durian_leaf_disease_dataset/images/train__ALLOCARIDARA_ATTACK__to_label_778.jpg,ALLOCARIDARA_ATTACK,train
data/durian/kaggle_durian_leaf_disease_dataset/images/train__ALLOCARIDARA_ATTACK__to_label_779.jpg,ALLOCARIDARA_ATTACK,train
data/durian/kaggle_durian_leaf_disease_dataset/images/train__ALLOCARIDARA_ATTACK__to_label_780.jpg,ALLOCARIDARA_ATTACK,train
data/durian/kaggle_durian_leaf_disease_dataset/images/train__ALLOCARIDARA_ATTACK__to_label_781.jpg,ALLOCARIDARA_ATTACK,train
data/durian/kaggle_durian_leaf_disease_dataset/images/train__ALLOCARIDARA_ATTACK__to_label_782.jpg,ALLOCARIDARA_ATTACK,train
data/durian/kaggle_durian_leaf_disease_dataset/images/train__ALLOCARIDARA_ATTACK__to_label_784.jpg,ALLOCARIDARA_ATTACK,train
data/durian/kaggle_durian_leaf_disease_dataset/images/train__ALLOCARIDARA_ATTACK__to_label_785.jpg,ALLOCARIDARA_ATTACK,train
data/durian/kaggle_durian_leaf_disease_dataset/images/train__ALLOCARIDARA_ATTACK__to_label_788.jpg,ALLOCARIDARA_ATTACK,train
data/durian/kaggle_durian_leaf_disease_dataset/images/train__ALLOCARIDARA_ATTACK__to_label_789.jpg,ALLOCARIDARA_ATTACK,train
data/durian/kaggle_durian_leaf_disease_dataset/images/train__ALLOCARIDARA_ATTACK__to_label_790.jpg,ALLOCARIDARA_ATTACK,train
data/durian/kaggle_durian_leaf_disease_dataset/images/train__ALLOCARIDARA_ATTACK__to_label_791.jpg,ALLOCARIDARA_ATTACK,train
data/durian/kaggle_durian_leaf_disease_dataset/images/train__ALLOCARIDARA_ATTACK__to_label_792.jpg,ALLOCARIDARA_ATTACK,train
data/durian/kaggle_durian_leaf_disease_dataset/images/train__ALLOCARIDARA_ATTACK__to_label_793.jpg,ALLOCARIDARA_ATTACK,train
data/durian/kaggle_durian_leaf_disease_dataset/images/train__ALLOCARIDARA_ATTACK__to_label_794.jpg,ALLOCARIDARA_ATTACK,train
data/durian/kaggle_durian_leaf_disease_dataset/images/train__ALLOCARIDARA_ATTACK__to_label_795.jpg,ALLOCARIDARA_ATTACK,train
data/durian/kaggle_durian_leaf_disease_dataset/images/train__ALLOCARIDARA_ATTACK__to_label_796.jpg,ALLOCARIDARA_ATTACK,train
data/durian/kaggle_durian_leaf_disease_dataset/images/train__ALLOCARIDARA_ATTACK__to_label_797.jpg,ALLOCARIDARA_ATTACK,train
data/durian/kaggle_durian_leaf_disease_dataset/images/train__ALLOCARIDARA_ATTACK__to_label_801.jpg,ALLOCARIDARA_ATTACK,train
data/durian/kaggle_durian_leaf_disease_dataset/images/train__ALLOCARIDARA_ATTACK__to_label_802.jpg,ALLOCARIDARA_ATTACK,train
data/durian/kaggle_durian_leaf_disease_dataset/images/train__ALLOCARIDARA_ATTACK__to_label_803.jpg,ALLOCARIDARA_ATTACK,train
data/durian/kaggle_durian_leaf_disease_dataset/images/train__ALLOCARIDARA_ATTACK__to_label_804.jpg,ALLOCARIDARA_ATTACK,train
data/durian/kaggle_durian_leaf_disease_dataset/images/train__ALLOCARIDARA_ATTACK__to_label_805.jpg,ALLOCARIDARA_ATTACK,train
data/durian/kaggle_durian_leaf_disease_dataset/images/train__ALLOCARIDARA_ATTACK__to_label_806.jpg,ALLOCARIDARA_ATTACK,train
data/durian/kaggle_durian_leaf_disease_dataset/images/train__ALLOCARIDARA_ATTACK__to_label_807.jpg,ALLOCARIDARA_ATTACK,train
data/durian/kaggle_durian_leaf_disease_dataset/images/train__ALLOCARIDARA_ATTACK__to_label_808.jpg,ALLOCARIDARA_ATTACK,train
data/durian/kaggle_durian_leaf_disease_dataset/images/train__ALLOCARIDARA_ATTACK__to_label_809.jpg,ALLOCARIDARA_ATTACK,train
data/durian/kaggle_durian_leaf_disease_dataset/images/train__ALLOCARIDARA_ATTACK__to_label_812.jpg,ALLOCARIDARA_ATTACK,train
data/durian/kaggle_durian_leaf_disease_dataset/images/train__ALLOCARIDARA_ATTACK__to_label_815.jpg,ALLOCARIDARA_ATTACK,train
data/durian/kaggle_durian_leaf_disease_dataset/images/train__ALLOCARIDARA_ATTACK__to_label_823.jpg,ALLOCARIDARA_ATTACK,train
data/durian/kaggle_durian_leaf_disease_dataset/images/train__ALLOCARIDARA_ATTACK__to_label_828.jpg,ALLOCARIDARA_ATTACK,train
data/durian/kaggle_durian_leaf_disease_dataset/images/train__ALLOCARIDARA_ATTACK__to_label_829.jpg,ALLOCARIDARA_ATTACK,train
data/durian/kaggle_durian_leaf_disease_dataset/images/train__ALLOCARIDARA_ATTACK__to_label_830.jpg,ALLOCARIDARA_ATTACK,train
data/durian/kaggle_durian_leaf_disease_dataset/images/train__ALLOCARIDARA_ATTACK__to_label_834.jpg,ALLOCARIDARA_ATTACK,train
data/durian/kaggle_durian_leaf_disease_dataset/images/train__ALLOCARIDARA_ATTACK__to_label_836.jpg,ALLOCARIDARA_ATTACK,train
data/durian/kaggle_durian_leaf_disease_dataset/images/train__ALLOCARIDARA_ATTACK__to_label_837.jpg,ALLOCARIDARA_ATTACK,train
data/durian/kaggle_durian_leaf_disease_dataset/images/train__ALLOCARIDARA_ATTACK__to_label_839.jpg,ALLOCARIDARA_ATTACK,train
data/durian/kaggle_durian_leaf_disease_dataset/images/train__ALLOCARIDARA_ATTACK__to_label_840.jpg,ALLOCARIDARA_ATTACK,train
data/durian/kaggle_durian_leaf_disease_dataset/images/train__ALLOCARIDARA_ATTACK__to_label_841.jpg,ALLOCARIDARA_ATTACK,train
data/durian/kaggle_durian_leaf_disease_dataset/images/train__ALLOCARIDARA_ATTACK__to_label_851.jpg,ALLOCARIDARA_ATTACK,train
data/durian/kaggle_durian_leaf_disease_dataset/images/train__ALLOCARIDARA_ATTACK__to_label_852.jpg,ALLOCARIDARA_ATTACK,train
data/durian/kaggle_durian_leaf_disease_dataset/images/train__ALLOCARIDARA_ATTACK__to_label_853.jpg,ALLOCARIDARA_ATTACK,train
data/durian/kaggle_durian_leaf_disease_dataset/images/train__ALLOCARIDARA_ATTACK__to_label_854.jpg,ALLOCARIDARA_ATTACK,train
data/durian/kaggle_durian_leaf_disease_dataset/images/train__ALLOCARIDARA_ATTACK__to_label_855.jpg,ALLOCARIDARA_ATTACK,train
data/durian/kaggle_durian_leaf_disease_dataset/images/train__ALLOCARIDARA_ATTACK__to_label_857.jpg,ALLOCARIDARA_ATTACK,train
data/durian/kaggle_durian_leaf_disease_dataset/images/train__ALLOCARIDARA_ATTACK__to_label_863.jpg,ALLOCARIDARA_ATTACK,train
data/durian/kaggle_durian_leaf_disease_dataset/images/train__ALLOCARIDARA_ATTACK__to_label_864.jpg,ALLOCARIDARA_ATTACK,train
data/durian/kaggle_durian_leaf_disease_dataset/images/train__ALLOCARIDARA_ATTACK__to_label_868.jpg,ALLOCARIDARA_ATTACK,train
data/durian/kaggle_durian_leaf_disease_dataset/images/train__ALLOCARIDARA_ATTACK__to_label_869.jpg,ALLOCARIDARA_ATTACK,train
data/durian/kaggle_durian_leaf_disease_dataset/images/train__ALLOCARIDARA_ATTACK__to_label_874.jpg,ALLOCARIDARA_ATTACK,train
data/durian/kaggle_durian_leaf_disease_dataset/images/train__ALLOCARIDARA_ATTACK__to_label_876.jpg,ALLOCARIDARA_ATTACK,train
data/durian/kaggle_durian_leaf_disease_dataset/images/train__ALLOCARIDARA_ATTACK__to_label_877.jpg,ALLOCARIDARA_ATTACK,train
data/durian/kaggle_durian_leaf_disease_dataset/images/train__ALLOCARIDARA_ATTACK__to_label_879.jpg,ALLOCARIDARA_ATTACK,train
data/durian/kaggle_durian_leaf_disease_dataset/images/train__ALLOCARIDARA_ATTACK__to_label_885.jpg,ALLOCARIDARA_ATTACK,train
data/durian/kaggle_durian_leaf_disease_dataset/images/train__ALLOCARIDARA_ATTACK__to_label_887.jpg,ALLOCARIDARA_ATTACK,train
data/durian/kaggle_durian_leaf_disease_dataset/images/train__ALLOCARIDARA_ATTACK__to_label_890.jpg,ALLOCARIDARA_ATTACK,train
data/durian/kaggle_durian_leaf_disease_dataset/images/train__ALLOCARIDARA_ATTACK__to_label_891.jpg,ALLOCARIDARA_ATTACK,train
data/durian/kaggle_durian_leaf_disease_dataset/images/train__ALLOCARIDARA_ATTACK__to_label_892.jpg,ALLOCARIDARA_ATTACK,train
data/durian/kaggle_durian_leaf_disease_dataset/images/train__ALLOCARIDARA_ATTACK__to_label_893.jpg,ALLOCARIDARA_ATTACK,train
data/durian/kaggle_durian_leaf_disease_dataset/images/train__ALLOCARIDARA_ATTACK__to_label_894.jpg,ALLOCARIDARA_ATTACK,train
data/durian/kaggle_durian_leaf_disease_dataset/images/train__ALLOCARIDARA_ATTACK__to_label_896.jpg,ALLOCARIDARA_ATTACK,train
data/durian/kaggle_durian_leaf_disease_dataset/images/train__ALLOCARIDARA_ATTACK__to_label_897.jpg,ALLOCARIDARA_ATTACK,train
data/durian/kaggle_durian_leaf_disease_dataset/images/train__ALLOCARIDARA_ATTACK__to_label_899.jpg,ALLOCARIDARA_ATTACK,train
data/durian/kaggle_durian_leaf_disease_dataset/images/train__ALLOCARIDARA_ATTACK__to_label_900.jpg,ALLOCARIDARA_ATTACK,train
data/durian/kaggle_durian_leaf_disease_dataset/images/train__ALLOCARIDARA_ATTACK__to_label_902.jpg,ALLOCARIDARA_ATTACK,train
data/durian/kaggle_durian_leaf_disease_dataset/images/train__ALLOCARIDARA_ATTACK__to_label_903.jpg,ALLOCARIDARA_ATTACK,train
data/durian/kaggle_durian_leaf_disease_dataset/images/train__ALLOCARIDARA_ATTACK__to_label_905.jpg,ALLOCARIDARA_ATTACK,train
data/durian/kaggle_durian_leaf_disease_dataset/images/train__ALLOCARIDARA_ATTACK__to_label_907.jpg,ALLOCARIDARA_ATTACK,train
data/durian/kaggle_durian_leaf_disease_dataset/images/train__ALLOCARIDARA_ATTACK__to_label_908.jpg,ALLOCARIDARA_ATTACK,train
data/durian/kaggle_durian_leaf_disease_dataset/images/train__ALLOCARIDARA_ATTACK__to_label_909.jpg,ALLOCARIDARA_ATTACK,train
data/durian/kaggle_durian_leaf_disease_dataset/images/train__ALLOCARIDARA_ATTACK__to_label_913.jpg,ALLOCARIDARA_ATTACK,train
data/durian/kaggle_durian_leaf_disease_dataset/images/train__ALLOCARIDARA_ATTACK__to_label_915.jpg,ALLOCARIDARA_ATTACK,train
data/durian/kaggle_durian_leaf_disease_dataset/images/train__ALLOCARIDARA_ATTACK__to_label_916.jpg,ALLOCARIDARA_ATTACK,train
data/durian/kaggle_durian_leaf_disease_dataset/images/train__ALLOCARIDARA_ATTACK__to_label_917.jpg,ALLOCARIDARA_ATTACK,train
data/durian/kaggle_durian_leaf_disease_dataset/images/train__ALLOCARIDARA_ATTACK__to_label_918.jpg,ALLOCARIDARA_ATTACK,train
data/durian/kaggle_durian_leaf_disease_dataset/images/train__ALLOCARIDARA_ATTACK__to_label_919.jpg,ALLOCARIDARA_ATTACK,train
data/durian/kaggle_durian_leaf_disease_dataset/images/train__ALLOCARIDARA_ATTACK__to_label_920.jpg,ALLOCARIDARA_ATTACK,train
data/durian/kaggle_durian_leaf_disease_dataset/images/train__ALLOCARIDARA_ATTACK__to_label_921.jpg,ALLOCARIDARA_ATTACK,train
data/durian/kaggle_durian_leaf_disease_dataset/images/train__ALLOCARIDARA_ATTACK__to_label_922.jpg,ALLOCARIDARA_ATTACK,train
data/durian/kaggle_durian_leaf_disease_dataset/images/train__ALLOCARIDARA_ATTACK__to_label_923.jpg,ALLOCARIDARA_ATTACK,train
data/durian/kaggle_durian_leaf_disease_dataset/images/train__ALLOCARIDARA_ATTACK__to_label_924.jpg,ALLOCARIDARA_ATTACK,train
data/durian/kaggle_durian_leaf_disease_dataset/images/train__ALLOCARIDARA_ATTACK__to_label_925.jpg,ALLOCARIDARA_ATTACK,train
data/durian/kaggle_durian_leaf_disease_dataset/images/train__ALLOCARIDARA_ATTACK__to_label_927.jpg,ALLOCARIDARA_ATTACK,train
data/durian/kaggle_durian_leaf_disease_dataset/images/train__ALLOCARIDARA_ATTACK__to_label_928.jpg,ALLOCARIDARA_ATTACK,train
data/durian/kaggle_durian_leaf_disease_dataset/images/train__ALLOCARIDARA_ATTACK__to_label_930.jpg,ALLOCARIDARA_ATTACK,train
data/durian/kaggle_durian_leaf_disease_dataset/images/train__ALLOCARIDARA_ATTACK__to_label_931.jpg,ALLOCARIDARA_ATTACK,train
data/durian/kaggle_durian_leaf_disease_dataset/images/train__ALLOCARIDARA_ATTACK__to_label_933.jpg,ALLOCARIDARA_ATTACK,train
data/durian/kaggle_durian_leaf_disease_dataset/images/train__ALLOCARIDARA_ATTACK__to_label_934.jpg,ALLOCARIDARA_ATTACK,train
data/durian/kaggle_durian_leaf_disease_dataset/images/train__ALLOCARIDARA_ATTACK__to_label_935.jpg,ALLOCARIDARA_ATTACK,train
data/durian/kaggle_durian_leaf_disease_dataset/images/train__ALLOCARIDARA_ATTACK__to_label_939.jpg,ALLOCARIDARA_ATTACK,train
data/durian/kaggle_durian_leaf_disease_dataset/images/train__ALLOCARIDARA_ATTACK__to_label_941.jpg,ALLOCARIDARA_ATTACK,train
data/durian/kaggle_durian_leaf_disease_dataset/images/train__ALLOCARIDARA_ATTACK__to_label_942.jpg,ALLOCARIDARA_ATTACK,train
data/durian/kaggle_durian_leaf_disease_dataset/images/train__ALLOCARIDARA_ATTACK__to_label_943.jpg,ALLOCARIDARA_ATTACK,train
data/durian/kaggle_durian_leaf_disease_dataset/images/train__ALLOCARIDARA_ATTACK__to_label_944.jpg,ALLOCARIDARA_ATTACK,train
data/durian/kaggle_durian_leaf_disease_dataset/images/train__ALLOCARIDARA_ATTACK__to_label_945.jpg,ALLOCARIDARA_ATTACK,train
data/durian/kaggle_durian_leaf_disease_dataset/images/train__ALLOCARIDARA_ATTACK__to_label_946.jpg,ALLOCARIDARA_ATTACK,train
data/durian/kaggle_durian_leaf_disease_dataset/images/train__ALLOCARIDARA_ATTACK__to_label_947.jpg,ALLOCARIDARA_ATTACK,train
data/durian/kaggle_durian_leaf_disease_dataset/images/train__ALLOCARIDARA_ATTACK__to_label_952.jpg,ALLOCARIDARA_ATTACK,train
data/durian/kaggle_durian_leaf_disease_dataset/images/train__ALLOCARIDARA_ATTACK__to_label_953.jpg,ALLOCARIDARA_ATTACK,train
data/durian/kaggle_durian_leaf_disease_dataset/images/train__ALLOCARIDARA_ATTACK__to_label_954.jpg,ALLOCARIDARA_ATTACK,train
data/durian/kaggle_durian_leaf_disease_dataset/images/train__ALLOCARIDARA_ATTACK__to_label_957.jpg,ALLOCARIDARA_ATTACK,train
data/durian/kaggle_durian_leaf_disease_dataset/images/train__ALLOCARIDARA_ATTACK__to_label_958.jpg,ALLOCARIDARA_ATTACK,train
data/durian/kaggle_durian_leaf_disease_dataset/images/train__ALLOCARIDARA_ATTACK__to_label_959.jpg,ALLOCARIDARA_ATTACK,train
data/durian/kaggle_durian_leaf_disease_dataset/images/train__ALLOCARIDARA_ATTACK__to_label_961.jpg,ALLOCARIDARA_ATTACK,train
data/durian/kaggle_durian_leaf_disease_dataset/images/train__ALLOCARIDARA_ATTACK__to_label_962.jpg,ALLOCARIDARA_ATTACK,train
data/durian/kaggle_durian_leaf_disease_dataset/images/train__ALLOCARIDARA_ATTACK__to_label_964.jpg,ALLOCARIDARA_ATTACK,train
data/durian/kaggle_durian_leaf_disease_dataset/images/train__ALLOCARIDARA_ATTACK__to_label_965.jpg,ALLOCARIDARA_ATTACK,train
data/durian/kaggle_durian_leaf_disease_dataset/images/train__ALLOCARIDARA_ATTACK__to_label_966.jpg,ALLOCARIDARA_ATTACK,train
data/durian/kaggle_durian_leaf_disease_dataset/images/train__ALLOCARIDARA_ATTACK__to_label_967.jpg,ALLOCARIDARA_ATTACK,train
data/durian/kaggle_durian_leaf_disease_dataset/images/train__ALLOCARIDARA_ATTACK__to_label_968.jpg,ALLOCARIDARA_ATTACK,train
data/durian/kaggle_durian_leaf_disease_dataset/images/train__ALLOCARIDARA_ATTACK__to_label_969.jpg,ALLOCARIDARA_ATTACK,train
data/durian/kaggle_durian_leaf_disease_dataset/images/train__ALLOCARIDARA_ATTACK__to_label_970.jpg,ALLOCARIDARA_ATTACK,train
data/durian/kaggle_durian_leaf_disease_dataset/images/train__ALLOCARIDARA_ATTACK__to_label_971.jpg,ALLOCARIDARA_ATTACK,train
data/durian/kaggle_durian_leaf_disease_dataset/images/train__ALLOCARIDARA_ATTACK__to_label_972.jpg,ALLOCARIDARA_ATTACK,train
data/durian/kaggle_durian_leaf_disease_dataset/images/train__ALLOCARIDARA_ATTACK__to_label_973.jpg,ALLOCARIDARA_ATTACK,train
data/durian/kaggle_durian_leaf_disease_dataset/images/train__ALLOCARIDARA_ATTACK__to_label_976.jpg,ALLOCARIDARA_ATTACK,train
data/durian/kaggle_durian_leaf_disease_dataset/images/train__ALLOCARIDARA_ATTACK__to_label_980.jpg,ALLOCARIDARA_ATTACK,train
data/durian/kaggle_durian_leaf_disease_dataset/images/train__ALLOCARIDARA_ATTACK__to_label_981.jpg,ALLOCARIDARA_ATTACK,train
data/durian/kaggle_durian_leaf_disease_dataset/images/train__ALLOCARIDARA_ATTACK__to_label_982.jpg,ALLOCARIDARA_ATTACK,train
data/durian/kaggle_durian_leaf_disease_dataset/images/train__ALLOCARIDARA_ATTACK__to_label_983.jpg,ALLOCARIDARA_ATTACK,train
data/durian/kaggle_durian_leaf_disease_dataset/images/train__ALLOCARIDARA_ATTACK__to_label_984.jpg,ALLOCARIDARA_ATTACK,train
data/durian/kaggle_durian_leaf_disease_dataset/images/train__ALLOCARIDARA_ATTACK__to_label_987.jpg,ALLOCARIDARA_ATTACK,train
data/durian/kaggle_durian_leaf_disease_dataset/images/train__ALLOCARIDARA_ATTACK__to_label_988.jpg,ALLOCARIDARA_ATTACK,train
data/durian/kaggle_durian_leaf_disease_dataset/images/train__ALLOCARIDARA_ATTACK__to_label_990.jpg,ALLOCARIDARA_ATTACK,train
data/durian/kaggle_durian_leaf_disease_dataset/images/train__ALLOCARIDARA_ATTACK__to_label_991.jpg,ALLOCARIDARA_ATTACK,train
data/durian/kaggle_durian_leaf_disease_dataset/images/train__ALLOCARIDARA_ATTACK__to_label_992.jpg,ALLOCARIDARA_ATTACK,train
data/durian/kaggle_durian_leaf_disease_dataset/images/train__ALLOCARIDARA_ATTACK__to_label_996.jpg,ALLOCARIDARA_ATTACK,train
data/durian/kaggle_durian_leaf_disease_dataset/images/train__ALLOCARIDARA_ATTACK__to_label_997.jpg,ALLOCARIDARA_ATTACK,train
data/durian/kaggle_durian_leaf_disease_dataset/images/train__ALLOCARIDARA_ATTACK__to_label_999.jpg,ALLOCARIDARA_ATTACK,train
data/durian/kaggle_durian_leaf_disease_dataset/images/train__HEALTHY_LEAF__to_label_1710.jpg,HEALTHY_LEAF,train
data/durian/kaggle_durian_leaf_disease_dataset/images/train__HEALTHY_LEAF__to_label_1711.jpg,HEALTHY_LEAF,train
data/durian/kaggle_durian_leaf_disease_dataset/images/train__HEALTHY_LEAF__to_label_1713.jpg,HEALTHY_LEAF,train
data/durian/kaggle_durian_leaf_disease_dataset/images/train__HEALTHY_LEAF__to_label_1714.jpg,HEALTHY_LEAF,train
data/durian/kaggle_durian_leaf_disease_dataset/images/train__HEALTHY_LEAF__to_label_1716.jpg,HEALTHY_LEAF,train
data/durian/kaggle_durian_leaf_disease_dataset/images/train__HEALTHY_LEAF__to_label_1718.jpg,HEALTHY_LEAF,train
data/durian/kaggle_durian_leaf_disease_dataset/images/train__HEALTHY_LEAF__to_label_1719.jpg,HEALTHY_LEAF,train
data/durian/kaggle_durian_leaf_disease_dataset/images/train__HEALTHY_LEAF__to_label_1721.jpg,HEALTHY_LEAF,train
data/durian/kaggle_durian_leaf_disease_dataset/images/train__HEALTHY_LEAF__to_label_1722.jpg,HEALTHY_LEAF,train
data/durian/kaggle_durian_leaf_disease_dataset/images/train__HEALTHY_LEAF__to_label_1723.jpg,HEALTHY_LEAF,train
data/durian/kaggle_durian_leaf_disease_dataset/images/train__HEALTHY_LEAF__to_label_1724.jpg,HEALTHY_LEAF,train
data/durian/kaggle_durian_leaf_disease_dataset/images/train__HEALTHY_LEAF__to_label_1725.jpg,HEALTHY_LEAF,train
data/durian/kaggle_durian_leaf_disease_dataset/images/train__HEALTHY_LEAF__to_label_1726.jpg,HEALTHY_LEAF,train
data/durian/kaggle_durian_leaf_disease_dataset/images/train__HEALTHY_LEAF__to_label_1727.jpg,HEALTHY_LEAF,train
data/durian/kaggle_durian_leaf_disease_dataset/images/train__HEALTHY_LEAF__to_label_1728.jpg,HEALTHY_LEAF,train
data/durian/kaggle_durian_leaf_disease_dataset/images/train__HEALTHY_LEAF__to_label_1729.jpg,HEALTHY_LEAF,train
data/durian/kaggle_durian_leaf_disease_dataset/images/train__HEALTHY_LEAF__to_label_1730.jpg,HEALTHY_LEAF,train
data/durian/kaggle_durian_leaf_disease_dataset/images/train__HEALTHY_LEAF__to_label_1731.jpg,HEALTHY_LEAF,train
data/durian/kaggle_durian_leaf_disease_dataset/images/train__HEALTHY_LEAF__to_label_1732.jpg,HEALTHY_LEAF,train
data/durian/kaggle_durian_leaf_disease_dataset/images/train__HEALTHY_LEAF__to_label_1734.jpg,HEALTHY_LEAF,train
data/durian/kaggle_durian_leaf_disease_dataset/images/train__HEALTHY_LEAF__to_label_1736.jpg,HEALTHY_LEAF,train
data/durian/kaggle_durian_leaf_disease_dataset/images/train__HEALTHY_LEAF__to_label_1737.jpg,HEALTHY_LEAF,train
data/durian/kaggle_durian_leaf_disease_dataset/images/train__HEALTHY_LEAF__to_label_1738.jpg,HEALTHY_LEAF,train
data/durian/kaggle_durian_leaf_disease_dataset/images/train__HEALTHY_LEAF__to_label_1742.jpg,HEALTHY_LEAF,train
data/durian/kaggle_durian_leaf_disease_dataset/images/train__HEALTHY_LEAF__to_label_1744.jpg,HEALTHY_LEAF,train
data/durian/kaggle_durian_leaf_disease_dataset/images/train__HEALTHY_LEAF__to_label_1745.jpg,HEALTHY_LEAF,train
data/durian/kaggle_durian_leaf_disease_dataset/images/train__HEALTHY_LEAF__to_label_1746.jpg,HEALTHY_LEAF,train
data/durian/kaggle_durian_leaf_disease_dataset/images/train__HEALTHY_LEAF__to_label_1747.jpg,HEALTHY_LEAF,train
data/durian/kaggle_durian_leaf_disease_dataset/images/train__HEALTHY_LEAF__to_label_1748.jpg,HEALTHY_LEAF,train
data/durian/kaggle_durian_leaf_disease_dataset/images/train__HEALTHY_LEAF__to_label_1750.jpg,HEALTHY_LEAF,train
data/durian/kaggle_durian_leaf_disease_dataset/images/train__HEALTHY_LEAF__to_label_1751.jpg,HEALTHY_LEAF,train
data/durian/kaggle_durian_leaf_disease_dataset/images/train__HEALTHY_LEAF__to_label_1752.jpg,HEALTHY_LEAF,train
data/durian/kaggle_durian_leaf_disease_dataset/images/train__HEALTHY_LEAF__to_label_1753.jpg,HEALTHY_LEAF,train
data/durian/kaggle_durian_leaf_disease_dataset/images/train__HEALTHY_LEAF__to_label_1755.jpg,HEALTHY_LEAF,train
data/durian/kaggle_durian_leaf_disease_dataset/images/train__HEALTHY_LEAF__to_label_1756.jpg,HEALTHY_LEAF,train
data/durian/kaggle_durian_leaf_disease_dataset/images/train__HEALTHY_LEAF__to_label_1757.jpg,HEALTHY_LEAF,train
data/durian/kaggle_durian_leaf_disease_dataset/images/train__HEALTHY_LEAF__to_label_1758.jpg,HEALTHY_LEAF,train
data/durian/kaggle_durian_leaf_disease_dataset/images/train__HEALTHY_LEAF__to_label_1760.jpg,HEALTHY_LEAF,train
data/durian/kaggle_durian_leaf_disease_dataset/images/train__HEALTHY_LEAF__to_label_1761.jpg,HEALTHY_LEAF,train
data/durian/kaggle_durian_leaf_disease_dataset/images/train__HEALTHY_LEAF__to_label_1762.jpg,HEALTHY_LEAF,train
data/durian/kaggle_durian_leaf_disease_dataset/images/train__HEALTHY_LEAF__to_label_1763.jpg,HEALTHY_LEAF,train
data/durian/kaggle_durian_leaf_disease_dataset/images/train__HEALTHY_LEAF__to_label_1766.jpg,HEALTHY_LEAF,train
data/durian/kaggle_durian_leaf_disease_dataset/images/train__HEALTHY_LEAF__to_label_1767.jpg,HEALTHY_LEAF,train
data/durian/kaggle_durian_leaf_disease_dataset/images/train__HEALTHY_LEAF__to_label_1768.jpg,HEALTHY_LEAF,train
data/durian/kaggle_durian_leaf_disease_dataset/images/train__HEALTHY_LEAF__to_label_1771.jpg,HEALTHY_LEAF,train
data/durian/kaggle_durian_leaf_disease_dataset/images/train__HEALTHY_LEAF__to_label_1772.jpg,HEALTHY_LEAF,train
data/durian/kaggle_durian_leaf_disease_dataset/images/train__HEALTHY_LEAF__to_label_1774.jpg,HEALTHY_LEAF,train
data/durian/kaggle_durian_leaf_disease_dataset/images/train__HEALTHY_LEAF__to_label_1778.jpg,HEALTHY_LEAF,train
data/durian/kaggle_durian_leaf_disease_dataset/images/train__HEALTHY_LEAF__to_label_1779.jpg,HEALTHY_LEAF,train
data/durian/kaggle_durian_leaf_disease_dataset/images/train__HEALTHY_LEAF__to_label_1781.jpg,HEALTHY_LEAF,train
data/durian/kaggle_durian_leaf_disease_dataset/images/train__HEALTHY_LEAF__to_label_1783.jpg,HEALTHY_LEAF,train
data/durian/kaggle_durian_leaf_disease_dataset/images/train__HEALTHY_LEAF__to_label_1784.jpg,HEALTHY_LEAF,train
data/durian/kaggle_durian_leaf_disease_dataset/images/train__HEALTHY_LEAF__to_label_1785.jpg,HEALTHY_LEAF,train
data/durian/kaggle_durian_leaf_disease_dataset/images/train__HEALTHY_LEAF__to_label_1789.jpg,HEALTHY_LEAF,train
data/durian/kaggle_durian_leaf_disease_dataset/images/train__HEALTHY_LEAF__to_label_1790.jpg,HEALTHY_LEAF,train
data/durian/kaggle_durian_leaf_disease_dataset/images/train__HEALTHY_LEAF__to_label_1793.jpg,HEALTHY_LEAF,train
data/durian/kaggle_durian_leaf_disease_dataset/images/train__HEALTHY_LEAF__to_label_1795.jpg,HEALTHY_LEAF,train
data/durian/kaggle_durian_leaf_disease_dataset/images/train__HEALTHY_LEAF__to_label_1797.jpg,HEALTHY_LEAF,train
data/durian/kaggle_durian_leaf_disease_dataset/images/train__HEALTHY_LEAF__to_label_1799.jpg,HEALTHY_LEAF,train
data/durian/kaggle_durian_leaf_disease_dataset/images/train__HEALTHY_LEAF__to_label_1800.jpg,HEALTHY_LEAF,train
data/durian/kaggle_durian_leaf_disease_dataset/images/train__HEALTHY_LEAF__to_label_1801.jpg,HEALTHY_LEAF,train
data/durian/kaggle_durian_leaf_disease_dataset/images/train__HEALTHY_LEAF__to_label_1802.jpg,HEALTHY_LEAF,train
data/durian/kaggle_durian_leaf_disease_dataset/images/train__HEALTHY_LEAF__to_label_1803.jpg,HEALTHY_LEAF,train
data/durian/kaggle_durian_leaf_disease_dataset/images/train__HEALTHY_LEAF__to_label_1804.jpg,HEALTHY_LEAF,train
data/durian/kaggle_durian_leaf_disease_dataset/images/train__HEALTHY_LEAF__to_label_1805.jpg,HEALTHY_LEAF,train
data/durian/kaggle_durian_leaf_disease_dataset/images/train__HEALTHY_LEAF__to_label_1808.jpg,HEALTHY_LEAF,train
data/durian/kaggle_durian_leaf_disease_dataset/images/train__HEALTHY_LEAF__to_label_1809.jpg,HEALTHY_LEAF,train
data/durian/kaggle_durian_leaf_disease_dataset/images/train__HEALTHY_LEAF__to_label_1810.jpg,HEALTHY_LEAF,train
data/durian/kaggle_durian_leaf_disease_dataset/images/train__HEALTHY_LEAF__to_label_1812.jpg,HEALTHY_LEAF,train
data/durian/kaggle_durian_leaf_disease_dataset/images/train__HEALTHY_LEAF__to_label_1813.jpg,HEALTHY_LEAF,train
data/durian/kaggle_durian_leaf_disease_dataset/images/train__HEALTHY_LEAF__to_label_1814.jpg,HEALTHY_LEAF,train
data/durian/kaggle_durian_leaf_disease_dataset/images/train__HEALTHY_LEAF__to_label_1815.jpg,HEALTHY_LEAF,train
data/durian/kaggle_durian_leaf_disease_dataset/images/train__HEALTHY_LEAF__to_label_1816.jpg,HEALTHY_LEAF,train
data/durian/kaggle_durian_leaf_disease_dataset/images/train__HEALTHY_LEAF__to_label_1818.jpg,HEALTHY_LEAF,train
data/durian/kaggle_durian_leaf_disease_dataset/images/train__HEALTHY_LEAF__to_label_1821.jpg,HEALTHY_LEAF,train
data/durian/kaggle_durian_leaf_disease_dataset/images/train__HEALTHY_LEAF__to_label_1822.jpg,HEALTHY_LEAF,train
data/durian/kaggle_durian_leaf_disease_dataset/images/train__HEALTHY_LEAF__to_label_1823.jpg,HEALTHY_LEAF,train
data/durian/kaggle_durian_leaf_disease_dataset/images/train__HEALTHY_LEAF__to_label_1824.jpg,HEALTHY_LEAF,train
data/durian/kaggle_durian_leaf_disease_dataset/images/train__HEALTHY_LEAF__to_label_1825.jpg,HEALTHY_LEAF,train
data/durian/kaggle_durian_leaf_disease_dataset/images/train__HEALTHY_LEAF__to_label_1826.jpg,HEALTHY_LEAF,train
data/durian/kaggle_durian_leaf_disease_dataset/images/train__HEALTHY_LEAF__to_label_1827.jpg,HEALTHY_LEAF,train
data/durian/kaggle_durian_leaf_disease_dataset/images/train__HEALTHY_LEAF__to_label_1829.jpg,HEALTHY_LEAF,train
data/durian/kaggle_durian_leaf_disease_dataset/images/train__HEALTHY_LEAF__to_label_1831.jpg,HEALTHY_LEAF,train
data/durian/kaggle_durian_leaf_disease_dataset/images/train__HEALTHY_LEAF__to_label_1832.jpg,HEALTHY_LEAF,train
data/durian/kaggle_durian_leaf_disease_dataset/images/train__HEALTHY_LEAF__to_label_1833.jpg,HEALTHY_LEAF,train
data/durian/kaggle_durian_leaf_disease_dataset/images/train__HEALTHY_LEAF__to_label_1834.jpg,HEALTHY_LEAF,train
data/durian/kaggle_durian_leaf_disease_dataset/images/train__HEALTHY_LEAF__to_label_1835.jpg,HEALTHY_LEAF,train
data/durian/kaggle_durian_leaf_disease_dataset/images/train__HEALTHY_LEAF__to_label_1836.jpg,HEALTHY_LEAF,train
data/durian/kaggle_durian_leaf_disease_dataset/images/train__HEALTHY_LEAF__to_label_1837.jpg,HEALTHY_LEAF,train
data/durian/kaggle_durian_leaf_disease_dataset/images/train__HEALTHY_LEAF__to_label_1838.jpg,HEALTHY_LEAF,train
data/durian/kaggle_durian_leaf_disease_dataset/images/train__HEALTHY_LEAF__to_label_1839.jpg,HEALTHY_LEAF,train
data/durian/kaggle_durian_leaf_disease_dataset/images/train__HEALTHY_LEAF__to_label_1840.jpg,HEALTHY_LEAF,train
data/durian/kaggle_durian_leaf_disease_dataset/images/train__HEALTHY_LEAF__to_label_1841.jpg,HEALTHY_LEAF,train
data/durian/kaggle_durian_leaf_disease_dataset/images/train__HEALTHY_LEAF__to_label_1842.jpg,HEALTHY_LEAF,train
data/durian/kaggle_durian_leaf_disease_dataset/images/train__HEALTHY_LEAF__to_label_1843.jpg,HEALTHY_LEAF,train
data/durian/kaggle_durian_leaf_disease_dataset/images/train__HEALTHY_LEAF__to_label_1844.jpg,HEALTHY_LEAF,train
data/durian/kaggle_durian_leaf_disease_dataset/images/train__HEALTHY_LEAF__to_label_1845.jpg,HEALTHY_LEAF,train
data/durian/kaggle_durian_leaf_disease_dataset/images/train__HEALTHY_LEAF__to_label_1848.jpg,HEALTHY_LEAF,train
data/durian/kaggle_durian_leaf_disease_dataset/images/train__HEALTHY_LEAF__to_label_1850.jpg,HEALTHY_LEAF,train
data/durian/kaggle_durian_leaf_disease_dataset/images/train__HEALTHY_LEAF__to_label_1852.jpg,HEALTHY_LEAF,train
data/durian/kaggle_durian_leaf_disease_dataset/images/train__HEALTHY_LEAF__to_label_1853.jpg,HEALTHY_LEAF,train
data/durian/kaggle_durian_leaf_disease_dataset/images/train__HEALTHY_LEAF__to_label_1854.jpg,HEALTHY_LEAF,train
data/durian/kaggle_durian_leaf_disease_dataset/images/train__HEALTHY_LEAF__to_label_1855.jpg,HEALTHY_LEAF,train
data/durian/kaggle_durian_leaf_disease_dataset/images/train__HEALTHY_LEAF__to_label_1856.jpg,HEALTHY_LEAF,train
data/durian/kaggle_durian_leaf_disease_dataset/images/train__HEALTHY_LEAF__to_label_1857.jpg,HEALTHY_LEAF,train
data/durian/kaggle_durian_leaf_disease_dataset/images/train__HEALTHY_LEAF__to_label_1858.jpg,HEALTHY_LEAF,train
data/durian/kaggle_durian_leaf_disease_dataset/images/train__HEALTHY_LEAF__to_label_1859.jpg,HEALTHY_LEAF,train
data/durian/kaggle_durian_leaf_disease_dataset/images/train__HEALTHY_LEAF__to_label_1860.jpg,HEALTHY_LEAF,train
data/durian/kaggle_durian_leaf_disease_dataset/images/train__HEALTHY_LEAF__to_label_1861.jpg,HEALTHY_LEAF,train
data/durian/kaggle_durian_leaf_disease_dataset/images/train__HEALTHY_LEAF__to_label_1862.jpg,HEALTHY_LEAF,train
data/durian/kaggle_durian_leaf_disease_dataset/images/train__HEALTHY_LEAF__to_label_1863.jpg,HEALTHY_LEAF,train
data/durian/kaggle_durian_leaf_disease_dataset/images/train__HEALTHY_LEAF__to_label_1864.jpg,HEALTHY_LEAF,train
data/durian/kaggle_durian_leaf_disease_dataset/images/train__HEALTHY_LEAF__to_label_1866.jpg,HEALTHY_LEAF,train
data/durian/kaggle_durian_leaf_disease_dataset/images/train__HEALTHY_LEAF__to_label_1867.jpg,HEALTHY_LEAF,train
data/durian/kaggle_durian_leaf_disease_dataset/images/train__HEALTHY_LEAF__to_label_1869.jpg,HEALTHY_LEAF,train
data/durian/kaggle_durian_leaf_disease_dataset/images/train__HEALTHY_LEAF__to_label_1870.jpg,HEALTHY_LEAF,train
data/durian/kaggle_durian_leaf_disease_dataset/images/train__HEALTHY_LEAF__to_label_1871.jpg,HEALTHY_LEAF,train
data/durian/kaggle_durian_leaf_disease_dataset/images/train__HEALTHY_LEAF__to_label_1872.jpg,HEALTHY_LEAF,train
data/durian/kaggle_durian_leaf_disease_dataset/images/train__HEALTHY_LEAF__to_label_1873.jpg,HEALTHY_LEAF,train
data/durian/kaggle_durian_leaf_disease_dataset/images/train__HEALTHY_LEAF__to_label_1874.jpg,HEALTHY_LEAF,train
data/durian/kaggle_durian_leaf_disease_dataset/images/train__HEALTHY_LEAF__to_label_1876.jpg,HEALTHY_LEAF,train
data/durian/kaggle_durian_leaf_disease_dataset/images/train__HEALTHY_LEAF__to_label_1877.jpg,HEALTHY_LEAF,train
data/durian/kaggle_durian_leaf_disease_dataset/images/train__HEALTHY_LEAF__to_label_1879.jpg,HEALTHY_LEAF,train
data/durian/kaggle_durian_leaf_disease_dataset/images/train__HEALTHY_LEAF__to_label_1880.jpg,HEALTHY_LEAF,train
data/durian/kaggle_durian_leaf_disease_dataset/images/train__HEALTHY_LEAF__to_label_1881.jpg,HEALTHY_LEAF,train
data/durian/kaggle_durian_leaf_disease_dataset/images/train__HEALTHY_LEAF__to_label_1882.jpg,HEALTHY_LEAF,train
data/durian/kaggle_durian_leaf_disease_dataset/images/train__HEALTHY_LEAF__to_label_1883.jpg,HEALTHY_LEAF,train
data/durian/kaggle_durian_leaf_disease_dataset/images/train__HEALTHY_LEAF__to_label_1885.jpg,HEALTHY_LEAF,train
data/durian/kaggle_durian_leaf_disease_dataset/images/train__HEALTHY_LEAF__to_label_1886.jpg,HEALTHY_LEAF,train
data/durian/kaggle_durian_leaf_disease_dataset/images/train__HEALTHY_LEAF__to_label_1887.jpg,HEALTHY_LEAF,train
data/durian/kaggle_durian_leaf_disease_dataset/images/train__HEALTHY_LEAF__to_label_1888.jpg,HEALTHY_LEAF,train
data/durian/kaggle_durian_leaf_disease_dataset/images/train__HEALTHY_LEAF__to_label_1889.jpg,HEALTHY_LEAF,train
data/durian/kaggle_durian_leaf_disease_dataset/images/train__HEALTHY_LEAF__to_label_1890.jpg,HEALTHY_LEAF,train
data/durian/kaggle_durian_leaf_disease_dataset/images/train__HEALTHY_LEAF__to_label_1891.jpg,HEALTHY_LEAF,train
data/durian/kaggle_durian_leaf_disease_dataset/images/train__HEALTHY_LEAF__to_label_1892.jpg,HEALTHY_LEAF,train
data/durian/kaggle_durian_leaf_disease_dataset/images/train__HEALTHY_LEAF__to_label_1893.jpg,HEALTHY_LEAF,train
data/durian/kaggle_durian_leaf_disease_dataset/images/train__HEALTHY_LEAF__to_label_1895.jpg,HEALTHY_LEAF,train
data/durian/kaggle_durian_leaf_disease_dataset/images/train__HEALTHY_LEAF__to_label_1896.jpg,HEALTHY_LEAF,train
data/durian/kaggle_durian_leaf_disease_dataset/images/train__HEALTHY_LEAF__to_label_1897.jpg,HEALTHY_LEAF,train
data/durian/kaggle_durian_leaf_disease_dataset/images/train__HEALTHY_LEAF__to_label_1898.jpg,HEALTHY_LEAF,train
data/durian/kaggle_durian_leaf_disease_dataset/images/train__HEALTHY_LEAF__to_label_1899.jpg,HEALTHY_LEAF,train
data/durian/kaggle_durian_leaf_disease_dataset/images/train__HEALTHY_LEAF__to_label_1900.jpg,HEALTHY_LEAF,train
data/durian/kaggle_durian_leaf_disease_dataset/images/train__HEALTHY_LEAF__to_label_1901.jpg,HEALTHY_LEAF,train
data/durian/kaggle_durian_leaf_disease_dataset/images/train__HEALTHY_LEAF__to_label_1903.jpg,HEALTHY_LEAF,train
data/durian/kaggle_durian_leaf_disease_dataset/images/train__HEALTHY_LEAF__to_label_1904.jpg,HEALTHY_LEAF,train
data/durian/kaggle_durian_leaf_disease_dataset/images/train__HEALTHY_LEAF__to_label_1905.jpg,HEALTHY_LEAF,train
data/durian/kaggle_durian_leaf_disease_dataset/images/train__HEALTHY_LEAF__to_label_1907.jpg,HEALTHY_LEAF,train
data/durian/kaggle_durian_leaf_disease_dataset/images/train__HEALTHY_LEAF__to_label_1910.jpg,HEALTHY_LEAF,train
data/durian/kaggle_durian_leaf_disease_dataset/images/train__HEALTHY_LEAF__to_label_1911.jpg,HEALTHY_LEAF,train
data/durian/kaggle_durian_leaf_disease_dataset/images/train__HEALTHY_LEAF__to_label_1912.jpg,HEALTHY_LEAF,train
data/durian/kaggle_durian_leaf_disease_dataset/images/train__HEALTHY_LEAF__to_label_1913.jpg,HEALTHY_LEAF,train
data/durian/kaggle_durian_leaf_disease_dataset/images/train__HEALTHY_LEAF__to_label_1915.jpg,HEALTHY_LEAF,train
data/durian/kaggle_durian_leaf_disease_dataset/images/train__HEALTHY_LEAF__to_label_1916.jpg,HEALTHY_LEAF,train
data/durian/kaggle_durian_leaf_disease_dataset/images/train__HEALTHY_LEAF__to_label_1917.jpg,HEALTHY_LEAF,train
data/durian/kaggle_durian_leaf_disease_dataset/images/train__HEALTHY_LEAF__to_label_1922.jpg,HEALTHY_LEAF,train
data/durian/kaggle_durian_leaf_disease_dataset/images/train__HEALTHY_LEAF__to_label_1924.jpg,HEALTHY_LEAF,train
data/durian/kaggle_durian_leaf_disease_dataset/images/train__HEALTHY_LEAF__to_label_1926.jpg,HEALTHY_LEAF,train
data/durian/kaggle_durian_leaf_disease_dataset/images/train__HEALTHY_LEAF__to_label_1927.jpg,HEALTHY_LEAF,train
data/durian/kaggle_durian_leaf_disease_dataset/images/train__HEALTHY_LEAF__to_label_1929.jpg,HEALTHY_LEAF,train
data/durian/kaggle_durian_leaf_disease_dataset/images/train__HEALTHY_LEAF__to_label_1930.jpg,HEALTHY_LEAF,train
data/durian/kaggle_durian_leaf_disease_dataset/images/train__HEALTHY_LEAF__to_label_1931.jpg,HEALTHY_LEAF,train
data/durian/kaggle_durian_leaf_disease_dataset/images/train__HEALTHY_LEAF__to_label_1932.jpg,HEALTHY_LEAF,train
data/durian/kaggle_durian_leaf_disease_dataset/images/train__HEALTHY_LEAF__to_label_1933.jpg,HEALTHY_LEAF,train
data/durian/kaggle_durian_leaf_disease_dataset/images/train__HEALTHY_LEAF__to_label_1934.jpg,HEALTHY_LEAF,train
data/durian/kaggle_durian_leaf_disease_dataset/images/train__HEALTHY_LEAF__to_label_1935.jpg,HEALTHY_LEAF,train
data/durian/kaggle_durian_leaf_disease_dataset/images/train__HEALTHY_LEAF__to_label_1936.jpg,HEALTHY_LEAF,train
data/durian/kaggle_durian_leaf_disease_dataset/images/train__HEALTHY_LEAF__to_label_1938.jpg,HEALTHY_LEAF,train
data/durian/kaggle_durian_leaf_disease_dataset/images/train__HEALTHY_LEAF__to_label_1939.jpg,HEALTHY_LEAF,train
data/durian/kaggle_durian_leaf_disease_dataset/images/train__HEALTHY_LEAF__to_label_1940.jpg,HEALTHY_LEAF,train
data/durian/kaggle_durian_leaf_disease_dataset/images/train__HEALTHY_LEAF__to_label_1942.jpg,HEALTHY_LEAF,train
data/durian/kaggle_durian_leaf_disease_dataset/images/train__HEALTHY_LEAF__to_label_1943.jpg,HEALTHY_LEAF,train
data/durian/kaggle_durian_leaf_disease_dataset/images/train__HEALTHY_LEAF__to_label_1944.jpg,HEALTHY_LEAF,train
data/durian/kaggle_durian_leaf_disease_dataset/images/train__HEALTHY_LEAF__to_label_1946.jpg,HEALTHY_LEAF,train
data/durian/kaggle_durian_leaf_disease_dataset/images/train__HEALTHY_LEAF__to_label_1948.jpg,HEALTHY_LEAF,train
data/durian/kaggle_durian_leaf_disease_dataset/images/train__HEALTHY_LEAF__to_label_1950.jpg,HEALTHY_LEAF,train
data/durian/kaggle_durian_leaf_disease_dataset/images/train__HEALTHY_LEAF__to_label_1951.jpg,HEALTHY_LEAF,train
data/durian/kaggle_durian_leaf_disease_dataset/images/train__HEALTHY_LEAF__to_label_1952.jpg,HEALTHY_LEAF,train
data/durian/kaggle_durian_leaf_disease_dataset/images/train__HEALTHY_LEAF__to_label_1953.jpg,HEALTHY_LEAF,train
data/durian/kaggle_durian_leaf_disease_dataset/images/train__HEALTHY_LEAF__to_label_1955.jpg,HEALTHY_LEAF,train
data/durian/kaggle_durian_leaf_disease_dataset/images/train__HEALTHY_LEAF__to_label_1956.jpg,HEALTHY_LEAF,train
data/durian/kaggle_durian_leaf_disease_dataset/images/train__HEALTHY_LEAF__to_label_1958.jpg,HEALTHY_LEAF,train
data/durian/kaggle_durian_leaf_disease_dataset/images/train__HEALTHY_LEAF__to_label_1959.jpg,HEALTHY_LEAF,train
data/durian/kaggle_durian_leaf_disease_dataset/images/train__HEALTHY_LEAF__to_label_1961.jpg,HEALTHY_LEAF,train
data/durian/kaggle_durian_leaf_disease_dataset/images/train__HEALTHY_LEAF__to_label_1962.jpg,HEALTHY_LEAF,train
data/durian/kaggle_durian_leaf_disease_dataset/images/train__HEALTHY_LEAF__to_label_1963.jpg,HEALTHY_LEAF,train
data/durian/kaggle_durian_leaf_disease_dataset/images/train__HEALTHY_LEAF__to_label_1965.jpg,HEALTHY_LEAF,train
data/durian/kaggle_durian_leaf_disease_dataset/images/train__HEALTHY_LEAF__to_label_1966.jpg,HEALTHY_LEAF,train
data/durian/kaggle_durian_leaf_disease_dataset/images/train__HEALTHY_LEAF__to_label_1967.jpg,HEALTHY_LEAF,train
data/durian/kaggle_durian_leaf_disease_dataset/images/train__HEALTHY_LEAF__to_label_1968.jpg,HEALTHY_LEAF,train
data/durian/kaggle_durian_leaf_disease_dataset/images/train__HEALTHY_LEAF__to_label_1972.jpg,HEALTHY_LEAF,train
data/durian/kaggle_durian_leaf_disease_dataset/images/train__HEALTHY_LEAF__to_label_1973.jpg,HEALTHY_LEAF,train
data/durian/kaggle_durian_leaf_disease_dataset/images/train__HEALTHY_LEAF__to_label_1974.jpg,HEALTHY_LEAF,train
data/durian/kaggle_durian_leaf_disease_dataset/images/train__HEALTHY_LEAF__to_label_1977.jpg,HEALTHY_LEAF,train
data/durian/kaggle_durian_leaf_disease_dataset/images/train__HEALTHY_LEAF__to_label_1978.jpg,HEALTHY_LEAF,train
data/durian/kaggle_durian_leaf_disease_dataset/images/train__HEALTHY_LEAF__to_label_1979.jpg,HEALTHY_LEAF,train
data/durian/kaggle_durian_leaf_disease_dataset/images/train__HEALTHY_LEAF__to_label_1980.jpg,HEALTHY_LEAF,train
data/durian/kaggle_durian_leaf_disease_dataset/images/train__HEALTHY_LEAF__to_label_1981.jpg,HEALTHY_LEAF,train
data/durian/kaggle_durian_leaf_disease_dataset/images/train__HEALTHY_LEAF__to_label_1982.jpg,HEALTHY_LEAF,train
data/durian/kaggle_durian_leaf_disease_dataset/images/train__HEALTHY_LEAF__to_label_1983.jpg,HEALTHY_LEAF,train
data/durian/kaggle_durian_leaf_disease_dataset/images/train__HEALTHY_LEAF__to_label_1984.jpg,HEALTHY_LEAF,train
data/durian/kaggle_durian_leaf_disease_dataset/images/train__HEALTHY_LEAF__to_label_1986.jpg,HEALTHY_LEAF,train
data/durian/kaggle_durian_leaf_disease_dataset/images/train__HEALTHY_LEAF__to_label_1988.jpg,HEALTHY_LEAF,train
data/durian/kaggle_durian_leaf_disease_dataset/images/train__HEALTHY_LEAF__to_label_1989.jpg,HEALTHY_LEAF,train
data/durian/kaggle_durian_leaf_disease_dataset/images/train__HEALTHY_LEAF__to_label_1992.jpg,HEALTHY_LEAF,train
data/durian/kaggle_durian_leaf_disease_dataset/images/train__HEALTHY_LEAF__to_label_1993.jpg,HEALTHY_LEAF,train
data/durian/kaggle_durian_leaf_disease_dataset/images/train__HEALTHY_LEAF__to_label_1994.jpg,HEALTHY_LEAF,train
data/durian/kaggle_durian_leaf_disease_dataset/images/train__HEALTHY_LEAF__to_label_1995.jpg,HEALTHY_LEAF,train
data/durian/kaggle_durian_leaf_disease_dataset/images/train__HEALTHY_LEAF__to_label_1997.jpg,HEALTHY_LEAF,train
data/durian/kaggle_durian_leaf_disease_dataset/images/train__HEALTHY_LEAF__to_label_1998.jpg,HEALTHY_LEAF,train
data/durian/kaggle_durian_leaf_disease_dataset/images/train__HEALTHY_LEAF__to_label_1999.jpg,HEALTHY_LEAF,train
data/durian/kaggle_durian_leaf_disease_dataset/images/train__HEALTHY_LEAF__to_label_2001.jpg,HEALTHY_LEAF,train
data/durian/kaggle_durian_leaf_disease_dataset/images/train__HEALTHY_LEAF__to_label_2003.jpg,HEALTHY_LEAF,train
data/durian/kaggle_durian_leaf_disease_dataset/images/train__HEALTHY_LEAF__to_label_2005.jpg,HEALTHY_LEAF,train
data/durian/kaggle_durian_leaf_disease_dataset/images/train__HEALTHY_LEAF__to_label_2007.jpg,HEALTHY_LEAF,train
data/durian/kaggle_durian_leaf_disease_dataset/images/train__HEALTHY_LEAF__to_label_2010.jpg,HEALTHY_LEAF,train
data/durian/kaggle_durian_leaf_disease_dataset/images/train__HEALTHY_LEAF__to_label_2011.jpg,HEALTHY_LEAF,train
data/durian/kaggle_durian_leaf_disease_dataset/images/train__HEALTHY_LEAF__to_label_2012.jpg,HEALTHY_LEAF,train
data/durian/kaggle_durian_leaf_disease_dataset/images/train__HEALTHY_LEAF__to_label_2013.jpg,HEALTHY_LEAF,train
data/durian/kaggle_durian_leaf_disease_dataset/images/train__HEALTHY_LEAF__to_label_2014.jpg,HEALTHY_LEAF,train
data/durian/kaggle_durian_leaf_disease_dataset/images/train__HEALTHY_LEAF__to_label_2017.jpg,HEALTHY_LEAF,train
data/durian/kaggle_durian_leaf_disease_dataset/images/train__HEALTHY_LEAF__to_label_2018.jpg,HEALTHY_LEAF,train
data/durian/kaggle_durian_leaf_disease_dataset/images/train__HEALTHY_LEAF__to_label_2021.jpg,HEALTHY_LEAF,train
data/durian/kaggle_durian_leaf_disease_dataset/images/train__HEALTHY_LEAF__to_label_2023.jpg,HEALTHY_LEAF,train
data/durian/kaggle_durian_leaf_disease_dataset/images/train__HEALTHY_LEAF__to_label_2025.jpg,HEALTHY_LEAF,train
data/durian/kaggle_durian_leaf_disease_dataset/images/train__HEALTHY_LEAF__to_label_2027.jpg,HEALTHY_LEAF,train
data/durian/kaggle_durian_leaf_disease_dataset/images/train__HEALTHY_LEAF__to_label_2030.jpg,HEALTHY_LEAF,train
data/durian/kaggle_durian_leaf_disease_dataset/images/train__HEALTHY_LEAF__to_label_2032.jpg,HEALTHY_LEAF,train
data/durian/kaggle_durian_leaf_disease_dataset/images/train__HEALTHY_LEAF__to_label_2033.jpg,HEALTHY_LEAF,train
data/durian/kaggle_durian_leaf_disease_dataset/images/train__HEALTHY_LEAF__to_label_2034.jpg,HEALTHY_LEAF,train
data/durian/kaggle_durian_leaf_disease_dataset/images/train__HEALTHY_LEAF__to_label_2035.jpg,HEALTHY_LEAF,train
data/durian/kaggle_durian_leaf_disease_dataset/images/train__HEALTHY_LEAF__to_label_2036.jpg,HEALTHY_LEAF,train
data/durian/kaggle_durian_leaf_disease_dataset/images/train__HEALTHY_LEAF__to_label_2039.jpg,HEALTHY_LEAF,train
data/durian/kaggle_durian_leaf_disease_dataset/images/train__HEALTHY_LEAF__to_label_2040.jpg,HEALTHY_LEAF,train
data/durian/kaggle_durian_leaf_disease_dataset/images/train__HEALTHY_LEAF__to_label_2041.jpg,HEALTHY_LEAF,train
data/durian/kaggle_durian_leaf_disease_dataset/images/train__HEALTHY_LEAF__to_label_2045.jpg,HEALTHY_LEAF,train
data/durian/kaggle_durian_leaf_disease_dataset/images/train__HEALTHY_LEAF__to_label_2046.jpg,HEALTHY_LEAF,train
data/durian/kaggle_durian_leaf_disease_dataset/images/train__HEALTHY_LEAF__to_label_2047.jpg,HEALTHY_LEAF,train
data/durian/kaggle_durian_leaf_disease_dataset/images/train__HEALTHY_LEAF__to_label_2048.jpg,HEALTHY_LEAF,train
data/durian/kaggle_durian_leaf_disease_dataset/images/train__HEALTHY_LEAF__to_label_2049.jpg,HEALTHY_LEAF,train
data/durian/kaggle_durian_leaf_disease_dataset/images/train__HEALTHY_LEAF__to_label_2050.jpg,HEALTHY_LEAF,train
data/durian/kaggle_durian_leaf_disease_dataset/images/train__HEALTHY_LEAF__to_label_2051.jpg,HEALTHY_LEAF,train
data/durian/kaggle_durian_leaf_disease_dataset/images/train__HEALTHY_LEAF__to_label_2053.jpg,HEALTHY_LEAF,train
data/durian/kaggle_durian_leaf_disease_dataset/images/train__HEALTHY_LEAF__to_label_2055.jpg,HEALTHY_LEAF,train
data/durian/kaggle_durian_leaf_disease_dataset/images/train__HEALTHY_LEAF__to_label_2057.jpg,HEALTHY_LEAF,train
data/durian/kaggle_durian_leaf_disease_dataset/images/train__HEALTHY_LEAF__to_label_2058.jpg,HEALTHY_LEAF,train
data/durian/kaggle_durian_leaf_disease_dataset/images/train__HEALTHY_LEAF__to_label_2059.jpg,HEALTHY_LEAF,train
data/durian/kaggle_durian_leaf_disease_dataset/images/train__HEALTHY_LEAF__to_label_2060.jpg,HEALTHY_LEAF,train
data/durian/kaggle_durian_leaf_disease_dataset/images/train__HEALTHY_LEAF__to_label_2063.jpg,HEALTHY_LEAF,train
data/durian/kaggle_durian_leaf_disease_dataset/images/train__HEALTHY_LEAF__to_label_2064.jpg,HEALTHY_LEAF,train
data/durian/kaggle_durian_leaf_disease_dataset/images/train__HEALTHY_LEAF__to_label_2066.jpg,HEALTHY_LEAF,train
data/durian/kaggle_durian_leaf_disease_dataset/images/train__HEALTHY_LEAF__to_label_2068.jpg,HEALTHY_LEAF,train
data/durian/kaggle_durian_leaf_disease_dataset/images/train__HEALTHY_LEAF__to_label_2070.jpg,HEALTHY_LEAF,train
data/durian/kaggle_durian_leaf_disease_dataset/images/train__HEALTHY_LEAF__to_label_2074.jpg,HEALTHY_LEAF,train
data/durian/kaggle_durian_leaf_disease_dataset/images/train__HEALTHY_LEAF__to_label_2076.jpg,HEALTHY_LEAF,train
data/durian/kaggle_durian_leaf_disease_dataset/images/train__HEALTHY_LEAF__to_label_2077.jpg,HEALTHY_LEAF,train
data/durian/kaggle_durian_leaf_disease_dataset/images/train__HEALTHY_LEAF__to_label_2078.jpg,HEALTHY_LEAF,train
data/durian/kaggle_durian_leaf_disease_dataset/images/train__HEALTHY_LEAF__to_label_2079.jpg,HEALTHY_LEAF,train
data/durian/kaggle_durian_leaf_disease_dataset/images/train__HEALTHY_LEAF__to_label_2082.jpg,HEALTHY_LEAF,train
data/durian/kaggle_durian_leaf_disease_dataset/images/train__HEALTHY_LEAF__to_label_2083.jpg,HEALTHY_LEAF,train
data/durian/kaggle_durian_leaf_disease_dataset/images/train__HEALTHY_LEAF__to_label_2084.jpg,HEALTHY_LEAF,train
data/durian/kaggle_durian_leaf_disease_dataset/images/train__HEALTHY_LEAF__to_label_2085.jpg,HEALTHY_LEAF,train
data/durian/kaggle_durian_leaf_disease_dataset/images/train__HEALTHY_LEAF__to_label_2086.jpg,HEALTHY_LEAF,train
data/durian/kaggle_durian_leaf_disease_dataset/images/train__HEALTHY_LEAF__to_label_2088.jpg,HEALTHY_LEAF,train
data/durian/kaggle_durian_leaf_disease_dataset/images/train__HEALTHY_LEAF__to_label_2089.jpg,HEALTHY_LEAF,train
data/durian/kaggle_durian_leaf_disease_dataset/images/train__HEALTHY_LEAF__to_label_2090.jpg,HEALTHY_LEAF,train
data/durian/kaggle_durian_leaf_disease_dataset/images/train__HEALTHY_LEAF__to_label_2091.jpg,HEALTHY_LEAF,train
data/durian/kaggle_durian_leaf_disease_dataset/images/train__HEALTHY_LEAF__to_label_2092.jpg,HEALTHY_LEAF,train
data/durian/kaggle_durian_leaf_disease_dataset/images/train__HEALTHY_LEAF__to_label_2093.jpg,HEALTHY_LEAF,train
data/durian/kaggle_durian_leaf_disease_dataset/images/train__HEALTHY_LEAF__to_label_2094.jpg,HEALTHY_LEAF,train
data/durian/kaggle_durian_leaf_disease_dataset/images/train__HEALTHY_LEAF__to_label_2095.jpg,HEALTHY_LEAF,train
data/durian/kaggle_durian_leaf_disease_dataset/images/train__HEALTHY_LEAF__to_label_2096.jpg,HEALTHY_LEAF,train
data/durian/kaggle_durian_leaf_disease_dataset/images/train__HEALTHY_LEAF__to_label_2097.jpg,HEALTHY_LEAF,train
data/durian/kaggle_durian_leaf_disease_dataset/images/train__HEALTHY_LEAF__to_label_2099.jpg,HEALTHY_LEAF,train
data/durian/kaggle_durian_leaf_disease_dataset/images/train__HEALTHY_LEAF__to_label_2100.jpg,HEALTHY_LEAF,train
data/durian/kaggle_durian_leaf_disease_dataset/images/train__HEALTHY_LEAF__to_label_2101.jpg,HEALTHY_LEAF,train
data/durian/kaggle_durian_leaf_disease_dataset/images/train__HEALTHY_LEAF__to_label_2102.jpg,HEALTHY_LEAF,train
data/durian/kaggle_durian_leaf_disease_dataset/images/train__HEALTHY_LEAF__to_label_2103.jpg,HEALTHY_LEAF,train
data/durian/kaggle_durian_leaf_disease_dataset/images/train__HEALTHY_LEAF__to_label_2104.jpg,HEALTHY_LEAF,train
data/durian/kaggle_durian_leaf_disease_dataset/images/train__HEALTHY_LEAF__to_label_2105.jpg,HEALTHY_LEAF,train
data/durian/kaggle_durian_leaf_disease_dataset/images/train__HEALTHY_LEAF__to_label_2106.jpg,HEALTHY_LEAF,train
data/durian/kaggle_durian_leaf_disease_dataset/images/train__HEALTHY_LEAF__to_label_2107.jpg,HEALTHY_LEAF,train
data/durian/kaggle_durian_leaf_disease_dataset/images/train__HEALTHY_LEAF__to_label_2108.jpg,HEALTHY_LEAF,train
data/durian/kaggle_durian_leaf_disease_dataset/images/train__HEALTHY_LEAF__to_label_2109.jpg,HEALTHY_LEAF,train
data/durian/kaggle_durian_leaf_disease_dataset/images/train__HEALTHY_LEAF__to_label_2110.jpg,HEALTHY_LEAF,train
data/durian/kaggle_durian_leaf_disease_dataset/images/train__HEALTHY_LEAF__to_label_2111.jpg,HEALTHY_LEAF,train
data/durian/kaggle_durian_leaf_disease_dataset/images/train__HEALTHY_LEAF__to_label_2112.jpg,HEALTHY_LEAF,train
data/durian/kaggle_durian_leaf_disease_dataset/images/train__HEALTHY_LEAF__to_label_2113.jpg,HEALTHY_LEAF,train
data/durian/kaggle_durian_leaf_disease_dataset/images/train__HEALTHY_LEAF__to_label_2116.jpg,HEALTHY_LEAF,train
data/durian/kaggle_durian_leaf_disease_dataset/images/train__HEALTHY_LEAF__to_label_2117.jpg,HEALTHY_LEAF,train
data/durian/kaggle_durian_leaf_disease_dataset/images/train__HEALTHY_LEAF__to_label_2119.jpg,HEALTHY_LEAF,train
data/durian/kaggle_durian_leaf_disease_dataset/images/train__HEALTHY_LEAF__to_label_2120.jpg,HEALTHY_LEAF,train
data/durian/kaggle_durian_leaf_disease_dataset/images/train__HEALTHY_LEAF__to_label_2121.jpg,HEALTHY_LEAF,train
data/durian/kaggle_durian_leaf_disease_dataset/images/train__HEALTHY_LEAF__to_label_2122.jpg,HEALTHY_LEAF,train
data/durian/kaggle_durian_leaf_disease_dataset/images/train__HEALTHY_LEAF__to_label_2123.jpg,HEALTHY_LEAF,train
data/durian/kaggle_durian_leaf_disease_dataset/images/train__HEALTHY_LEAF__to_label_2124.jpg,HEALTHY_LEAF,train
data/durian/kaggle_durian_leaf_disease_dataset/images/train__HEALTHY_LEAF__to_label_2125.jpg,HEALTHY_LEAF,train
data/durian/kaggle_durian_leaf_disease_dataset/images/train__HEALTHY_LEAF__to_label_2126.jpg,HEALTHY_LEAF,train
data/durian/kaggle_durian_leaf_disease_dataset/images/train__HEALTHY_LEAF__to_label_2127.jpg,HEALTHY_LEAF,train
data/durian/kaggle_durian_leaf_disease_dataset/images/train__HEALTHY_LEAF__to_label_2128.jpg,HEALTHY_LEAF,train
data/durian/kaggle_durian_leaf_disease_dataset/images/train__HEALTHY_LEAF__to_label_2129.jpg,HEALTHY_LEAF,train
data/durian/kaggle_durian_leaf_disease_dataset/images/train__HEALTHY_LEAF__to_label_2130.jpg,HEALTHY_LEAF,train
data/durian/kaggle_durian_leaf_disease_dataset/images/train__HEALTHY_LEAF__to_label_2131.jpg,HEALTHY_LEAF,train
data/durian/kaggle_durian_leaf_disease_dataset/images/train__HEALTHY_LEAF__to_label_2132.jpg,HEALTHY_LEAF,train
data/durian/kaggle_durian_leaf_disease_dataset/images/train__HEALTHY_LEAF__to_label_2134.jpg,HEALTHY_LEAF,train
data/durian/kaggle_durian_leaf_disease_dataset/images/train__HEALTHY_LEAF__to_label_2136.jpg,HEALTHY_LEAF,train
data/durian/kaggle_durian_leaf_disease_dataset/images/train__HEALTHY_LEAF__to_label_2137.jpg,HEALTHY_LEAF,train
data/durian/kaggle_durian_leaf_disease_dataset/images/train__HEALTHY_LEAF__to_label_2140.jpg,HEALTHY_LEAF,train
data/durian/kaggle_durian_leaf_disease_dataset/images/train__HEALTHY_LEAF__to_label_2141.jpg,HEALTHY_LEAF,train
data/durian/kaggle_durian_leaf_disease_dataset/images/train__HEALTHY_LEAF__to_label_2144.jpg,HEALTHY_LEAF,train
data/durian/kaggle_durian_leaf_disease_dataset/images/train__HEALTHY_LEAF__to_label_2145.jpg,HEALTHY_LEAF,train
data/durian/kaggle_durian_leaf_disease_dataset/images/train__HEALTHY_LEAF__to_label_2147.jpg,HEALTHY_LEAF,train
data/durian/kaggle_durian_leaf_disease_dataset/images/train__HEALTHY_LEAF__to_label_2148.jpg,HEALTHY_LEAF,train
data/durian/kaggle_durian_leaf_disease_dataset/images/train__HEALTHY_LEAF__to_label_2151.jpg,HEALTHY_LEAF,train
data/durian/kaggle_durian_leaf_disease_dataset/images/train__HEALTHY_LEAF__to_label_2153.jpg,HEALTHY_LEAF,train
data/durian/kaggle_durian_leaf_disease_dataset/images/train__HEALTHY_LEAF__to_label_2154.jpg,HEALTHY_LEAF,train
data/durian/kaggle_durian_leaf_disease_dataset/images/train__HEALTHY_LEAF__to_label_2156.jpg,HEALTHY_LEAF,train
data/durian/kaggle_durian_leaf_disease_dataset/images/train__HEALTHY_LEAF__to_label_2158.jpg,HEALTHY_LEAF,train
data/durian/kaggle_durian_leaf_disease_dataset/images/train__HEALTHY_LEAF__to_label_2160.jpg,HEALTHY_LEAF,train
data/durian/kaggle_durian_leaf_disease_dataset/images/train__HEALTHY_LEAF__to_label_2161.jpg,HEALTHY_LEAF,train
data/durian/kaggle_durian_leaf_disease_dataset/images/train__HEALTHY_LEAF__to_label_2162.jpg,HEALTHY_LEAF,train
data/durian/kaggle_durian_leaf_disease_dataset/images/train__HEALTHY_LEAF__to_label_2164.jpg,HEALTHY_LEAF,train
data/durian/kaggle_durian_leaf_disease_dataset/images/train__HEALTHY_LEAF__to_label_2165.jpg,HEALTHY_LEAF,train
data/durian/kaggle_durian_leaf_disease_dataset/images/train__HEALTHY_LEAF__to_label_2166.jpg,HEALTHY_LEAF,train
data/durian/kaggle_durian_leaf_disease_dataset/images/train__HEALTHY_LEAF__to_label_2168.jpg,HEALTHY_LEAF,train
data/durian/kaggle_durian_leaf_disease_dataset/images/train__HEALTHY_LEAF__to_label_2169.jpg,HEALTHY_LEAF,train
data/durian/kaggle_durian_leaf_disease_dataset/images/train__HEALTHY_LEAF__to_label_2170.jpg,HEALTHY_LEAF,train
data/durian/kaggle_durian_leaf_disease_dataset/images/train__HEALTHY_LEAF__to_label_2171.jpg,HEALTHY_LEAF,train
data/durian/kaggle_durian_leaf_disease_dataset/images/train__HEALTHY_LEAF__to_label_2172.jpg,HEALTHY_LEAF,train
data/durian/kaggle_durian_leaf_disease_dataset/images/train__HEALTHY_LEAF__to_label_2173.jpg,HEALTHY_LEAF,train
data/durian/kaggle_durian_leaf_disease_dataset/images/train__HEALTHY_LEAF__to_label_2174.jpg,HEALTHY_LEAF,train
data/durian/kaggle_durian_leaf_disease_dataset/images/train__HEALTHY_LEAF__to_label_2175.jpg,HEALTHY_LEAF,train
data/durian/kaggle_durian_leaf_disease_dataset/images/train__HEALTHY_LEAF__to_label_2176.jpg,HEALTHY_LEAF,train
data/durian/kaggle_durian_leaf_disease_dataset/images/train__HEALTHY_LEAF__to_label_2179.jpg,HEALTHY_LEAF,train
data/durian/kaggle_durian_leaf_disease_dataset/images/train__HEALTHY_LEAF__to_label_2180.jpg,HEALTHY_LEAF,train
data/durian/kaggle_durian_leaf_disease_dataset/images/train__HEALTHY_LEAF__to_label_2181.jpg,HEALTHY_LEAF,train
data/durian/kaggle_durian_leaf_disease_dataset/images/train__HEALTHY_LEAF__to_label_2182.jpg,HEALTHY_LEAF,train
data/durian/kaggle_durian_leaf_disease_dataset/images/train__HEALTHY_LEAF__to_label_2183.jpg,HEALTHY_LEAF,train
data/durian/kaggle_durian_leaf_disease_dataset/images/train__HEALTHY_LEAF__to_label_2184.jpg,HEALTHY_LEAF,train
data/durian/kaggle_durian_leaf_disease_dataset/images/train__HEALTHY_LEAF__to_label_2185.jpg,HEALTHY_LEAF,train
data/durian/kaggle_durian_leaf_disease_dataset/images/train__HEALTHY_LEAF__to_label_2186.jpg,HEALTHY_LEAF,train
data/durian/kaggle_durian_leaf_disease_dataset/images/train__HEALTHY_LEAF__to_label_2189.jpg,HEALTHY_LEAF,train
data/durian/kaggle_durian_leaf_disease_dataset/images/train__HEALTHY_LEAF__to_label_2190.jpg,HEALTHY_LEAF,train
data/durian/kaggle_durian_leaf_disease_dataset/images/train__HEALTHY_LEAF__to_label_2194.jpg,HEALTHY_LEAF,train
data/durian/kaggle_durian_leaf_disease_dataset/images/train__HEALTHY_LEAF__to_label_2197.jpg,HEALTHY_LEAF,train
data/durian/kaggle_durian_leaf_disease_dataset/images/train__HEALTHY_LEAF__to_label_2198.jpg,HEALTHY_LEAF,train
data/durian/kaggle_durian_leaf_disease_dataset/images/train__HEALTHY_LEAF__to_label_2199.jpg,HEALTHY_LEAF,train
data/durian/kaggle_durian_leaf_disease_dataset/images/train__HEALTHY_LEAF__to_label_2200.jpg,HEALTHY_LEAF,train
data/durian/kaggle_durian_leaf_disease_dataset/images/train__HEALTHY_LEAF__to_label_2201.jpg,HEALTHY_LEAF,train
data/durian/kaggle_durian_leaf_disease_dataset/images/train__HEALTHY_LEAF__to_label_2202.jpg,HEALTHY_LEAF,train
data/durian/kaggle_durian_leaf_disease_dataset/images/train__HEALTHY_LEAF__to_label_2204.jpg,HEALTHY_LEAF,train
data/durian/kaggle_durian_leaf_disease_dataset/images/train__HEALTHY_LEAF__to_label_2205.jpg,HEALTHY_LEAF,train
data/durian/kaggle_durian_leaf_disease_dataset/images/train__HEALTHY_LEAF__to_label_2206.jpg,HEALTHY_LEAF,train
data/durian/kaggle_durian_leaf_disease_dataset/images/train__HEALTHY_LEAF__to_label_2208.jpg,HEALTHY_LEAF,train
data/durian/kaggle_durian_leaf_disease_dataset/images/train__HEALTHY_LEAF__to_label_2209.jpg,HEALTHY_LEAF,train
data/durian/kaggle_durian_leaf_disease_dataset/images/train__HEALTHY_LEAF__to_label_2212.jpg,HEALTHY_LEAF,train
data/durian/kaggle_durian_leaf_disease_dataset/images/train__HEALTHY_LEAF__to_label_2213.jpg,HEALTHY_LEAF,train
data/durian/kaggle_durian_leaf_disease_dataset/images/train__HEALTHY_LEAF__to_label_2214.jpg,HEALTHY_LEAF,train
data/durian/kaggle_durian_leaf_disease_dataset/images/train__HEALTHY_LEAF__to_label_2215.jpg,HEALTHY_LEAF,train
data/durian/kaggle_durian_leaf_disease_dataset/images/train__HEALTHY_LEAF__to_label_2218.jpg,HEALTHY_LEAF,train
data/durian/kaggle_durian_leaf_disease_dataset/images/train__HEALTHY_LEAF__to_label_2219.jpg,HEALTHY_LEAF,train
data/durian/kaggle_durian_leaf_disease_dataset/images/train__HEALTHY_LEAF__to_label_2220.jpg,HEALTHY_LEAF,train
data/durian/kaggle_durian_leaf_disease_dataset/images/train__HEALTHY_LEAF__to_label_2221.jpg,HEALTHY_LEAF,train
data/durian/kaggle_durian_leaf_disease_dataset/images/train__HEALTHY_LEAF__to_label_2222.jpg,HEALTHY_LEAF,train
data/durian/kaggle_durian_leaf_disease_dataset/images/train__HEALTHY_LEAF__to_label_2225.jpg,HEALTHY_LEAF,train
data/durian/kaggle_durian_leaf_disease_dataset/images/train__HEALTHY_LEAF__to_label_2227.jpg,HEALTHY_LEAF,train
data/durian/kaggle_durian_leaf_disease_dataset/images/train__HEALTHY_LEAF__to_label_2228.jpg,HEALTHY_LEAF,train
data/durian/kaggle_durian_leaf_disease_dataset/images/train__HEALTHY_LEAF__to_label_2229.jpg,HEALTHY_LEAF,train
data/durian/kaggle_durian_leaf_disease_dataset/images/train__HEALTHY_LEAF__to_label_2230.jpg,HEALTHY_LEAF,train
data/durian/kaggle_durian_leaf_disease_dataset/images/train__HEALTHY_LEAF__to_label_2234.jpg,HEALTHY_LEAF,train
data/durian/kaggle_durian_leaf_disease_dataset/images/train__HEALTHY_LEAF__to_label_2235.jpg,HEALTHY_LEAF,train
data/durian/kaggle_durian_leaf_disease_dataset/images/train__HEALTHY_LEAF__to_label_2236.jpg,HEALTHY_LEAF,train
data/durian/kaggle_durian_leaf_disease_dataset/images/train__HEALTHY_LEAF__to_label_2242.jpg,HEALTHY_LEAF,train
data/durian/kaggle_durian_leaf_disease_dataset/images/train__HEALTHY_LEAF__to_label_2243.jpg,HEALTHY_LEAF,train
data/durian/kaggle_durian_leaf_disease_dataset/images/train__HEALTHY_LEAF__to_label_2244.jpg,HEALTHY_LEAF,train
data/durian/kaggle_durian_leaf_disease_dataset/images/train__HEALTHY_LEAF__to_label_2247.jpg,HEALTHY_LEAF,train
data/durian/kaggle_durian_leaf_disease_dataset/images/train__HEALTHY_LEAF__to_label_2248.jpg,HEALTHY_LEAF,train
data/durian/kaggle_durian_leaf_disease_dataset/images/train__HEALTHY_LEAF__to_label_2250.jpg,HEALTHY_LEAF,train
data/durian/kaggle_durian_leaf_disease_dataset/images/train__HEALTHY_LEAF__to_label_2255.jpg,HEALTHY_LEAF,train
data/durian/kaggle_durian_leaf_disease_dataset/images/train__HEALTHY_LEAF__to_label_2256.jpg,HEALTHY_LEAF,train
data/durian/kaggle_durian_leaf_disease_dataset/images/train__HEALTHY_LEAF__to_label_2257.jpg,HEALTHY_LEAF,train
data/durian/kaggle_durian_leaf_disease_dataset/images/train__HEALTHY_LEAF__to_label_2259.jpg,HEALTHY_LEAF,train
data/durian/kaggle_durian_leaf_disease_dataset/images/train__HEALTHY_LEAF__to_label_2260.jpg,HEALTHY_LEAF,train
data/durian/kaggle_durian_leaf_disease_dataset/images/train__HEALTHY_LEAF__to_label_2261.jpg,HEALTHY_LEAF,train
data/durian/kaggle_durian_leaf_disease_dataset/images/train__HEALTHY_LEAF__to_label_2263.jpg,HEALTHY_LEAF,train
data/durian/kaggle_durian_leaf_disease_dataset/images/train__HEALTHY_LEAF__to_label_2265.jpg,HEALTHY_LEAF,train
data/durian/kaggle_durian_leaf_disease_dataset/images/train__HEALTHY_LEAF__to_label_2266.jpg,HEALTHY_LEAF,train
data/durian/kaggle_durian_leaf_disease_dataset/images/train__HEALTHY_LEAF__to_label_2269.jpg,HEALTHY_LEAF,train
data/durian/kaggle_durian_leaf_disease_dataset/images/train__HEALTHY_LEAF__to_label_2270.jpg,HEALTHY_LEAF,train
data/durian/kaggle_durian_leaf_disease_dataset/images/train__HEALTHY_LEAF__to_label_2271.jpg,HEALTHY_LEAF,train
data/durian/kaggle_durian_leaf_disease_dataset/images/train__HEALTHY_LEAF__to_label_2272.jpg,HEALTHY_LEAF,train
data/durian/kaggle_durian_leaf_disease_dataset/images/train__HEALTHY_LEAF__to_label_2273.jpg,HEALTHY_LEAF,train
data/durian/kaggle_durian_leaf_disease_dataset/images/train__HEALTHY_LEAF__to_label_2274.jpg,HEALTHY_LEAF,train
data/durian/kaggle_durian_leaf_disease_dataset/images/train__HEALTHY_LEAF__to_label_2275.jpg,HEALTHY_LEAF,train
data/durian/kaggle_durian_leaf_disease_dataset/images/train__HEALTHY_LEAF__to_label_2276.jpg,HEALTHY_LEAF,train
data/durian/kaggle_durian_leaf_disease_dataset/images/train__HEALTHY_LEAF__to_label_2277.jpg,HEALTHY_LEAF,train
data/durian/kaggle_durian_leaf_disease_dataset/images/train__HEALTHY_LEAF__to_label_2278.jpg,HEALTHY_LEAF,train
data/durian/kaggle_durian_leaf_disease_dataset/images/train__HEALTHY_LEAF__to_label_2279.jpg,HEALTHY_LEAF,train
data/durian/kaggle_durian_leaf_disease_dataset/images/train__HEALTHY_LEAF__to_label_2281.jpg,HEALTHY_LEAF,train
data/durian/kaggle_durian_leaf_disease_dataset/images/train__HEALTHY_LEAF__to_label_2282.jpg,HEALTHY_LEAF,train
data/durian/kaggle_durian_leaf_disease_dataset/images/train__HEALTHY_LEAF__to_label_2283.jpg,HEALTHY_LEAF,train
data/durian/kaggle_durian_leaf_disease_dataset/images/train__HEALTHY_LEAF__to_label_2284.jpg,HEALTHY_LEAF,train
data/durian/kaggle_durian_leaf_disease_dataset/images/train__HEALTHY_LEAF__to_label_2285.jpg,HEALTHY_LEAF,train
data/durian/kaggle_durian_leaf_disease_dataset/images/train__HEALTHY_LEAF__to_label_2287.jpg,HEALTHY_LEAF,train
data/durian/kaggle_durian_leaf_disease_dataset/images/train__HEALTHY_LEAF__to_label_2288.jpg,HEALTHY_LEAF,train
data/durian/kaggle_durian_leaf_disease_dataset/images/train__HEALTHY_LEAF__to_label_2289.jpg,HEALTHY_LEAF,train
data/durian/kaggle_durian_leaf_disease_dataset/images/train__HEALTHY_LEAF__to_label_2290.jpg,HEALTHY_LEAF,train
data/durian/kaggle_durian_leaf_disease_dataset/images/train__HEALTHY_LEAF__to_label_2294.jpg,HEALTHY_LEAF,train
data/durian/kaggle_durian_leaf_disease_dataset/images/train__HEALTHY_LEAF__to_label_2295.jpg,HEALTHY_LEAF,train
data/durian/kaggle_durian_leaf_disease_dataset/images/train__HEALTHY_LEAF__to_label_2296.jpg,HEALTHY_LEAF,train
data/durian/kaggle_durian_leaf_disease_dataset/images/train__HEALTHY_LEAF__to_label_2299.jpg,HEALTHY_LEAF,train
data/durian/kaggle_durian_leaf_disease_dataset/images/train__HEALTHY_LEAF__to_label_2302.jpg,HEALTHY_LEAF,train
data/durian/kaggle_durian_leaf_disease_dataset/images/train__HEALTHY_LEAF__to_label_2303.jpg,HEALTHY_LEAF,train
data/durian/kaggle_durian_leaf_disease_dataset/images/train__HEALTHY_LEAF__to_label_2305.jpg,HEALTHY_LEAF,train
data/durian/kaggle_durian_leaf_disease_dataset/images/train__HEALTHY_LEAF__to_label_2306.jpg,HEALTHY_LEAF,train
data/durian/kaggle_durian_leaf_disease_dataset/images/train__HEALTHY_LEAF__to_label_2307.jpg,HEALTHY_LEAF,train
data/durian/kaggle_durian_leaf_disease_dataset/images/train__HEALTHY_LEAF__to_label_2310.jpg,HEALTHY_LEAF,train
data/durian/kaggle_durian_leaf_disease_dataset/images/train__HEALTHY_LEAF__to_label_2311.jpg,HEALTHY_LEAF,train
data/durian/kaggle_durian_leaf_disease_dataset/images/train__HEALTHY_LEAF__to_label_2312.jpg,HEALTHY_LEAF,train
data/durian/kaggle_durian_leaf_disease_dataset/images/train__HEALTHY_LEAF__to_label_2313.jpg,HEALTHY_LEAF,train
data/durian/kaggle_durian_leaf_disease_dataset/images/train__HEALTHY_LEAF__to_label_2314.jpg,HEALTHY_LEAF,train
data/durian/kaggle_durian_leaf_disease_dataset/images/train__HEALTHY_LEAF__to_label_2316.jpg,HEALTHY_LEAF,train
data/durian/kaggle_durian_leaf_disease_dataset/images/train__HEALTHY_LEAF__to_label_2317.jpg,HEALTHY_LEAF,train
data/durian/kaggle_durian_leaf_disease_dataset/images/train__HEALTHY_LEAF__to_label_2318.jpg,HEALTHY_LEAF,train
data/durian/kaggle_durian_leaf_disease_dataset/images/train__HEALTHY_LEAF__to_label_2319.jpg,HEALTHY_LEAF,train
data/durian/kaggle_durian_leaf_disease_dataset/images/train__HEALTHY_LEAF__to_label_2320.jpg,HEALTHY_LEAF,train
data/durian/kaggle_durian_leaf_disease_dataset/images/train__HEALTHY_LEAF__to_label_2321.jpg,HEALTHY_LEAF,train
data/durian/kaggle_durian_leaf_disease_dataset/images/train__HEALTHY_LEAF__to_label_2322.jpg,HEALTHY_LEAF,train
data/durian/kaggle_durian_leaf_disease_dataset/images/train__HEALTHY_LEAF__to_label_2323.jpg,HEALTHY_LEAF,train
data/durian/kaggle_durian_leaf_disease_dataset/images/train__HEALTHY_LEAF__to_label_2324.jpg,HEALTHY_LEAF,train
data/durian/kaggle_durian_leaf_disease_dataset/images/train__HEALTHY_LEAF__to_label_2325.jpg,HEALTHY_LEAF,train
data/durian/kaggle_durian_leaf_disease_dataset/images/train__HEALTHY_LEAF__to_label_2326.jpg,HEALTHY_LEAF,train
data/durian/kaggle_durian_leaf_disease_dataset/images/train__HEALTHY_LEAF__to_label_2327.jpg,HEALTHY_LEAF,train
data/durian/kaggle_durian_leaf_disease_dataset/images/train__HEALTHY_LEAF__to_label_2328.jpg,HEALTHY_LEAF,train
data/durian/kaggle_durian_leaf_disease_dataset/images/train__HEALTHY_LEAF__to_label_2329.jpg,HEALTHY_LEAF,train
data/durian/kaggle_durian_leaf_disease_dataset/images/train__HEALTHY_LEAF__to_label_2330.jpg,HEALTHY_LEAF,train
data/durian/kaggle_durian_leaf_disease_dataset/images/train__HEALTHY_LEAF__to_label_2333.jpg,HEALTHY_LEAF,train
data/durian/kaggle_durian_leaf_disease_dataset/images/train__HEALTHY_LEAF__to_label_2334.jpg,HEALTHY_LEAF,train
data/durian/kaggle_durian_leaf_disease_dataset/images/train__HEALTHY_LEAF__to_label_2337.jpg,HEALTHY_LEAF,train
data/durian/kaggle_durian_leaf_disease_dataset/images/train__HEALTHY_LEAF__to_label_2342.jpg,HEALTHY_LEAF,train
data/durian/kaggle_durian_leaf_disease_dataset/images/train__HEALTHY_LEAF__to_label_2343.jpg,HEALTHY_LEAF,train
data/durian/kaggle_durian_leaf_disease_dataset/images/train__HEALTHY_LEAF__to_label_2347.jpg,HEALTHY_LEAF,train
data/durian/kaggle_durian_leaf_disease_dataset/images/train__HEALTHY_LEAF__to_label_2349.jpg,HEALTHY_LEAF,train
data/durian/kaggle_durian_leaf_disease_dataset/images/train__HEALTHY_LEAF__to_label_2350.jpg,HEALTHY_LEAF,train
data/durian/kaggle_durian_leaf_disease_dataset/images/train__HEALTHY_LEAF__to_label_2351.jpg,HEALTHY_LEAF,train
data/durian/kaggle_durian_leaf_disease_dataset/images/train__HEALTHY_LEAF__to_label_2352.jpg,HEALTHY_LEAF,train
data/durian/kaggle_durian_leaf_disease_dataset/images/train__HEALTHY_LEAF__to_label_2353.jpg,HEALTHY_LEAF,train
data/durian/kaggle_durian_leaf_disease_dataset/images/train__HEALTHY_LEAF__to_label_2355.jpg,HEALTHY_LEAF,train
data/durian/kaggle_durian_leaf_disease_dataset/images/train__HEALTHY_LEAF__to_label_2356.jpg,HEALTHY_LEAF,train
data/durian/kaggle_durian_leaf_disease_dataset/images/train__HEALTHY_LEAF__to_label_2357.jpg,HEALTHY_LEAF,train
data/durian/kaggle_durian_leaf_disease_dataset/images/train__HEALTHY_LEAF__to_label_2358.jpg,HEALTHY_LEAF,train
data/durian/kaggle_durian_leaf_disease_dataset/images/train__HEALTHY_LEAF__to_label_2360.jpg,HEALTHY_LEAF,train
data/durian/kaggle_durian_leaf_disease_dataset/images/train__HEALTHY_LEAF__to_label_2361.jpg,HEALTHY_LEAF,train
data/durian/kaggle_durian_leaf_disease_dataset/images/train__HEALTHY_LEAF__to_label_2362.jpg,HEALTHY_LEAF,train
data/durian/kaggle_durian_leaf_disease_dataset/images/train__HEALTHY_LEAF__to_label_2363.jpg,HEALTHY_LEAF,train
data/durian/kaggle_durian_leaf_disease_dataset/images/train__HEALTHY_LEAF__to_label_2364.jpg,HEALTHY_LEAF,train
data/durian/kaggle_durian_leaf_disease_dataset/images/train__HEALTHY_LEAF__to_label_2367.jpg,HEALTHY_LEAF,train
data/durian/kaggle_durian_leaf_disease_dataset/images/train__HEALTHY_LEAF__to_label_2368.jpg,HEALTHY_LEAF,train
data/durian/kaggle_durian_leaf_disease_dataset/images/train__HEALTHY_LEAF__to_label_2369.jpg,HEALTHY_LEAF,train
data/durian/kaggle_durian_leaf_disease_dataset/images/train__HEALTHY_LEAF__to_label_2370.jpg,HEALTHY_LEAF,train
data/durian/kaggle_durian_leaf_disease_dataset/images/train__HEALTHY_LEAF__to_label_2371.jpg,HEALTHY_LEAF,train
data/durian/kaggle_durian_leaf_disease_dataset/images/train__HEALTHY_LEAF__to_label_2373.jpg,HEALTHY_LEAF,train
data/durian/kaggle_durian_leaf_disease_dataset/images/train__HEALTHY_LEAF__to_label_2374.jpg,HEALTHY_LEAF,train
data/durian/kaggle_durian_leaf_disease_dataset/images/train__HEALTHY_LEAF__to_label_2375.jpg,HEALTHY_LEAF,train
data/durian/kaggle_durian_leaf_disease_dataset/images/train__HEALTHY_LEAF__to_label_2376.jpg,HEALTHY_LEAF,train
data/durian/kaggle_durian_leaf_disease_dataset/images/train__HEALTHY_LEAF__to_label_2377.jpg,HEALTHY_LEAF,train
data/durian/kaggle_durian_leaf_disease_dataset/images/train__HEALTHY_LEAF__to_label_2378.jpg,HEALTHY_LEAF,train
data/durian/kaggle_durian_leaf_disease_dataset/images/train__HEALTHY_LEAF__to_label_2379.jpg,HEALTHY_LEAF,train
data/durian/kaggle_durian_leaf_disease_dataset/images/train__HEALTHY_LEAF__to_label_2380.jpg,HEALTHY_LEAF,train
data/durian/kaggle_durian_leaf_disease_dataset/images/train__HEALTHY_LEAF__to_label_2381.jpg,HEALTHY_LEAF,train
data/durian/kaggle_durian_leaf_disease_dataset/images/train__HEALTHY_LEAF__to_label_2382.jpg,HEALTHY_LEAF,train
data/durian/kaggle_durian_leaf_disease_dataset/images/train__HEALTHY_LEAF__to_label_2384.jpg,HEALTHY_LEAF,train
data/durian/kaggle_durian_leaf_disease_dataset/images/train__HEALTHY_LEAF__to_label_2385.jpg,HEALTHY_LEAF,train
data/durian/kaggle_durian_leaf_disease_dataset/images/train__HEALTHY_LEAF__to_label_2386.jpg,HEALTHY_LEAF,train
data/durian/kaggle_durian_leaf_disease_dataset/images/train__HEALTHY_LEAF__to_label_2387.jpg,HEALTHY_LEAF,train
data/durian/kaggle_durian_leaf_disease_dataset/images/train__HEALTHY_LEAF__to_label_2388.jpg,HEALTHY_LEAF,train
data/durian/kaggle_durian_leaf_disease_dataset/images/train__HEALTHY_LEAF__to_label_2391.jpg,HEALTHY_LEAF,train
data/durian/kaggle_durian_leaf_disease_dataset/images/train__HEALTHY_LEAF__to_label_2393.jpg,HEALTHY_LEAF,train
data/durian/kaggle_durian_leaf_disease_dataset/images/train__HEALTHY_LEAF__to_label_2394.jpg,HEALTHY_LEAF,train
data/durian/kaggle_durian_leaf_disease_dataset/images/train__HEALTHY_LEAF__to_label_2396.jpg,HEALTHY_LEAF,train
data/durian/kaggle_durian_leaf_disease_dataset/images/train__HEALTHY_LEAF__to_label_2397.jpg,HEALTHY_LEAF,train
data/durian/kaggle_durian_leaf_disease_dataset/images/train__HEALTHY_LEAF__to_label_2398.jpg,HEALTHY_LEAF,train
data/durian/kaggle_durian_leaf_disease_dataset/images/train__HEALTHY_LEAF__to_label_2400.jpg,HEALTHY_LEAF,train
data/durian/kaggle_durian_leaf_disease_dataset/images/train__HEALTHY_LEAF__to_label_2401.jpg,HEALTHY_LEAF,train
data/durian/kaggle_durian_leaf_disease_dataset/images/train__HEALTHY_LEAF__to_label_2403.jpg,HEALTHY_LEAF,train
data/durian/kaggle_durian_leaf_disease_dataset/images/train__HEALTHY_LEAF__to_label_2405.jpg,HEALTHY_LEAF,train
data/durian/kaggle_durian_leaf_disease_dataset/images/train__HEALTHY_LEAF__to_label_2406.jpg,HEALTHY_LEAF,train
data/durian/kaggle_durian_leaf_disease_dataset/images/train__HEALTHY_LEAF__to_label_2408.jpg,HEALTHY_LEAF,train
data/durian/kaggle_durian_leaf_disease_dataset/images/train__HEALTHY_LEAF__to_label_2409.jpg,HEALTHY_LEAF,train
data/durian/kaggle_durian_leaf_disease_dataset/images/train__HEALTHY_LEAF__to_label_2410.jpg,HEALTHY_LEAF,train
data/durian/kaggle_durian_leaf_disease_dataset/images/train__HEALTHY_LEAF__to_label_2411.jpg,HEALTHY_LEAF,train
data/durian/kaggle_durian_leaf_disease_dataset/images/train__HEALTHY_LEAF__to_label_2412.jpg,HEALTHY_LEAF,train
data/durian/kaggle_durian_leaf_disease_dataset/images/train__HEALTHY_LEAF__to_label_2413.jpg,HEALTHY_LEAF,train
data/durian/kaggle_durian_leaf_disease_dataset/images/train__HEALTHY_LEAF__to_label_2414.jpg,HEALTHY_LEAF,train
data/durian/kaggle_durian_leaf_disease_dataset/images/train__HEALTHY_LEAF__to_label_2417.jpg,HEALTHY_LEAF,train
data/durian/kaggle_durian_leaf_disease_dataset/images/train__HEALTHY_LEAF__to_label_2419.jpg,HEALTHY_LEAF,train
data/durian/kaggle_durian_leaf_disease_dataset/images/train__HEALTHY_LEAF__to_label_2422.jpg,HEALTHY_LEAF,train
data/durian/kaggle_durian_leaf_disease_dataset/images/train__HEALTHY_LEAF__to_label_2423.jpg,HEALTHY_LEAF,train
data/durian/kaggle_durian_leaf_disease_dataset/images/train__HEALTHY_LEAF__to_label_2424.jpg,HEALTHY_LEAF,train
data/durian/kaggle_durian_leaf_disease_dataset/images/train__HEALTHY_LEAF__to_label_2425.jpg,HEALTHY_LEAF,train
data/durian/kaggle_durian_leaf_disease_dataset/images/train__HEALTHY_LEAF__to_label_2426.jpg,HEALTHY_LEAF,train
data/durian/kaggle_durian_leaf_disease_dataset/images/train__HEALTHY_LEAF__to_label_2427.jpg,HEALTHY_LEAF,train
data/durian/kaggle_durian_leaf_disease_dataset/images/train__HEALTHY_LEAF__to_label_2428.jpg,HEALTHY_LEAF,train
data/durian/kaggle_durian_leaf_disease_dataset/images/train__HEALTHY_LEAF__to_label_2429.jpg,HEALTHY_LEAF,train
data/durian/kaggle_durian_leaf_disease_dataset/images/train__HEALTHY_LEAF__to_label_2432.jpg,HEALTHY_LEAF,train
data/durian/kaggle_durian_leaf_disease_dataset/images/train__HEALTHY_LEAF__to_label_2434.jpg,HEALTHY_LEAF,train
data/durian/kaggle_durian_leaf_disease_dataset/images/train__HEALTHY_LEAF__to_label_2435.jpg,HEALTHY_LEAF,train
data/durian/kaggle_durian_leaf_disease_dataset/images/train__HEALTHY_LEAF__to_label_2436.jpg,HEALTHY_LEAF,train
data/durian/kaggle_durian_leaf_disease_dataset/images/train__HEALTHY_LEAF__to_label_2437.jpg,HEALTHY_LEAF,train
data/durian/kaggle_durian_leaf_disease_dataset/images/train__HEALTHY_LEAF__to_label_2438.jpg,HEALTHY_LEAF,train
data/durian/kaggle_durian_leaf_disease_dataset/images/train__HEALTHY_LEAF__to_label_2439.jpg,HEALTHY_LEAF,train
data/durian/kaggle_durian_leaf_disease_dataset/images/train__HEALTHY_LEAF__to_label_2442.jpg,HEALTHY_LEAF,train
data/durian/kaggle_durian_leaf_disease_dataset/images/train__HEALTHY_LEAF__to_label_2443.jpg,HEALTHY_LEAF,train
data/durian/kaggle_durian_leaf_disease_dataset/images/train__HEALTHY_LEAF__to_label_2444.jpg,HEALTHY_LEAF,train
data/durian/kaggle_durian_leaf_disease_dataset/images/train__HEALTHY_LEAF__to_label_2445.jpg,HEALTHY_LEAF,train
data/durian/kaggle_durian_leaf_disease_dataset/images/train__HEALTHY_LEAF__to_label_2446.jpg,HEALTHY_LEAF,train
data/durian/kaggle_durian_leaf_disease_dataset/images/train__HEALTHY_LEAF__to_label_2447.jpg,HEALTHY_LEAF,train
data/durian/kaggle_durian_leaf_disease_dataset/images/train__HEALTHY_LEAF__to_label_2448.jpg,HEALTHY_LEAF,train
data/durian/kaggle_durian_leaf_disease_dataset/images/train__HEALTHY_LEAF__to_label_2450.jpg,HEALTHY_LEAF,train
data/durian/kaggle_durian_leaf_disease_dataset/images/train__HEALTHY_LEAF__to_label_2451.jpg,HEALTHY_LEAF,train
data/durian/kaggle_durian_leaf_disease_dataset/images/train__HEALTHY_LEAF__to_label_2452.jpg,HEALTHY_LEAF,train
data/durian/kaggle_durian_leaf_disease_dataset/images/train__HEALTHY_LEAF__to_label_2453.jpg,HEALTHY_LEAF,train
data/durian/kaggle_durian_leaf_disease_dataset/images/train__HEALTHY_LEAF__to_label_2454.jpg,HEALTHY_LEAF,train
data/durian/kaggle_durian_leaf_disease_dataset/images/train__HEALTHY_LEAF__to_label_2457.jpg,HEALTHY_LEAF,train
data/durian/kaggle_durian_leaf_disease_dataset/images/train__HEALTHY_LEAF__to_label_2458.jpg,HEALTHY_LEAF,train
data/durian/kaggle_durian_leaf_disease_dataset/images/train__HEALTHY_LEAF__to_label_2460.jpg,HEALTHY_LEAF,train
data/durian/kaggle_durian_leaf_disease_dataset/images/train__HEALTHY_LEAF__to_label_2462.jpg,HEALTHY_LEAF,train
data/durian/kaggle_durian_leaf_disease_dataset/images/train__HEALTHY_LEAF__to_label_2463.jpg,HEALTHY_LEAF,train
data/durian/kaggle_durian_leaf_disease_dataset/images/train__HEALTHY_LEAF__to_label_2464.jpg,HEALTHY_LEAF,train
data/durian/kaggle_durian_leaf_disease_dataset/images/train__HEALTHY_LEAF__to_label_2465.jpg,HEALTHY_LEAF,train
data/durian/kaggle_durian_leaf_disease_dataset/images/train__HEALTHY_LEAF__to_label_2468.jpg,HEALTHY_LEAF,train
data/durian/kaggle_durian_leaf_disease_dataset/images/train__HEALTHY_LEAF__to_label_2471.jpg,HEALTHY_LEAF,train
data/durian/kaggle_durian_leaf_disease_dataset/images/train__HEALTHY_LEAF__to_label_2472.jpg,HEALTHY_LEAF,train
data/durian/kaggle_durian_leaf_disease_dataset/images/train__HEALTHY_LEAF__to_label_2473.jpg,HEALTHY_LEAF,train
data/durian/kaggle_durian_leaf_disease_dataset/images/train__HEALTHY_LEAF__to_label_2474.jpg,HEALTHY_LEAF,train
data/durian/kaggle_durian_leaf_disease_dataset/images/train__HEALTHY_LEAF__to_label_2476.jpg,HEALTHY_LEAF,train
data/durian/kaggle_durian_leaf_disease_dataset/images/train__HEALTHY_LEAF__to_label_2477.jpg,HEALTHY_LEAF,train
data/durian/kaggle_durian_leaf_disease_dataset/images/train__HEALTHY_LEAF__to_label_2478.jpg,HEALTHY_LEAF,train
data/durian/kaggle_durian_leaf_disease_dataset/images/train__HEALTHY_LEAF__to_label_2479.jpg,HEALTHY_LEAF,train
data/durian/kaggle_durian_leaf_disease_dataset/images/train__HEALTHY_LEAF__to_label_2480.jpg,HEALTHY_LEAF,train
data/durian/kaggle_durian_leaf_disease_dataset/images/train__HEALTHY_LEAF__to_label_2481.jpg,HEALTHY_LEAF,train
data/durian/kaggle_durian_leaf_disease_dataset/images/train__HEALTHY_LEAF__to_label_2482.jpg,HEALTHY_LEAF,train
data/durian/kaggle_durian_leaf_disease_dataset/images/train__HEALTHY_LEAF__to_label_2483.jpg,HEALTHY_LEAF,train
data/durian/kaggle_durian_leaf_disease_dataset/images/train__HEALTHY_LEAF__to_label_2484.jpg,HEALTHY_LEAF,train
data/durian/kaggle_durian_leaf_disease_dataset/images/train__HEALTHY_LEAF__to_label_2485.jpg,HEALTHY_LEAF,train
data/durian/kaggle_durian_leaf_disease_dataset/images/train__HEALTHY_LEAF__to_label_2486.jpg,HEALTHY_LEAF,train
data/durian/kaggle_durian_leaf_disease_dataset/images/train__HEALTHY_LEAF__to_label_2487.jpg,HEALTHY_LEAF,train
data/durian/kaggle_durian_leaf_disease_dataset/images/train__HEALTHY_LEAF__to_label_2489.jpg,HEALTHY_LEAF,train
data/durian/kaggle_durian_leaf_disease_dataset/images/train__HEALTHY_LEAF__to_label_2490.jpg,HEALTHY_LEAF,train
data/durian/kaggle_durian_leaf_disease_dataset/images/train__HEALTHY_LEAF__to_label_2491.jpg,HEALTHY_LEAF,train
data/durian/kaggle_durian_leaf_disease_dataset/images/train__HEALTHY_LEAF__to_label_2492.jpg,HEALTHY_LEAF,train
data/durian/kaggle_durian_leaf_disease_dataset/images/train__HEALTHY_LEAF__to_label_2493.jpg,HEALTHY_LEAF,train
data/durian/kaggle_durian_leaf_disease_dataset/images/train__HEALTHY_LEAF__to_label_2494.jpg,HEALTHY_LEAF,train
data/durian/kaggle_durian_leaf_disease_dataset/images/train__HEALTHY_LEAF__to_label_2496.jpg,HEALTHY_LEAF,train
data/durian/kaggle_durian_leaf_disease_dataset/images/train__HEALTHY_LEAF__to_label_2497.jpg,HEALTHY_LEAF,train
data/durian/kaggle_durian_leaf_disease_dataset/images/train__HEALTHY_LEAF__to_label_2498.jpg,HEALTHY_LEAF,train
data/durian/kaggle_durian_leaf_disease_dataset/images/train__HEALTHY_LEAF__to_label_2499.jpg,HEALTHY_LEAF,train
data/durian/kaggle_durian_leaf_disease_dataset/images/train__HEALTHY_LEAF__to_label_2500.jpg,HEALTHY_LEAF,train
data/durian/kaggle_durian_leaf_disease_dataset/images/train__HEALTHY_LEAF__to_label_2501.jpg,HEALTHY_LEAF,train
data/durian/kaggle_durian_leaf_disease_dataset/images/train__HEALTHY_LEAF__to_label_2502.jpg,HEALTHY_LEAF,train
data/durian/kaggle_durian_leaf_disease_dataset/images/train__HEALTHY_LEAF__to_label_2504.jpg,HEALTHY_LEAF,train
data/durian/kaggle_durian_leaf_disease_dataset/images/train__HEALTHY_LEAF__to_label_2508.jpg,HEALTHY_LEAF,train
data/durian/kaggle_durian_leaf_disease_dataset/images/train__HEALTHY_LEAF__to_label_2509.jpg,HEALTHY_LEAF,train
data/durian/kaggle_durian_leaf_disease_dataset/images/train__HEALTHY_LEAF__to_label_2511.jpg,HEALTHY_LEAF,train
data/durian/kaggle_durian_leaf_disease_dataset/images/train__HEALTHY_LEAF__to_label_2512.jpg,HEALTHY_LEAF,train
data/durian/kaggle_durian_leaf_disease_dataset/images/train__HEALTHY_LEAF__to_label_2513.jpg,HEALTHY_LEAF,train
data/durian/kaggle_durian_leaf_disease_dataset/images/train__HEALTHY_LEAF__to_label_2514.jpg,HEALTHY_LEAF,train
data/durian/kaggle_durian_leaf_disease_dataset/images/train__HEALTHY_LEAF__to_label_2515.jpg,HEALTHY_LEAF,train
data/durian/kaggle_durian_leaf_disease_dataset/images/train__HEALTHY_LEAF__to_label_2518.jpg,HEALTHY_LEAF,train
data/durian/kaggle_durian_leaf_disease_dataset/images/train__HEALTHY_LEAF__to_label_2519.jpg,HEALTHY_LEAF,train
data/durian/kaggle_durian_leaf_disease_dataset/images/train__HEALTHY_LEAF__to_label_2520.jpg,HEALTHY_LEAF,train
data/durian/kaggle_durian_leaf_disease_dataset/images/train__HEALTHY_LEAF__to_label_2521.jpg,HEALTHY_LEAF,train
data/durian/kaggle_durian_leaf_disease_dataset/images/train__HEALTHY_LEAF__to_label_2522.jpg,HEALTHY_LEAF,train
data/durian/kaggle_durian_leaf_disease_dataset/images/train__HEALTHY_LEAF__to_label_2523.jpg,HEALTHY_LEAF,train
data/durian/kaggle_durian_leaf_disease_dataset/images/train__HEALTHY_LEAF__to_label_2524.jpg,HEALTHY_LEAF,train
data/durian/kaggle_durian_leaf_disease_dataset/images/train__HEALTHY_LEAF__to_label_2525.jpg,HEALTHY_LEAF,train
data/durian/kaggle_durian_leaf_disease_dataset/images/train__HEALTHY_LEAF__to_label_2526.jpg,HEALTHY_LEAF,train
data/durian/kaggle_durian_leaf_disease_dataset/images/train__HEALTHY_LEAF__to_label_2527.jpg,HEALTHY_LEAF,train
data/durian/kaggle_durian_leaf_disease_dataset/images/train__HEALTHY_LEAF__to_label_2528.jpg,HEALTHY_LEAF,train
data/durian/kaggle_durian_leaf_disease_dataset/images/train__HEALTHY_LEAF__to_label_2529.jpg,HEALTHY_LEAF,train
data/durian/kaggle_durian_leaf_disease_dataset/images/train__HEALTHY_LEAF__to_label_2530.jpg,HEALTHY_LEAF,train
data/durian/kaggle_durian_leaf_disease_dataset/images/train__HEALTHY_LEAF__to_label_2531.jpg,HEALTHY_LEAF,train
data/durian/kaggle_durian_leaf_disease_dataset/images/train__HEALTHY_LEAF__to_label_2532.jpg,HEALTHY_LEAF,train
data/durian/kaggle_durian_leaf_disease_dataset/images/train__HEALTHY_LEAF__to_label_2533.jpg,HEALTHY_LEAF,train
data/durian/kaggle_durian_leaf_disease_dataset/images/train__HEALTHY_LEAF__to_label_2536.jpg,HEALTHY_LEAF,train
data/durian/kaggle_durian_leaf_disease_dataset/images/train__HEALTHY_LEAF__to_label_2537.jpg,HEALTHY_LEAF,train
data/durian/kaggle_durian_leaf_disease_dataset/images/train__HEALTHY_LEAF__to_label_2538.jpg,HEALTHY_LEAF,train
data/durian/kaggle_durian_leaf_disease_dataset/images/train__HEALTHY_LEAF__to_label_2540.jpg,HEALTHY_LEAF,train
data/durian/kaggle_durian_leaf_disease_dataset/images/train__HEALTHY_LEAF__to_label_2541.jpg,HEALTHY_LEAF,train
data/durian/kaggle_durian_leaf_disease_dataset/images/train__HEALTHY_LEAF__to_label_2542.jpg,HEALTHY_LEAF,train
data/durian/kaggle_durian_leaf_disease_dataset/images/train__HEALTHY_LEAF__to_label_2543.jpg,HEALTHY_LEAF,train
data/durian/kaggle_durian_leaf_disease_dataset/images/train__HEALTHY_LEAF__to_label_2544.jpg,HEALTHY_LEAF,train
data/durian/kaggle_durian_leaf_disease_dataset/images/train__HEALTHY_LEAF__to_label_2546.jpg,HEALTHY_LEAF,train
data/durian/kaggle_durian_leaf_disease_dataset/images/train__HEALTHY_LEAF__to_label_2547.jpg,HEALTHY_LEAF,train
data/durian/kaggle_durian_leaf_disease_dataset/images/train__HEALTHY_LEAF__to_label_2548.jpg,HEALTHY_LEAF,train
data/durian/kaggle_durian_leaf_disease_dataset/images/train__HEALTHY_LEAF__to_label_2550.jpg,HEALTHY_LEAF,train
data/durian/kaggle_durian_leaf_disease_dataset/images/train__HEALTHY_LEAF__to_label_2553.jpg,HEALTHY_LEAF,train
data/durian/kaggle_durian_leaf_disease_dataset/images/train__HEALTHY_LEAF__to_label_2554.jpg,HEALTHY_LEAF,train
data/durian/kaggle_durian_leaf_disease_dataset/images/train__HEALTHY_LEAF__to_label_2555.jpg,HEALTHY_LEAF,train
data/durian/kaggle_durian_leaf_disease_dataset/images/train__HEALTHY_LEAF__to_label_2558.jpg,HEALTHY_LEAF,train
data/durian/kaggle_durian_leaf_disease_dataset/images/train__HEALTHY_LEAF__to_label_2562.jpg,HEALTHY_LEAF,train
data/durian/kaggle_durian_leaf_disease_dataset/images/train__HEALTHY_LEAF__to_label_2563.jpg,HEALTHY_LEAF,train
data/durian/kaggle_durian_leaf_disease_dataset/images/train__HEALTHY_LEAF__to_label_2564.jpg,HEALTHY_LEAF,train
data/durian/kaggle_durian_leaf_disease_dataset/images/train__HEALTHY_LEAF__to_label_2565.jpg,HEALTHY_LEAF,train
data/durian/kaggle_durian_leaf_disease_dataset/images/train__HEALTHY_LEAF__to_label_2566.jpg,HEALTHY_LEAF,train
data/durian/kaggle_durian_leaf_disease_dataset/images/train__HEALTHY_LEAF__to_label_2568.jpg,HEALTHY_LEAF,train
data/durian/kaggle_durian_leaf_disease_dataset/images/train__HEALTHY_LEAF__to_label_2569.jpg,HEALTHY_LEAF,train
data/durian/kaggle_durian_leaf_disease_dataset/images/train__HEALTHY_LEAF__to_label_2570.jpg,HEALTHY_LEAF,train
data/durian/kaggle_durian_leaf_disease_dataset/images/train__HEALTHY_LEAF__to_label_2572.jpg,HEALTHY_LEAF,train
data/durian/kaggle_durian_leaf_disease_dataset/images/train__HEALTHY_LEAF__to_label_2573.jpg,HEALTHY_LEAF,train
data/durian/kaggle_durian_leaf_disease_dataset/images/train__HEALTHY_LEAF__to_label_2575.jpg,HEALTHY_LEAF,train
data/durian/kaggle_durian_leaf_disease_dataset/images/train__HEALTHY_LEAF__to_label_2576.jpg,HEALTHY_LEAF,train
data/durian/kaggle_durian_leaf_disease_dataset/images/train__HEALTHY_LEAF__to_label_2577.jpg,HEALTHY_LEAF,train
data/durian/kaggle_durian_leaf_disease_dataset/images/train__HEALTHY_LEAF__to_label_2578.jpg,HEALTHY_LEAF,train
data/durian/kaggle_durian_leaf_disease_dataset/images/train__HEALTHY_LEAF__to_label_2581.jpg,HEALTHY_LEAF,train
data/durian/kaggle_durian_leaf_disease_dataset/images/train__HEALTHY_LEAF__to_label_2582.jpg,HEALTHY_LEAF,train
data/durian/kaggle_durian_leaf_disease_dataset/images/train__HEALTHY_LEAF__to_label_2583.jpg,HEALTHY_LEAF,train
data/durian/kaggle_durian_leaf_disease_dataset/images/train__HEALTHY_LEAF__to_label_2584.jpg,HEALTHY_LEAF,train
data/durian/kaggle_durian_leaf_disease_dataset/images/train__HEALTHY_LEAF__to_label_2585.jpg,HEALTHY_LEAF,train
data/durian/kaggle_durian_leaf_disease_dataset/images/train__HEALTHY_LEAF__to_label_2587.jpg,HEALTHY_LEAF,train
data/durian/kaggle_durian_leaf_disease_dataset/images/train__HEALTHY_LEAF__to_label_2590.jpg,HEALTHY_LEAF,train
data/durian/kaggle_durian_leaf_disease_dataset/images/train__HEALTHY_LEAF__to_label_2592.jpg,HEALTHY_LEAF,train
data/durian/kaggle_durian_leaf_disease_dataset/images/train__HEALTHY_LEAF__to_label_2595.jpg,HEALTHY_LEAF,train
data/durian/kaggle_durian_leaf_disease_dataset/images/train__HEALTHY_LEAF__to_label_2596.jpg,HEALTHY_LEAF,train
data/durian/kaggle_durian_leaf_disease_dataset/images/train__HEALTHY_LEAF__to_label_2597.jpg,HEALTHY_LEAF,train
data/durian/kaggle_durian_leaf_disease_dataset/images/train__HEALTHY_LEAF__to_label_2599.jpg,HEALTHY_LEAF,train
data/durian/kaggle_durian_leaf_disease_dataset/images/train__HEALTHY_LEAF__to_label_2600.jpg,HEALTHY_LEAF,train
data/durian/kaggle_durian_leaf_disease_dataset/images/train__HEALTHY_LEAF__to_label_2602.jpg,HEALTHY_LEAF,train
data/durian/kaggle_durian_leaf_disease_dataset/images/train__HEALTHY_LEAF__to_label_2606.jpg,HEALTHY_LEAF,train
data/durian/kaggle_durian_leaf_disease_dataset/images/train__HEALTHY_LEAF__to_label_2607.jpg,HEALTHY_LEAF,train
data/durian/kaggle_durian_leaf_disease_dataset/images/train__HEALTHY_LEAF__to_label_2608.jpg,HEALTHY_LEAF,train
data/durian/kaggle_durian_leaf_disease_dataset/images/train__HEALTHY_LEAF__to_label_2609.jpg,HEALTHY_LEAF,train
data/durian/kaggle_durian_leaf_disease_dataset/images/train__HEALTHY_LEAF__to_label_2610.jpg,HEALTHY_LEAF,train
data/durian/kaggle_durian_leaf_disease_dataset/images/train__HEALTHY_LEAF__to_label_2611.jpg,HEALTHY_LEAF,train
data/durian/kaggle_durian_leaf_disease_dataset/images/train__HEALTHY_LEAF__to_label_2613.jpg,HEALTHY_LEAF,train
data/durian/kaggle_durian_leaf_disease_dataset/images/train__HEALTHY_LEAF__to_label_2614.jpg,HEALTHY_LEAF,train
data/durian/kaggle_durian_leaf_disease_dataset/images/train__HEALTHY_LEAF__to_label_2615.jpg,HEALTHY_LEAF,train
data/durian/kaggle_durian_leaf_disease_dataset/images/train__HEALTHY_LEAF__to_label_2616.jpg,HEALTHY_LEAF,train
data/durian/kaggle_durian_leaf_disease_dataset/images/train__HEALTHY_LEAF__to_label_2617.jpg,HEALTHY_LEAF,train
data/durian/kaggle_durian_leaf_disease_dataset/images/train__HEALTHY_LEAF__to_label_2618.jpg,HEALTHY_LEAF,train
data/durian/kaggle_durian_leaf_disease_dataset/images/train__HEALTHY_LEAF__to_label_2619.jpg,HEALTHY_LEAF,train
data/durian/kaggle_durian_leaf_disease_dataset/images/train__HEALTHY_LEAF__to_label_2620.jpg,HEALTHY_LEAF,train
data/durian/kaggle_durian_leaf_disease_dataset/images/train__HEALTHY_LEAF__to_label_2623.jpg,HEALTHY_LEAF,train
data/durian/kaggle_durian_leaf_disease_dataset/images/train__HEALTHY_LEAF__to_label_2624.jpg,HEALTHY_LEAF,train
data/durian/kaggle_durian_leaf_disease_dataset/images/train__HEALTHY_LEAF__to_label_2626.jpg,HEALTHY_LEAF,train
data/durian/kaggle_durian_leaf_disease_dataset/images/train__HEALTHY_LEAF__to_label_2627.jpg,HEALTHY_LEAF,train
data/durian/kaggle_durian_leaf_disease_dataset/images/train__HEALTHY_LEAF__to_label_2629.jpg,HEALTHY_LEAF,train
data/durian/kaggle_durian_leaf_disease_dataset/images/train__HEALTHY_LEAF__to_label_2630.jpg,HEALTHY_LEAF,train
data/durian/kaggle_durian_leaf_disease_dataset/images/train__HEALTHY_LEAF__to_label_2631.jpg,HEALTHY_LEAF,train
data/durian/kaggle_durian_leaf_disease_dataset/images/train__HEALTHY_LEAF__to_label_2632.jpg,HEALTHY_LEAF,train
data/durian/kaggle_durian_leaf_disease_dataset/images/train__HEALTHY_LEAF__to_label_2633.jpg,HEALTHY_LEAF,train
data/durian/kaggle_durian_leaf_disease_dataset/images/train__HEALTHY_LEAF__to_label_2637.jpg,HEALTHY_LEAF,train
data/durian/kaggle_durian_leaf_disease_dataset/images/train__HEALTHY_LEAF__to_label_2638.jpg,HEALTHY_LEAF,train
data/durian/kaggle_durian_leaf_disease_dataset/images/train__HEALTHY_LEAF__to_label_2639.jpg,HEALTHY_LEAF,train
data/durian/kaggle_durian_leaf_disease_dataset/images/train__HEALTHY_LEAF__to_label_2640.jpg,HEALTHY_LEAF,train
data/durian/kaggle_durian_leaf_disease_dataset/images/train__HEALTHY_LEAF__to_label_2642.jpg,HEALTHY_LEAF,train
data/durian/kaggle_durian_leaf_disease_dataset/images/train__HEALTHY_LEAF__to_label_2643.jpg,HEALTHY_LEAF,train
data/durian/kaggle_durian_leaf_disease_dataset/images/train__HEALTHY_LEAF__to_label_2644.jpg,HEALTHY_LEAF,train
data/durian/kaggle_durian_leaf_disease_dataset/images/train__HEALTHY_LEAF__to_label_2645.jpg,HEALTHY_LEAF,train
data/durian/kaggle_durian_leaf_disease_dataset/images/train__HEALTHY_LEAF__to_label_2647.jpg,HEALTHY_LEAF,train
data/durian/kaggle_durian_leaf_disease_dataset/images/train__HEALTHY_LEAF__to_label_2649.jpg,HEALTHY_LEAF,train
data/durian/kaggle_durian_leaf_disease_dataset/images/train__HEALTHY_LEAF__to_label_2650.jpg,HEALTHY_LEAF,train
data/durian/kaggle_durian_leaf_disease_dataset/images/train__HEALTHY_LEAF__to_label_2651.jpg,HEALTHY_LEAF,train
data/durian/kaggle_durian_leaf_disease_dataset/images/train__HEALTHY_LEAF__to_label_2652.jpg,HEALTHY_LEAF,train
data/durian/kaggle_durian_leaf_disease_dataset/images/train__HEALTHY_LEAF__to_label_2653.jpg,HEALTHY_LEAF,train
data/durian/kaggle_durian_leaf_disease_dataset/images/train__HEALTHY_LEAF__to_label_2654.jpg,HEALTHY_LEAF,train
data/durian/kaggle_durian_leaf_disease_dataset/images/train__HEALTHY_LEAF__to_label_2655.jpg,HEALTHY_LEAF,train
data/durian/kaggle_durian_leaf_disease_dataset/images/train__HEALTHY_LEAF__to_label_2656.jpg,HEALTHY_LEAF,train
data/durian/kaggle_durian_leaf_disease_dataset/images/train__HEALTHY_LEAF__to_label_2657.jpg,HEALTHY_LEAF,train
data/durian/kaggle_durian_leaf_disease_dataset/images/train__HEALTHY_LEAF__to_label_2658.jpg,HEALTHY_LEAF,train
data/durian/kaggle_durian_leaf_disease_dataset/images/train__HEALTHY_LEAF__to_label_2662.jpg,HEALTHY_LEAF,train
data/durian/kaggle_durian_leaf_disease_dataset/images/train__HEALTHY_LEAF__to_label_2666.jpg,HEALTHY_LEAF,train
data/durian/kaggle_durian_leaf_disease_dataset/images/train__HEALTHY_LEAF__to_label_2667.jpg,HEALTHY_LEAF,train
data/durian/kaggle_durian_leaf_disease_dataset/images/train__HEALTHY_LEAF__to_label_2668.jpg,HEALTHY_LEAF,train
data/durian/kaggle_durian_leaf_disease_dataset/images/train__HEALTHY_LEAF__to_label_2669.jpg,HEALTHY_LEAF,train
data/durian/kaggle_durian_leaf_disease_dataset/images/train__HEALTHY_LEAF__to_label_2670.jpg,HEALTHY_LEAF,train
data/durian/kaggle_durian_leaf_disease_dataset/images/train__HEALTHY_LEAF__to_label_2672.jpg,HEALTHY_LEAF,train
data/durian/kaggle_durian_leaf_disease_dataset/images/train__HEALTHY_LEAF__to_label_2673.jpg,HEALTHY_LEAF,train
data/durian/kaggle_durian_leaf_disease_dataset/images/train__HEALTHY_LEAF__to_label_2674.jpg,HEALTHY_LEAF,train
data/durian/kaggle_durian_leaf_disease_dataset/images/train__HEALTHY_LEAF__to_label_2676.jpg,HEALTHY_LEAF,train
data/durian/kaggle_durian_leaf_disease_dataset/images/train__HEALTHY_LEAF__to_label_2678.jpg,HEALTHY_LEAF,train
data/durian/kaggle_durian_leaf_disease_dataset/images/train__HEALTHY_LEAF__to_label_2682.jpg,HEALTHY_LEAF,train
data/durian/kaggle_durian_leaf_disease_dataset/images/train__HEALTHY_LEAF__to_label_2683.jpg,HEALTHY_LEAF,train
data/durian/kaggle_durian_leaf_disease_dataset/images/train__HEALTHY_LEAF__to_label_2685.jpg,HEALTHY_LEAF,train
data/durian/kaggle_durian_leaf_disease_dataset/images/train__LEAF_BLIGHT__to_label_2686.jpg,LEAF_BLIGHT,train
data/durian/kaggle_durian_leaf_disease_dataset/images/train__LEAF_BLIGHT__to_label_2687.jpg,LEAF_BLIGHT,train
data/durian/kaggle_durian_leaf_disease_dataset/images/train__LEAF_BLIGHT__to_label_2689.jpg,LEAF_BLIGHT,train
data/durian/kaggle_durian_leaf_disease_dataset/images/train__LEAF_BLIGHT__to_label_2690.jpg,LEAF_BLIGHT,train
data/durian/kaggle_durian_leaf_disease_dataset/images/train__LEAF_BLIGHT__to_label_2692.jpg,LEAF_BLIGHT,train
data/durian/kaggle_durian_leaf_disease_dataset/images/train__LEAF_BLIGHT__to_label_2694.jpg,LEAF_BLIGHT,train
data/durian/kaggle_durian_leaf_disease_dataset/images/train__LEAF_BLIGHT__to_label_2695.jpg,LEAF_BLIGHT,train
data/durian/kaggle_durian_leaf_disease_dataset/images/train__LEAF_BLIGHT__to_label_2697.jpg,LEAF_BLIGHT,train
data/durian/kaggle_durian_leaf_disease_dataset/images/train__LEAF_BLIGHT__to_label_2698.jpg,LEAF_BLIGHT,train
data/durian/kaggle_durian_leaf_disease_dataset/images/train__LEAF_BLIGHT__to_label_2699.jpg,LEAF_BLIGHT,train
data/durian/kaggle_durian_leaf_disease_dataset/images/train__LEAF_BLIGHT__to_label_2700.jpg,LEAF_BLIGHT,train
data/durian/kaggle_durian_leaf_disease_dataset/images/train__LEAF_BLIGHT__to_label_2701.jpg,LEAF_BLIGHT,train
data/durian/kaggle_durian_leaf_disease_dataset/images/train__LEAF_BLIGHT__to_label_2702.jpg,LEAF_BLIGHT,train
data/durian/kaggle_durian_leaf_disease_dataset/images/train__LEAF_BLIGHT__to_label_2703.jpg,LEAF_BLIGHT,train
data/durian/kaggle_durian_leaf_disease_dataset/images/train__LEAF_BLIGHT__to_label_2704.jpg,LEAF_BLIGHT,train
data/durian/kaggle_durian_leaf_disease_dataset/images/train__LEAF_BLIGHT__to_label_2705.jpg,LEAF_BLIGHT,train
data/durian/kaggle_durian_leaf_disease_dataset/images/train__LEAF_BLIGHT__to_label_2706.jpg,LEAF_BLIGHT,train
data/durian/kaggle_durian_leaf_disease_dataset/images/train__LEAF_BLIGHT__to_label_2707.jpg,LEAF_BLIGHT,train
data/durian/kaggle_durian_leaf_disease_dataset/images/train__LEAF_BLIGHT__to_label_2708.jpg,LEAF_BLIGHT,train
data/durian/kaggle_durian_leaf_disease_dataset/images/train__LEAF_BLIGHT__to_label_2710.jpg,LEAF_BLIGHT,train
data/durian/kaggle_durian_leaf_disease_dataset/images/train__LEAF_BLIGHT__to_label_2712.jpg,LEAF_BLIGHT,train
data/durian/kaggle_durian_leaf_disease_dataset/images/train__LEAF_BLIGHT__to_label_2713.jpg,LEAF_BLIGHT,train
data/durian/kaggle_durian_leaf_disease_dataset/images/train__LEAF_BLIGHT__to_label_2714.jpg,LEAF_BLIGHT,train
data/durian/kaggle_durian_leaf_disease_dataset/images/train__LEAF_BLIGHT__to_label_2718.jpg,LEAF_BLIGHT,train
data/durian/kaggle_durian_leaf_disease_dataset/images/train__LEAF_BLIGHT__to_label_2720.jpg,LEAF_BLIGHT,train
data/durian/kaggle_durian_leaf_disease_dataset/images/train__LEAF_BLIGHT__to_label_2721.jpg,LEAF_BLIGHT,train
data/durian/kaggle_durian_leaf_disease_dataset/images/train__LEAF_BLIGHT__to_label_2722.jpg,LEAF_BLIGHT,train
data/durian/kaggle_durian_leaf_disease_dataset/images/train__LEAF_BLIGHT__to_label_2723.jpg,LEAF_BLIGHT,train
data/durian/kaggle_durian_leaf_disease_dataset/images/train__LEAF_BLIGHT__to_label_2724.jpg,LEAF_BLIGHT,train
data/durian/kaggle_durian_leaf_disease_dataset/images/train__LEAF_BLIGHT__to_label_2726.jpg,LEAF_BLIGHT,train
data/durian/kaggle_durian_leaf_disease_dataset/images/train__LEAF_BLIGHT__to_label_2727.jpg,LEAF_BLIGHT,train
data/durian/kaggle_durian_leaf_disease_dataset/images/train__LEAF_BLIGHT__to_label_2728.jpg,LEAF_BLIGHT,train
data/durian/kaggle_durian_leaf_disease_dataset/images/train__LEAF_BLIGHT__to_label_2729.jpg,LEAF_BLIGHT,train
data/durian/kaggle_durian_leaf_disease_dataset/images/train__LEAF_BLIGHT__to_label_2731.jpg,LEAF_BLIGHT,train
data/durian/kaggle_durian_leaf_disease_dataset/images/train__LEAF_BLIGHT__to_label_2732.jpg,LEAF_BLIGHT,train
data/durian/kaggle_durian_leaf_disease_dataset/images/train__LEAF_BLIGHT__to_label_2733.jpg,LEAF_BLIGHT,train
data/durian/kaggle_durian_leaf_disease_dataset/images/train__LEAF_BLIGHT__to_label_2734.jpg,LEAF_BLIGHT,train
data/durian/kaggle_durian_leaf_disease_dataset/images/train__LEAF_BLIGHT__to_label_2736.jpg,LEAF_BLIGHT,train
data/durian/kaggle_durian_leaf_disease_dataset/images/train__LEAF_BLIGHT__to_label_2737.jpg,LEAF_BLIGHT,train
data/durian/kaggle_durian_leaf_disease_dataset/images/train__LEAF_BLIGHT__to_label_2738.jpg,LEAF_BLIGHT,train
data/durian/kaggle_durian_leaf_disease_dataset/images/train__LEAF_BLIGHT__to_label_2739.jpg,LEAF_BLIGHT,train
data/durian/kaggle_durian_leaf_disease_dataset/images/train__LEAF_BLIGHT__to_label_2742.jpg,LEAF_BLIGHT,train
data/durian/kaggle_durian_leaf_disease_dataset/images/train__LEAF_BLIGHT__to_label_2743.jpg,LEAF_BLIGHT,train
data/durian/kaggle_durian_leaf_disease_dataset/images/train__LEAF_BLIGHT__to_label_2744.jpg,LEAF_BLIGHT,train
data/durian/kaggle_durian_leaf_disease_dataset/images/train__LEAF_BLIGHT__to_label_2747.jpg,LEAF_BLIGHT,train
data/durian/kaggle_durian_leaf_disease_dataset/images/train__LEAF_BLIGHT__to_label_2748.jpg,LEAF_BLIGHT,train
data/durian/kaggle_durian_leaf_disease_dataset/images/train__LEAF_BLIGHT__to_label_2750.jpg,LEAF_BLIGHT,train
data/durian/kaggle_durian_leaf_disease_dataset/images/train__LEAF_BLIGHT__to_label_2754.jpg,LEAF_BLIGHT,train
data/durian/kaggle_durian_leaf_disease_dataset/images/train__LEAF_BLIGHT__to_label_2755.jpg,LEAF_BLIGHT,train
data/durian/kaggle_durian_leaf_disease_dataset/images/train__LEAF_BLIGHT__to_label_2757.jpg,LEAF_BLIGHT,train
data/durian/kaggle_durian_leaf_disease_dataset/images/train__LEAF_BLIGHT__to_label_2759.jpg,LEAF_BLIGHT,train
data/durian/kaggle_durian_leaf_disease_dataset/images/train__LEAF_BLIGHT__to_label_2760.jpg,LEAF_BLIGHT,train
data/durian/kaggle_durian_leaf_disease_dataset/images/train__LEAF_BLIGHT__to_label_2761.jpg,LEAF_BLIGHT,train
data/durian/kaggle_durian_leaf_disease_dataset/images/train__LEAF_BLIGHT__to_label_2766.jpg,LEAF_BLIGHT,train
data/durian/kaggle_durian_leaf_disease_dataset/images/train__LEAF_BLIGHT__to_label_2769.jpg,LEAF_BLIGHT,train
data/durian/kaggle_durian_leaf_disease_dataset/images/train__LEAF_BLIGHT__to_label_2771.jpg,LEAF_BLIGHT,train
data/durian/kaggle_durian_leaf_disease_dataset/images/train__LEAF_BLIGHT__to_label_2773.jpg,LEAF_BLIGHT,train
data/durian/kaggle_durian_leaf_disease_dataset/images/train__LEAF_BLIGHT__to_label_2774.jpg,LEAF_BLIGHT,train
data/durian/kaggle_durian_leaf_disease_dataset/images/train__LEAF_BLIGHT__to_label_2775.jpg,LEAF_BLIGHT,train
data/durian/kaggle_durian_leaf_disease_dataset/images/train__LEAF_BLIGHT__to_label_2776.jpg,LEAF_BLIGHT,train
data/durian/kaggle_durian_leaf_disease_dataset/images/train__LEAF_BLIGHT__to_label_2777.jpg,LEAF_BLIGHT,train
data/durian/kaggle_durian_leaf_disease_dataset/images/train__LEAF_BLIGHT__to_label_2778.jpg,LEAF_BLIGHT,train
data/durian/kaggle_durian_leaf_disease_dataset/images/train__LEAF_BLIGHT__to_label_2779.jpg,LEAF_BLIGHT,train
data/durian/kaggle_durian_leaf_disease_dataset/images/train__LEAF_BLIGHT__to_label_2780.jpg,LEAF_BLIGHT,train
data/durian/kaggle_durian_leaf_disease_dataset/images/train__LEAF_BLIGHT__to_label_2781.jpg,LEAF_BLIGHT,train
data/durian/kaggle_durian_leaf_disease_dataset/images/train__LEAF_BLIGHT__to_label_2784.jpg,LEAF_BLIGHT,train
data/durian/kaggle_durian_leaf_disease_dataset/images/train__LEAF_BLIGHT__to_label_2785.jpg,LEAF_BLIGHT,train
data/durian/kaggle_durian_leaf_disease_dataset/images/train__LEAF_BLIGHT__to_label_2786.jpg,LEAF_BLIGHT,train
data/durian/kaggle_durian_leaf_disease_dataset/images/train__LEAF_BLIGHT__to_label_2788.jpg,LEAF_BLIGHT,train
data/durian/kaggle_durian_leaf_disease_dataset/images/train__LEAF_BLIGHT__to_label_2789.jpg,LEAF_BLIGHT,train
data/durian/kaggle_durian_leaf_disease_dataset/images/train__LEAF_BLIGHT__to_label_2790.jpg,LEAF_BLIGHT,train
data/durian/kaggle_durian_leaf_disease_dataset/images/train__LEAF_BLIGHT__to_label_2791.jpg,LEAF_BLIGHT,train
data/durian/kaggle_durian_leaf_disease_dataset/images/train__LEAF_BLIGHT__to_label_2792.jpg,LEAF_BLIGHT,train
data/durian/kaggle_durian_leaf_disease_dataset/images/train__LEAF_BLIGHT__to_label_2794.jpg,LEAF_BLIGHT,train
data/durian/kaggle_durian_leaf_disease_dataset/images/train__LEAF_BLIGHT__to_label_2797.jpg,LEAF_BLIGHT,train
data/durian/kaggle_durian_leaf_disease_dataset/images/train__LEAF_BLIGHT__to_label_2798.jpg,LEAF_BLIGHT,train
data/durian/kaggle_durian_leaf_disease_dataset/images/train__LEAF_BLIGHT__to_label_2799.jpg,LEAF_BLIGHT,train
data/durian/kaggle_durian_leaf_disease_dataset/images/train__LEAF_BLIGHT__to_label_2800.jpg,LEAF_BLIGHT,train
data/durian/kaggle_durian_leaf_disease_dataset/images/train__LEAF_BLIGHT__to_label_2801.jpg,LEAF_BLIGHT,train
data/durian/kaggle_durian_leaf_disease_dataset/images/train__LEAF_BLIGHT__to_label_2802.jpg,LEAF_BLIGHT,train
data/durian/kaggle_durian_leaf_disease_dataset/images/train__LEAF_BLIGHT__to_label_2803.jpg,LEAF_BLIGHT,train
data/durian/kaggle_durian_leaf_disease_dataset/images/train__LEAF_BLIGHT__to_label_2805.jpg,LEAF_BLIGHT,train
data/durian/kaggle_durian_leaf_disease_dataset/images/train__LEAF_BLIGHT__to_label_2807.jpg,LEAF_BLIGHT,train
data/durian/kaggle_durian_leaf_disease_dataset/images/train__LEAF_BLIGHT__to_label_2808.jpg,LEAF_BLIGHT,train
data/durian/kaggle_durian_leaf_disease_dataset/images/train__LEAF_BLIGHT__to_label_2809.jpg,LEAF_BLIGHT,train
data/durian/kaggle_durian_leaf_disease_dataset/images/train__LEAF_BLIGHT__to_label_2810.jpg,LEAF_BLIGHT,train
data/durian/kaggle_durian_leaf_disease_dataset/images/train__LEAF_BLIGHT__to_label_2811.jpg,LEAF_BLIGHT,train
data/durian/kaggle_durian_leaf_disease_dataset/images/train__LEAF_BLIGHT__to_label_2812.jpg,LEAF_BLIGHT,train
data/durian/kaggle_durian_leaf_disease_dataset/images/train__LEAF_BLIGHT__to_label_2813.jpg,LEAF_BLIGHT,train
data/durian/kaggle_durian_leaf_disease_dataset/images/train__LEAF_BLIGHT__to_label_2814.jpg,LEAF_BLIGHT,train
data/durian/kaggle_durian_leaf_disease_dataset/images/train__LEAF_BLIGHT__to_label_2815.jpg,LEAF_BLIGHT,train
data/durian/kaggle_durian_leaf_disease_dataset/images/train__LEAF_BLIGHT__to_label_2816.jpg,LEAF_BLIGHT,train
data/durian/kaggle_durian_leaf_disease_dataset/images/train__LEAF_BLIGHT__to_label_2817.jpg,LEAF_BLIGHT,train
data/durian/kaggle_durian_leaf_disease_dataset/images/train__LEAF_BLIGHT__to_label_2818.jpg,LEAF_BLIGHT,train
data/durian/kaggle_durian_leaf_disease_dataset/images/train__LEAF_BLIGHT__to_label_2820.jpg,LEAF_BLIGHT,train
data/durian/kaggle_durian_leaf_disease_dataset/images/train__LEAF_BLIGHT__to_label_2821.jpg,LEAF_BLIGHT,train
data/durian/kaggle_durian_leaf_disease_dataset/images/train__LEAF_BLIGHT__to_label_2824.jpg,LEAF_BLIGHT,train
data/durian/kaggle_durian_leaf_disease_dataset/images/train__LEAF_BLIGHT__to_label_2826.jpg,LEAF_BLIGHT,train
data/durian/kaggle_durian_leaf_disease_dataset/images/train__LEAF_BLIGHT__to_label_2828.jpg,LEAF_BLIGHT,train
data/durian/kaggle_durian_leaf_disease_dataset/images/train__LEAF_BLIGHT__to_label_2829.jpg,LEAF_BLIGHT,train
data/durian/kaggle_durian_leaf_disease_dataset/images/train__LEAF_BLIGHT__to_label_2830.jpg,LEAF_BLIGHT,train
data/durian/kaggle_durian_leaf_disease_dataset/images/train__LEAF_BLIGHT__to_label_2831.jpg,LEAF_BLIGHT,train
data/durian/kaggle_durian_leaf_disease_dataset/images/train__LEAF_BLIGHT__to_label_2832.jpg,LEAF_BLIGHT,train
data/durian/kaggle_durian_leaf_disease_dataset/images/train__LEAF_BLIGHT__to_label_2833.jpg,LEAF_BLIGHT,train
data/durian/kaggle_durian_leaf_disease_dataset/images/train__LEAF_BLIGHT__to_label_2835.jpg,LEAF_BLIGHT,train
data/durian/kaggle_durian_leaf_disease_dataset/images/train__LEAF_BLIGHT__to_label_2836.jpg,LEAF_BLIGHT,train
data/durian/kaggle_durian_leaf_disease_dataset/images/train__LEAF_BLIGHT__to_label_2837.jpg,LEAF_BLIGHT,train
data/durian/kaggle_durian_leaf_disease_dataset/images/train__LEAF_BLIGHT__to_label_2838.jpg,LEAF_BLIGHT,train
data/durian/kaggle_durian_leaf_disease_dataset/images/train__LEAF_BLIGHT__to_label_2839.jpg,LEAF_BLIGHT,train
data/durian/kaggle_durian_leaf_disease_dataset/images/train__LEAF_BLIGHT__to_label_2840.jpg,LEAF_BLIGHT,train
data/durian/kaggle_durian_leaf_disease_dataset/images/train__LEAF_BLIGHT__to_label_2842.jpg,LEAF_BLIGHT,train
data/durian/kaggle_durian_leaf_disease_dataset/images/train__LEAF_BLIGHT__to_label_2843.jpg,LEAF_BLIGHT,train
data/durian/kaggle_durian_leaf_disease_dataset/images/train__LEAF_BLIGHT__to_label_2845.jpg,LEAF_BLIGHT,train
data/durian/kaggle_durian_leaf_disease_dataset/images/train__LEAF_BLIGHT__to_label_2846.jpg,LEAF_BLIGHT,train
data/durian/kaggle_durian_leaf_disease_dataset/images/train__LEAF_BLIGHT__to_label_2847.jpg,LEAF_BLIGHT,train
data/durian/kaggle_durian_leaf_disease_dataset/images/train__LEAF_BLIGHT__to_label_2848.jpg,LEAF_BLIGHT,train
data/durian/kaggle_durian_leaf_disease_dataset/images/train__LEAF_BLIGHT__to_label_2849.jpg,LEAF_BLIGHT,train
data/durian/kaggle_durian_leaf_disease_dataset/images/train__LEAF_BLIGHT__to_label_2850.jpg,LEAF_BLIGHT,train
data/durian/kaggle_durian_leaf_disease_dataset/images/train__LEAF_BLIGHT__to_label_2852.jpg,LEAF_BLIGHT,train
data/durian/kaggle_durian_leaf_disease_dataset/images/train__LEAF_BLIGHT__to_label_2853.jpg,LEAF_BLIGHT,train
data/durian/kaggle_durian_leaf_disease_dataset/images/train__LEAF_BLIGHT__to_label_2855.jpg,LEAF_BLIGHT,train
data/durian/kaggle_durian_leaf_disease_dataset/images/train__LEAF_BLIGHT__to_label_2856.jpg,LEAF_BLIGHT,train
data/durian/kaggle_durian_leaf_disease_dataset/images/train__LEAF_BLIGHT__to_label_2857.jpg,LEAF_BLIGHT,train
data/durian/kaggle_durian_leaf_disease_dataset/images/train__LEAF_BLIGHT__to_label_2858.jpg,LEAF_BLIGHT,train
data/durian/kaggle_durian_leaf_disease_dataset/images/train__LEAF_BLIGHT__to_label_2859.jpg,LEAF_BLIGHT,train
data/durian/kaggle_durian_leaf_disease_dataset/images/train__LEAF_BLIGHT__to_label_2861.jpg,LEAF_BLIGHT,train
data/durian/kaggle_durian_leaf_disease_dataset/images/train__LEAF_BLIGHT__to_label_2862.jpg,LEAF_BLIGHT,train
data/durian/kaggle_durian_leaf_disease_dataset/images/train__LEAF_BLIGHT__to_label_2863.jpg,LEAF_BLIGHT,train
data/durian/kaggle_durian_leaf_disease_dataset/images/train__LEAF_BLIGHT__to_label_2864.jpg,LEAF_BLIGHT,train
data/durian/kaggle_durian_leaf_disease_dataset/images/train__LEAF_BLIGHT__to_label_2865.jpg,LEAF_BLIGHT,train
data/durian/kaggle_durian_leaf_disease_dataset/images/train__LEAF_BLIGHT__to_label_2866.jpg,LEAF_BLIGHT,train
data/durian/kaggle_durian_leaf_disease_dataset/images/train__LEAF_BLIGHT__to_label_2867.jpg,LEAF_BLIGHT,train
data/durian/kaggle_durian_leaf_disease_dataset/images/train__LEAF_BLIGHT__to_label_2868.jpg,LEAF_BLIGHT,train
data/durian/kaggle_durian_leaf_disease_dataset/images/train__LEAF_BLIGHT__to_label_2869.jpg,LEAF_BLIGHT,train
data/durian/kaggle_durian_leaf_disease_dataset/images/train__LEAF_BLIGHT__to_label_2870.jpg,LEAF_BLIGHT,train
data/durian/kaggle_durian_leaf_disease_dataset/images/train__LEAF_BLIGHT__to_label_2871.jpg,LEAF_BLIGHT,train
data/durian/kaggle_durian_leaf_disease_dataset/images/train__LEAF_BLIGHT__to_label_2872.jpg,LEAF_BLIGHT,train
data/durian/kaggle_durian_leaf_disease_dataset/images/train__LEAF_BLIGHT__to_label_2873.jpg,LEAF_BLIGHT,train
data/durian/kaggle_durian_leaf_disease_dataset/images/train__LEAF_BLIGHT__to_label_2874.jpg,LEAF_BLIGHT,train
data/durian/kaggle_durian_leaf_disease_dataset/images/train__LEAF_BLIGHT__to_label_2875.jpg,LEAF_BLIGHT,train
data/durian/kaggle_durian_leaf_disease_dataset/images/train__LEAF_BLIGHT__to_label_2876.jpg,LEAF_BLIGHT,train
data/durian/kaggle_durian_leaf_disease_dataset/images/train__LEAF_BLIGHT__to_label_2877.jpg,LEAF_BLIGHT,train
data/durian/kaggle_durian_leaf_disease_dataset/images/train__LEAF_BLIGHT__to_label_2879.jpg,LEAF_BLIGHT,train
data/durian/kaggle_durian_leaf_disease_dataset/images/train__LEAF_BLIGHT__to_label_2880.jpg,LEAF_BLIGHT,train
data/durian/kaggle_durian_leaf_disease_dataset/images/train__LEAF_BLIGHT__to_label_2881.jpg,LEAF_BLIGHT,train
data/durian/kaggle_durian_leaf_disease_dataset/images/train__LEAF_BLIGHT__to_label_2883.jpg,LEAF_BLIGHT,train
data/durian/kaggle_durian_leaf_disease_dataset/images/train__LEAF_BLIGHT__to_label_2886.jpg,LEAF_BLIGHT,train
data/durian/kaggle_durian_leaf_disease_dataset/images/train__LEAF_BLIGHT__to_label_2887.jpg,LEAF_BLIGHT,train
data/durian/kaggle_durian_leaf_disease_dataset/images/train__LEAF_BLIGHT__to_label_2888.jpg,LEAF_BLIGHT,train
data/durian/kaggle_durian_leaf_disease_dataset/images/train__LEAF_BLIGHT__to_label_2889.jpg,LEAF_BLIGHT,train
data/durian/kaggle_durian_leaf_disease_dataset/images/train__LEAF_BLIGHT__to_label_2891.jpg,LEAF_BLIGHT,train
data/durian/kaggle_durian_leaf_disease_dataset/images/train__LEAF_BLIGHT__to_label_2892.jpg,LEAF_BLIGHT,train
data/durian/kaggle_durian_leaf_disease_dataset/images/train__LEAF_BLIGHT__to_label_2893.jpg,LEAF_BLIGHT,train
data/durian/kaggle_durian_leaf_disease_dataset/images/train__LEAF_BLIGHT__to_label_2900.jpg,LEAF_BLIGHT,train
data/durian/kaggle_durian_leaf_disease_dataset/images/train__LEAF_BLIGHT__to_label_2902.jpg,LEAF_BLIGHT,train
data/durian/kaggle_durian_leaf_disease_dataset/images/train__LEAF_BLIGHT__to_label_2903.jpg,LEAF_BLIGHT,train
data/durian/kaggle_durian_leaf_disease_dataset/images/train__LEAF_BLIGHT__to_label_2905.jpg,LEAF_BLIGHT,train
data/durian/kaggle_durian_leaf_disease_dataset/images/train__LEAF_BLIGHT__to_label_2906.jpg,LEAF_BLIGHT,train
data/durian/kaggle_durian_leaf_disease_dataset/images/train__LEAF_BLIGHT__to_label_2907.jpg,LEAF_BLIGHT,train
data/durian/kaggle_durian_leaf_disease_dataset/images/train__LEAF_BLIGHT__to_label_2908.jpg,LEAF_BLIGHT,train
data/durian/kaggle_durian_leaf_disease_dataset/images/train__LEAF_BLIGHT__to_label_2909.jpg,LEAF_BLIGHT,train
data/durian/kaggle_durian_leaf_disease_dataset/images/train__LEAF_BLIGHT__to_label_2910.jpg,LEAF_BLIGHT,train
data/durian/kaggle_durian_leaf_disease_dataset/images/train__LEAF_BLIGHT__to_label_2911.jpg,LEAF_BLIGHT,train
data/durian/kaggle_durian_leaf_disease_dataset/images/train__LEAF_BLIGHT__to_label_2912.jpg,LEAF_BLIGHT,train
data/durian/kaggle_durian_leaf_disease_dataset/images/train__LEAF_BLIGHT__to_label_2915.jpg,LEAF_BLIGHT,train
data/durian/kaggle_durian_leaf_disease_dataset/images/train__LEAF_BLIGHT__to_label_2916.jpg,LEAF_BLIGHT,train
data/durian/kaggle_durian_leaf_disease_dataset/images/train__LEAF_BLIGHT__to_label_2918.jpg,LEAF_BLIGHT,train
data/durian/kaggle_durian_leaf_disease_dataset/images/train__LEAF_BLIGHT__to_label_2919.jpg,LEAF_BLIGHT,train
data/durian/kaggle_durian_leaf_disease_dataset/images/train__LEAF_BLIGHT__to_label_2920.jpg,LEAF_BLIGHT,train
data/durian/kaggle_durian_leaf_disease_dataset/images/train__LEAF_BLIGHT__to_label_2922.jpg,LEAF_BLIGHT,train
data/durian/kaggle_durian_leaf_disease_dataset/images/train__LEAF_BLIGHT__to_label_2923.jpg,LEAF_BLIGHT,train
data/durian/kaggle_durian_leaf_disease_dataset/images/train__LEAF_BLIGHT__to_label_2924.jpg,LEAF_BLIGHT,train
data/durian/kaggle_durian_leaf_disease_dataset/images/train__LEAF_BLIGHT__to_label_2926.jpg,LEAF_BLIGHT,train
data/durian/kaggle_durian_leaf_disease_dataset/images/train__LEAF_BLIGHT__to_label_2927.jpg,LEAF_BLIGHT,train
data/durian/kaggle_durian_leaf_disease_dataset/images/train__LEAF_BLIGHT__to_label_2928.jpg,LEAF_BLIGHT,train
data/durian/kaggle_durian_leaf_disease_dataset/images/train__LEAF_BLIGHT__to_label_2929.jpg,LEAF_BLIGHT,train
data/durian/kaggle_durian_leaf_disease_dataset/images/train__LEAF_BLIGHT__to_label_2931.jpg,LEAF_BLIGHT,train
data/durian/kaggle_durian_leaf_disease_dataset/images/train__LEAF_BLIGHT__to_label_2932.jpg,LEAF_BLIGHT,train
data/durian/kaggle_durian_leaf_disease_dataset/images/train__LEAF_BLIGHT__to_label_2934.jpg,LEAF_BLIGHT,train
data/durian/kaggle_durian_leaf_disease_dataset/images/train__LEAF_BLIGHT__to_label_2935.jpg,LEAF_BLIGHT,train
data/durian/kaggle_durian_leaf_disease_dataset/images/train__LEAF_BLIGHT__to_label_2937.jpg,LEAF_BLIGHT,train
data/durian/kaggle_durian_leaf_disease_dataset/images/train__LEAF_BLIGHT__to_label_2938.jpg,LEAF_BLIGHT,train
data/durian/kaggle_durian_leaf_disease_dataset/images/train__LEAF_BLIGHT__to_label_2939.jpg,LEAF_BLIGHT,train
data/durian/kaggle_durian_leaf_disease_dataset/images/train__LEAF_BLIGHT__to_label_2941.jpg,LEAF_BLIGHT,train
data/durian/kaggle_durian_leaf_disease_dataset/images/train__LEAF_BLIGHT__to_label_2942.jpg,LEAF_BLIGHT,train
data/durian/kaggle_durian_leaf_disease_dataset/images/train__LEAF_BLIGHT__to_label_2943.jpg,LEAF_BLIGHT,train
data/durian/kaggle_durian_leaf_disease_dataset/images/train__LEAF_BLIGHT__to_label_2944.jpg,LEAF_BLIGHT,train
data/durian/kaggle_durian_leaf_disease_dataset/images/train__LEAF_BLIGHT__to_label_2948.jpg,LEAF_BLIGHT,train
data/durian/kaggle_durian_leaf_disease_dataset/images/train__LEAF_BLIGHT__to_label_2949.jpg,LEAF_BLIGHT,train
data/durian/kaggle_durian_leaf_disease_dataset/images/train__LEAF_BLIGHT__to_label_2950.jpg,LEAF_BLIGHT,train
data/durian/kaggle_durian_leaf_disease_dataset/images/train__LEAF_BLIGHT__to_label_2953.jpg,LEAF_BLIGHT,train
data/durian/kaggle_durian_leaf_disease_dataset/images/train__LEAF_BLIGHT__to_label_2954.jpg,LEAF_BLIGHT,train
data/durian/kaggle_durian_leaf_disease_dataset/images/train__LEAF_BLIGHT__to_label_2955.jpg,LEAF_BLIGHT,train
data/durian/kaggle_durian_leaf_disease_dataset/images/train__LEAF_BLIGHT__to_label_2956.jpg,LEAF_BLIGHT,train
data/durian/kaggle_durian_leaf_disease_dataset/images/train__LEAF_BLIGHT__to_label_2957.jpg,LEAF_BLIGHT,train
data/durian/kaggle_durian_leaf_disease_dataset/images/train__LEAF_BLIGHT__to_label_2958.jpg,LEAF_BLIGHT,train
data/durian/kaggle_durian_leaf_disease_dataset/images/train__LEAF_BLIGHT__to_label_2959.jpg,LEAF_BLIGHT,train
data/durian/kaggle_durian_leaf_disease_dataset/images/train__LEAF_BLIGHT__to_label_2960.jpg,LEAF_BLIGHT,train
data/durian/kaggle_durian_leaf_disease_dataset/images/train__LEAF_BLIGHT__to_label_2962.jpg,LEAF_BLIGHT,train
data/durian/kaggle_durian_leaf_disease_dataset/images/train__LEAF_BLIGHT__to_label_2963.jpg,LEAF_BLIGHT,train
data/durian/kaggle_durian_leaf_disease_dataset/images/train__LEAF_BLIGHT__to_label_2964.jpg,LEAF_BLIGHT,train
data/durian/kaggle_durian_leaf_disease_dataset/images/train__LEAF_BLIGHT__to_label_2965.jpg,LEAF_BLIGHT,train
data/durian/kaggle_durian_leaf_disease_dataset/images/train__LEAF_BLIGHT__to_label_2968.jpg,LEAF_BLIGHT,train
data/durian/kaggle_durian_leaf_disease_dataset/images/train__LEAF_BLIGHT__to_label_2969.jpg,LEAF_BLIGHT,train
data/durian/kaggle_durian_leaf_disease_dataset/images/train__LEAF_BLIGHT__to_label_2970.jpg,LEAF_BLIGHT,train
data/durian/kaggle_durian_leaf_disease_dataset/images/train__LEAF_BLIGHT__to_label_2971.jpg,LEAF_BLIGHT,train
data/durian/kaggle_durian_leaf_disease_dataset/images/train__LEAF_BLIGHT__to_label_2973.jpg,LEAF_BLIGHT,train
data/durian/kaggle_durian_leaf_disease_dataset/images/train__LEAF_BLIGHT__to_label_2974.jpg,LEAF_BLIGHT,train
data/durian/kaggle_durian_leaf_disease_dataset/images/train__LEAF_BLIGHT__to_label_2975.jpg,LEAF_BLIGHT,train
data/durian/kaggle_durian_leaf_disease_dataset/images/train__LEAF_BLIGHT__to_label_2977.jpg,LEAF_BLIGHT,train
data/durian/kaggle_durian_leaf_disease_dataset/images/train__LEAF_BLIGHT__to_label_2979.jpg,LEAF_BLIGHT,train
data/durian/kaggle_durian_leaf_disease_dataset/images/train__LEAF_BLIGHT__to_label_2981.jpg,LEAF_BLIGHT,train
data/durian/kaggle_durian_leaf_disease_dataset/images/train__LEAF_BLIGHT__to_label_2983.jpg,LEAF_BLIGHT,train
data/durian/kaggle_durian_leaf_disease_dataset/images/train__LEAF_BLIGHT__to_label_2986.jpg,LEAF_BLIGHT,train
data/durian/kaggle_durian_leaf_disease_dataset/images/train__LEAF_BLIGHT__to_label_2987.jpg,LEAF_BLIGHT,train
data/durian/kaggle_durian_leaf_disease_dataset/images/train__LEAF_BLIGHT__to_label_2989.jpg,LEAF_BLIGHT,train
data/durian/kaggle_durian_leaf_disease_dataset/images/train__LEAF_BLIGHT__to_label_2990.jpg,LEAF_BLIGHT,train
data/durian/kaggle_durian_leaf_disease_dataset/images/train__LEAF_BLIGHT__to_label_2994.jpg,LEAF_BLIGHT,train
data/durian/kaggle_durian_leaf_disease_dataset/images/train__LEAF_BLIGHT__to_label_2999.jpg,LEAF_BLIGHT,train
data/durian/kaggle_durian_leaf_disease_dataset/images/train__LEAF_BLIGHT__to_label_3001.jpg,LEAF_BLIGHT,train
data/durian/kaggle_durian_leaf_disease_dataset/images/train__LEAF_BLIGHT__to_label_3003.jpg,LEAF_BLIGHT,train
data/durian/kaggle_durian_leaf_disease_dataset/images/train__LEAF_BLIGHT__to_label_3006.jpg,LEAF_BLIGHT,train
data/durian/kaggle_durian_leaf_disease_dataset/images/train__LEAF_BLIGHT__to_label_3008.jpg,LEAF_BLIGHT,train
data/durian/kaggle_durian_leaf_disease_dataset/images/train__LEAF_BLIGHT__to_label_3010.jpg,LEAF_BLIGHT,train
data/durian/kaggle_durian_leaf_disease_dataset/images/train__LEAF_BLIGHT__to_label_3011.jpg,LEAF_BLIGHT,train
data/durian/kaggle_durian_leaf_disease_dataset/images/train__LEAF_BLIGHT__to_label_3015.jpg,LEAF_BLIGHT,train
data/durian/kaggle_durian_leaf_disease_dataset/images/train__LEAF_BLIGHT__to_label_3016.jpg,LEAF_BLIGHT,train
data/durian/kaggle_durian_leaf_disease_dataset/images/train__LEAF_BLIGHT__to_label_3018.jpg,LEAF_BLIGHT,train
data/durian/kaggle_durian_leaf_disease_dataset/images/train__LEAF_BLIGHT__to_label_3021.jpg,LEAF_BLIGHT,train
data/durian/kaggle_durian_leaf_disease_dataset/images/train__LEAF_BLIGHT__to_label_3022.jpg,LEAF_BLIGHT,train
data/durian/kaggle_durian_leaf_disease_dataset/images/train__LEAF_BLIGHT__to_label_3023.jpg,LEAF_BLIGHT,train
data/durian/kaggle_durian_leaf_disease_dataset/images/train__LEAF_BLIGHT__to_label_3024.jpg,LEAF_BLIGHT,train
data/durian/kaggle_durian_leaf_disease_dataset/images/train__LEAF_BLIGHT__to_label_3025.jpg,LEAF_BLIGHT,train
data/durian/kaggle_durian_leaf_disease_dataset/images/train__LEAF_BLIGHT__to_label_3026.jpg,LEAF_BLIGHT,train
data/durian/kaggle_durian_leaf_disease_dataset/images/train__LEAF_BLIGHT__to_label_3027.jpg,LEAF_BLIGHT,train
data/durian/kaggle_durian_leaf_disease_dataset/images/train__LEAF_BLIGHT__to_label_3029.jpg,LEAF_BLIGHT,train
data/durian/kaggle_durian_leaf_disease_dataset/images/train__LEAF_BLIGHT__to_label_3031.jpg,LEAF_BLIGHT,train
data/durian/kaggle_durian_leaf_disease_dataset/images/train__LEAF_BLIGHT__to_label_3032.jpg,LEAF_BLIGHT,train
data/durian/kaggle_durian_leaf_disease_dataset/images/train__LEAF_BLIGHT__to_label_3033.jpg,LEAF_BLIGHT,train
data/durian/kaggle_durian_leaf_disease_dataset/images/train__LEAF_BLIGHT__to_label_3034.jpg,LEAF_BLIGHT,train
data/durian/kaggle_durian_leaf_disease_dataset/images/train__LEAF_BLIGHT__to_label_3035.jpg,LEAF_BLIGHT,train
data/durian/kaggle_durian_leaf_disease_dataset/images/train__LEAF_BLIGHT__to_label_3039.jpg,LEAF_BLIGHT,train
data/durian/kaggle_durian_leaf_disease_dataset/images/train__LEAF_BLIGHT__to_label_3040.jpg,LEAF_BLIGHT,train
data/durian/kaggle_durian_leaf_disease_dataset/images/train__LEAF_BLIGHT__to_label_3042.jpg,LEAF_BLIGHT,train
data/durian/kaggle_durian_leaf_disease_dataset/images/train__LEAF_BLIGHT__to_label_3043.jpg,LEAF_BLIGHT,train
data/durian/kaggle_durian_leaf_disease_dataset/images/train__LEAF_BLIGHT__to_label_3044.jpg,LEAF_BLIGHT,train
data/durian/kaggle_durian_leaf_disease_dataset/images/train__LEAF_BLIGHT__to_label_3046.jpg,LEAF_BLIGHT,train
data/durian/kaggle_durian_leaf_disease_dataset/images/train__LEAF_BLIGHT__to_label_3050.jpg,LEAF_BLIGHT,train
data/durian/kaggle_durian_leaf_disease_dataset/images/train__LEAF_BLIGHT__to_label_3051.jpg,LEAF_BLIGHT,train
data/durian/kaggle_durian_leaf_disease_dataset/images/train__LEAF_BLIGHT__to_label_3052.jpg,LEAF_BLIGHT,train
data/durian/kaggle_durian_leaf_disease_dataset/images/train__LEAF_BLIGHT__to_label_3053.jpg,LEAF_BLIGHT,train
data/durian/kaggle_durian_leaf_disease_dataset/images/train__LEAF_BLIGHT__to_label_3054.jpg,LEAF_BLIGHT,train
data/durian/kaggle_durian_leaf_disease_dataset/images/train__LEAF_BLIGHT__to_label_3055.jpg,LEAF_BLIGHT,train
data/durian/kaggle_durian_leaf_disease_dataset/images/train__LEAF_BLIGHT__to_label_3058.jpg,LEAF_BLIGHT,train
data/durian/kaggle_durian_leaf_disease_dataset/images/train__LEAF_BLIGHT__to_label_3059.jpg,LEAF_BLIGHT,train
data/durian/kaggle_durian_leaf_disease_dataset/images/train__LEAF_BLIGHT__to_label_3060.jpg,LEAF_BLIGHT,train
data/durian/kaggle_durian_leaf_disease_dataset/images/train__LEAF_BLIGHT__to_label_3061.jpg,LEAF_BLIGHT,train
data/durian/kaggle_durian_leaf_disease_dataset/images/train__LEAF_BLIGHT__to_label_3062.jpg,LEAF_BLIGHT,train
data/durian/kaggle_durian_leaf_disease_dataset/images/train__LEAF_BLIGHT__to_label_3064.jpg,LEAF_BLIGHT,train
data/durian/kaggle_durian_leaf_disease_dataset/images/train__LEAF_BLIGHT__to_label_3065.jpg,LEAF_BLIGHT,train
data/durian/kaggle_durian_leaf_disease_dataset/images/train__LEAF_BLIGHT__to_label_3066.jpg,LEAF_BLIGHT,train
data/durian/kaggle_durian_leaf_disease_dataset/images/train__LEAF_BLIGHT__to_label_3067.jpg,LEAF_BLIGHT,train
data/durian/kaggle_durian_leaf_disease_dataset/images/train__LEAF_BLIGHT__to_label_3069.jpg,LEAF_BLIGHT,train
data/durian/kaggle_durian_leaf_disease_dataset/images/train__LEAF_BLIGHT__to_label_3070.jpg,LEAF_BLIGHT,train
data/durian/kaggle_durian_leaf_disease_dataset/images/train__LEAF_BLIGHT__to_label_3071.jpg,LEAF_BLIGHT,train
data/durian/kaggle_durian_leaf_disease_dataset/images/train__LEAF_BLIGHT__to_label_3072.jpg,LEAF_BLIGHT,train
data/durian/kaggle_durian_leaf_disease_dataset/images/train__LEAF_BLIGHT__to_label_3073.jpg,LEAF_BLIGHT,train
data/durian/kaggle_durian_leaf_disease_dataset/images/train__LEAF_BLIGHT__to_label_3074.jpg,LEAF_BLIGHT,train
data/durian/kaggle_durian_leaf_disease_dataset/images/train__LEAF_BLIGHT__to_label_3075.jpg,LEAF_BLIGHT,train
data/durian/kaggle_durian_leaf_disease_dataset/images/train__LEAF_BLIGHT__to_label_3076.jpg,LEAF_BLIGHT,train
data/durian/kaggle_durian_leaf_disease_dataset/images/train__LEAF_BLIGHT__to_label_3077.jpg,LEAF_BLIGHT,train
data/durian/kaggle_durian_leaf_disease_dataset/images/train__LEAF_BLIGHT__to_label_3078.jpg,LEAF_BLIGHT,train
data/durian/kaggle_durian_leaf_disease_dataset/images/train__LEAF_BLIGHT__to_label_3079.jpg,LEAF_BLIGHT,train
data/durian/kaggle_durian_leaf_disease_dataset/images/train__LEAF_BLIGHT__to_label_3081.jpg,LEAF_BLIGHT,train
data/durian/kaggle_durian_leaf_disease_dataset/images/train__LEAF_BLIGHT__to_label_3082.jpg,LEAF_BLIGHT,train
data/durian/kaggle_durian_leaf_disease_dataset/images/train__LEAF_BLIGHT__to_label_3083.jpg,LEAF_BLIGHT,train
data/durian/kaggle_durian_leaf_disease_dataset/images/train__LEAF_BLIGHT__to_label_3085.jpg,LEAF_BLIGHT,train
data/durian/kaggle_durian_leaf_disease_dataset/images/train__LEAF_BLIGHT__to_label_3086.jpg,LEAF_BLIGHT,train
data/durian/kaggle_durian_leaf_disease_dataset/images/train__LEAF_BLIGHT__to_label_3087.jpg,LEAF_BLIGHT,train
data/durian/kaggle_durian_leaf_disease_dataset/images/train__LEAF_BLIGHT__to_label_3088.jpg,LEAF_BLIGHT,train
data/durian/kaggle_durian_leaf_disease_dataset/images/train__LEAF_BLIGHT__to_label_3089.jpg,LEAF_BLIGHT,train
data/durian/kaggle_durian_leaf_disease_dataset/images/train__LEAF_BLIGHT__to_label_3090.jpg,LEAF_BLIGHT,train
data/durian/kaggle_durian_leaf_disease_dataset/images/train__LEAF_BLIGHT__to_label_3091.jpg,LEAF_BLIGHT,train
data/durian/kaggle_durian_leaf_disease_dataset/images/train__LEAF_BLIGHT__to_label_3092.jpg,LEAF_BLIGHT,train
data/durian/kaggle_durian_leaf_disease_dataset/images/train__LEAF_BLIGHT__to_label_3093.jpg,LEAF_BLIGHT,train
data/durian/kaggle_durian_leaf_disease_dataset/images/train__LEAF_BLIGHT__to_label_3096.jpg,LEAF_BLIGHT,train
data/durian/kaggle_durian_leaf_disease_dataset/images/train__LEAF_BLIGHT__to_label_3099.jpg,LEAF_BLIGHT,train
data/durian/kaggle_durian_leaf_disease_dataset/images/train__LEAF_BLIGHT__to_label_3100.jpg,LEAF_BLIGHT,train
data/durian/kaggle_durian_leaf_disease_dataset/images/train__LEAF_BLIGHT__to_label_3101.jpg,LEAF_BLIGHT,train
data/durian/kaggle_durian_leaf_disease_dataset/images/train__LEAF_BLIGHT__to_label_3102.jpg,LEAF_BLIGHT,train
data/durian/kaggle_durian_leaf_disease_dataset/images/train__LEAF_BLIGHT__to_label_3104.jpg,LEAF_BLIGHT,train
data/durian/kaggle_durian_leaf_disease_dataset/images/train__LEAF_BLIGHT__to_label_3105.jpg,LEAF_BLIGHT,train
data/durian/kaggle_durian_leaf_disease_dataset/images/train__LEAF_BLIGHT__to_label_3107.jpg,LEAF_BLIGHT,train
data/durian/kaggle_durian_leaf_disease_dataset/images/train__LEAF_BLIGHT__to_label_3108.jpg,LEAF_BLIGHT,train
data/durian/kaggle_durian_leaf_disease_dataset/images/train__LEAF_BLIGHT__to_label_3111.jpg,LEAF_BLIGHT,train
data/durian/kaggle_durian_leaf_disease_dataset/images/train__LEAF_BLIGHT__to_label_3113.jpg,LEAF_BLIGHT,train
data/durian/kaggle_durian_leaf_disease_dataset/images/train__LEAF_BLIGHT__to_label_3114.jpg,LEAF_BLIGHT,train
data/durian/kaggle_durian_leaf_disease_dataset/images/train__LEAF_BLIGHT__to_label_3117.jpg,LEAF_BLIGHT,train
data/durian/kaggle_durian_leaf_disease_dataset/images/train__LEAF_BLIGHT__to_label_3120.jpg,LEAF_BLIGHT,train
data/durian/kaggle_durian_leaf_disease_dataset/images/train__LEAF_BLIGHT__to_label_3121.jpg,LEAF_BLIGHT,train
data/durian/kaggle_durian_leaf_disease_dataset/images/train__LEAF_BLIGHT__to_label_3123.jpg,LEAF_BLIGHT,train
data/durian/kaggle_durian_leaf_disease_dataset/images/train__LEAF_BLIGHT__to_label_3124.jpg,LEAF_BLIGHT,train
data/durian/kaggle_durian_leaf_disease_dataset/images/train__LEAF_BLIGHT__to_label_3126.jpg,LEAF_BLIGHT,train
data/durian/kaggle_durian_leaf_disease_dataset/images/train__LEAF_BLIGHT__to_label_3127.jpg,LEAF_BLIGHT,train
data/durian/kaggle_durian_leaf_disease_dataset/images/train__LEAF_BLIGHT__to_label_3129.jpg,LEAF_BLIGHT,train
data/durian/kaggle_durian_leaf_disease_dataset/images/train__LEAF_BLIGHT__to_label_3131.jpg,LEAF_BLIGHT,train
data/durian/kaggle_durian_leaf_disease_dataset/images/train__LEAF_BLIGHT__to_label_3132.jpg,LEAF_BLIGHT,train
data/durian/kaggle_durian_leaf_disease_dataset/images/train__LEAF_BLIGHT__to_label_3134.jpg,LEAF_BLIGHT,train
data/durian/kaggle_durian_leaf_disease_dataset/images/train__LEAF_BLIGHT__to_label_3135.jpg,LEAF_BLIGHT,train
data/durian/kaggle_durian_leaf_disease_dataset/images/train__LEAF_BLIGHT__to_label_3136.jpg,LEAF_BLIGHT,train
data/durian/kaggle_durian_leaf_disease_dataset/images/train__LEAF_BLIGHT__to_label_3138.jpg,LEAF_BLIGHT,train
data/durian/kaggle_durian_leaf_disease_dataset/images/train__LEAF_BLIGHT__to_label_3140.jpg,LEAF_BLIGHT,train
data/durian/kaggle_durian_leaf_disease_dataset/images/train__LEAF_BLIGHT__to_label_3141.jpg,LEAF_BLIGHT,train
data/durian/kaggle_durian_leaf_disease_dataset/images/train__LEAF_BLIGHT__to_label_3144.jpg,LEAF_BLIGHT,train
data/durian/kaggle_durian_leaf_disease_dataset/images/train__LEAF_BLIGHT__to_label_3145.jpg,LEAF_BLIGHT,train
data/durian/kaggle_durian_leaf_disease_dataset/images/train__LEAF_BLIGHT__to_label_3146.jpg,LEAF_BLIGHT,train
data/durian/kaggle_durian_leaf_disease_dataset/images/train__LEAF_BLIGHT__to_label_3147.jpg,LEAF_BLIGHT,train
data/durian/kaggle_durian_leaf_disease_dataset/images/train__LEAF_BLIGHT__to_label_3149.jpg,LEAF_BLIGHT,train
data/durian/kaggle_durian_leaf_disease_dataset/images/train__LEAF_BLIGHT__to_label_3151.jpg,LEAF_BLIGHT,train
data/durian/kaggle_durian_leaf_disease_dataset/images/train__LEAF_BLIGHT__to_label_3152.jpg,LEAF_BLIGHT,train
data/durian/kaggle_durian_leaf_disease_dataset/images/train__LEAF_BLIGHT__to_label_3155.jpg,LEAF_BLIGHT,train
data/durian/kaggle_durian_leaf_disease_dataset/images/train__LEAF_BLIGHT__to_label_3156.jpg,LEAF_BLIGHT,train
data/durian/kaggle_durian_leaf_disease_dataset/images/train__LEAF_BLIGHT__to_label_3157.jpg,LEAF_BLIGHT,train
data/durian/kaggle_durian_leaf_disease_dataset/images/train__LEAF_BLIGHT__to_label_3158.jpg,LEAF_BLIGHT,train
data/durian/kaggle_durian_leaf_disease_dataset/images/train__LEAF_BLIGHT__to_label_3159.jpg,LEAF_BLIGHT,train
data/durian/kaggle_durian_leaf_disease_dataset/images/train__LEAF_BLIGHT__to_label_3160.jpg,LEAF_BLIGHT,train
data/durian/kaggle_durian_leaf_disease_dataset/images/train__LEAF_BLIGHT__to_label_3161.jpg,LEAF_BLIGHT,train
data/durian/kaggle_durian_leaf_disease_dataset/images/train__LEAF_BLIGHT__to_label_3162.jpg,LEAF_BLIGHT,train
data/durian/kaggle_durian_leaf_disease_dataset/images/train__LEAF_BLIGHT__to_label_3163.jpg,LEAF_BLIGHT,train
data/durian/kaggle_durian_leaf_disease_dataset/images/train__LEAF_BLIGHT__to_label_3165.jpg,LEAF_BLIGHT,train
data/durian/kaggle_durian_leaf_disease_dataset/images/train__LEAF_BLIGHT__to_label_3166.jpg,LEAF_BLIGHT,train
data/durian/kaggle_durian_leaf_disease_dataset/images/train__LEAF_BLIGHT__to_label_3167.jpg,LEAF_BLIGHT,train
data/durian/kaggle_durian_leaf_disease_dataset/images/train__LEAF_BLIGHT__to_label_3170.jpg,LEAF_BLIGHT,train
data/durian/kaggle_durian_leaf_disease_dataset/images/train__LEAF_BLIGHT__to_label_3172.jpg,LEAF_BLIGHT,train
data/durian/kaggle_durian_leaf_disease_dataset/images/train__LEAF_BLIGHT__to_label_3173.jpg,LEAF_BLIGHT,train
data/durian/kaggle_durian_leaf_disease_dataset/images/train__LEAF_BLIGHT__to_label_3174.jpg,LEAF_BLIGHT,train
data/durian/kaggle_durian_leaf_disease_dataset/images/train__LEAF_BLIGHT__to_label_3175.jpg,LEAF_BLIGHT,train
data/durian/kaggle_durian_leaf_disease_dataset/images/train__LEAF_BLIGHT__to_label_3177.jpg,LEAF_BLIGHT,train
data/durian/kaggle_durian_leaf_disease_dataset/images/train__LEAF_BLIGHT__to_label_3178.jpg,LEAF_BLIGHT,train
data/durian/kaggle_durian_leaf_disease_dataset/images/train__LEAF_BLIGHT__to_label_3179.jpg,LEAF_BLIGHT,train
data/durian/kaggle_durian_leaf_disease_dataset/images/train__LEAF_BLIGHT__to_label_3182.jpg,LEAF_BLIGHT,train
data/durian/kaggle_durian_leaf_disease_dataset/images/train__LEAF_BLIGHT__to_label_3183.jpg,LEAF_BLIGHT,train
data/durian/kaggle_durian_leaf_disease_dataset/images/train__LEAF_BLIGHT__to_label_3184.jpg,LEAF_BLIGHT,train
data/durian/kaggle_durian_leaf_disease_dataset/images/train__LEAF_BLIGHT__to_label_3185.jpg,LEAF_BLIGHT,train
data/durian/kaggle_durian_leaf_disease_dataset/images/train__LEAF_BLIGHT__to_label_3186.jpg,LEAF_BLIGHT,train
data/durian/kaggle_durian_leaf_disease_dataset/images/train__LEAF_BLIGHT__to_label_3187.jpg,LEAF_BLIGHT,train
data/durian/kaggle_durian_leaf_disease_dataset/images/train__LEAF_BLIGHT__to_label_3188.jpg,LEAF_BLIGHT,train
data/durian/kaggle_durian_leaf_disease_dataset/images/train__LEAF_BLIGHT__to_label_3189.jpg,LEAF_BLIGHT,train
data/durian/kaggle_durian_leaf_disease_dataset/images/train__LEAF_BLIGHT__to_label_3190.jpg,LEAF_BLIGHT,train
data/durian/kaggle_durian_leaf_disease_dataset/images/train__LEAF_BLIGHT__to_label_3191.jpg,LEAF_BLIGHT,train
data/durian/kaggle_durian_leaf_disease_dataset/images/train__LEAF_BLIGHT__to_label_3192.jpg,LEAF_BLIGHT,train
data/durian/kaggle_durian_leaf_disease_dataset/images/train__LEAF_BLIGHT__to_label_3194.jpg,LEAF_BLIGHT,train
data/durian/kaggle_durian_leaf_disease_dataset/images/train__LEAF_BLIGHT__to_label_3195.jpg,LEAF_BLIGHT,train
data/durian/kaggle_durian_leaf_disease_dataset/images/train__LEAF_BLIGHT__to_label_3196.jpg,LEAF_BLIGHT,train
data/durian/kaggle_durian_leaf_disease_dataset/images/train__LEAF_BLIGHT__to_label_3197.jpg,LEAF_BLIGHT,train
data/durian/kaggle_durian_leaf_disease_dataset/images/train__LEAF_BLIGHT__to_label_3198.jpg,LEAF_BLIGHT,train
data/durian/kaggle_durian_leaf_disease_dataset/images/train__LEAF_BLIGHT__to_label_3200.jpg,LEAF_BLIGHT,train
data/durian/kaggle_durian_leaf_disease_dataset/images/train__LEAF_BLIGHT__to_label_3201.jpg,LEAF_BLIGHT,train
data/durian/kaggle_durian_leaf_disease_dataset/images/train__LEAF_BLIGHT__to_label_3203.jpg,LEAF_BLIGHT,train
data/durian/kaggle_durian_leaf_disease_dataset/images/train__LEAF_BLIGHT__to_label_3205.jpg,LEAF_BLIGHT,train
data/durian/kaggle_durian_leaf_disease_dataset/images/train__LEAF_BLIGHT__to_label_3206.jpg,LEAF_BLIGHT,train
data/durian/kaggle_durian_leaf_disease_dataset/images/train__LEAF_BLIGHT__to_label_3207.jpg,LEAF_BLIGHT,train
data/durian/kaggle_durian_leaf_disease_dataset/images/train__LEAF_BLIGHT__to_label_3209.jpg,LEAF_BLIGHT,train
data/durian/kaggle_durian_leaf_disease_dataset/images/train__LEAF_BLIGHT__to_label_3210.jpg,LEAF_BLIGHT,train
data/durian/kaggle_durian_leaf_disease_dataset/images/train__LEAF_BLIGHT__to_label_3211.jpg,LEAF_BLIGHT,train
data/durian/kaggle_durian_leaf_disease_dataset/images/train__LEAF_BLIGHT__to_label_3215.jpg,LEAF_BLIGHT,train
data/durian/kaggle_durian_leaf_disease_dataset/images/train__LEAF_BLIGHT__to_label_3216.jpg,LEAF_BLIGHT,train
data/durian/kaggle_durian_leaf_disease_dataset/images/train__LEAF_BLIGHT__to_label_3219.jpg,LEAF_BLIGHT,train
data/durian/kaggle_durian_leaf_disease_dataset/images/train__LEAF_BLIGHT__to_label_3221.jpg,LEAF_BLIGHT,train
data/durian/kaggle_durian_leaf_disease_dataset/images/train__LEAF_BLIGHT__to_label_3223.jpg,LEAF_BLIGHT,train
data/durian/kaggle_durian_leaf_disease_dataset/images/train__LEAF_BLIGHT__to_label_3224.jpg,LEAF_BLIGHT,train
data/durian/kaggle_durian_leaf_disease_dataset/images/train__LEAF_BLIGHT__to_label_3225.jpg,LEAF_BLIGHT,train
data/durian/kaggle_durian_leaf_disease_dataset/images/train__LEAF_BLIGHT__to_label_3226.jpg,LEAF_BLIGHT,train
data/durian/kaggle_durian_leaf_disease_dataset/images/train__LEAF_BLIGHT__to_label_3229.jpg,LEAF_BLIGHT,train
data/durian/kaggle_durian_leaf_disease_dataset/images/train__LEAF_BLIGHT__to_label_3230.jpg,LEAF_BLIGHT,train
data/durian/kaggle_durian_leaf_disease_dataset/images/train__LEAF_BLIGHT__to_label_3231.jpg,LEAF_BLIGHT,train
data/durian/kaggle_durian_leaf_disease_dataset/images/train__LEAF_BLIGHT__to_label_3232.jpg,LEAF_BLIGHT,train
data/durian/kaggle_durian_leaf_disease_dataset/images/train__LEAF_BLIGHT__to_label_3235.jpg,LEAF_BLIGHT,train
data/durian/kaggle_durian_leaf_disease_dataset/images/train__LEAF_BLIGHT__to_label_3236.jpg,LEAF_BLIGHT,train
data/durian/kaggle_durian_leaf_disease_dataset/images/train__LEAF_BLIGHT__to_label_3237.jpg,LEAF_BLIGHT,train
data/durian/kaggle_durian_leaf_disease_dataset/images/train__LEAF_BLIGHT__to_label_3238.jpg,LEAF_BLIGHT,train
data/durian/kaggle_durian_leaf_disease_dataset/images/train__LEAF_BLIGHT__to_label_3239.jpg,LEAF_BLIGHT,train
data/durian/kaggle_durian_leaf_disease_dataset/images/train__LEAF_BLIGHT__to_label_3240.jpg,LEAF_BLIGHT,train
data/durian/kaggle_durian_leaf_disease_dataset/images/train__LEAF_BLIGHT__to_label_3241.jpg,LEAF_BLIGHT,train
data/durian/kaggle_durian_leaf_disease_dataset/images/train__LEAF_BLIGHT__to_label_3242.jpg,LEAF_BLIGHT,train
data/durian/kaggle_durian_leaf_disease_dataset/images/train__LEAF_BLIGHT__to_label_3244.jpg,LEAF_BLIGHT,train
data/durian/kaggle_durian_leaf_disease_dataset/images/train__LEAF_BLIGHT__to_label_3246.jpg,LEAF_BLIGHT,train
data/durian/kaggle_durian_leaf_disease_dataset/images/train__LEAF_BLIGHT__to_label_3247.jpg,LEAF_BLIGHT,train
data/durian/kaggle_durian_leaf_disease_dataset/images/train__LEAF_BLIGHT__to_label_3248.jpg,LEAF_BLIGHT,train
data/durian/kaggle_durian_leaf_disease_dataset/images/train__LEAF_BLIGHT__to_label_3249.jpg,LEAF_BLIGHT,train
data/durian/kaggle_durian_leaf_disease_dataset/images/train__LEAF_BLIGHT__to_label_3250.jpg,LEAF_BLIGHT,train
data/durian/kaggle_durian_leaf_disease_dataset/images/train__LEAF_BLIGHT__to_label_3251.jpg,LEAF_BLIGHT,train
data/durian/kaggle_durian_leaf_disease_dataset/images/train__LEAF_BLIGHT__to_label_3252.jpg,LEAF_BLIGHT,train
data/durian/kaggle_durian_leaf_disease_dataset/images/train__LEAF_BLIGHT__to_label_3253.jpg,LEAF_BLIGHT,train
data/durian/kaggle_durian_leaf_disease_dataset/images/train__LEAF_BLIGHT__to_label_3254.jpg,LEAF_BLIGHT,train
data/durian/kaggle_durian_leaf_disease_dataset/images/train__LEAF_BLIGHT__to_label_3255.jpg,LEAF_BLIGHT,train
data/durian/kaggle_durian_leaf_disease_dataset/images/train__LEAF_BLIGHT__to_label_3257.jpg,LEAF_BLIGHT,train
data/durian/kaggle_durian_leaf_disease_dataset/images/train__LEAF_BLIGHT__to_label_3258.jpg,LEAF_BLIGHT,train
data/durian/kaggle_durian_leaf_disease_dataset/images/train__LEAF_BLIGHT__to_label_3259.jpg,LEAF_BLIGHT,train
data/durian/kaggle_durian_leaf_disease_dataset/images/train__LEAF_BLIGHT__to_label_3260.jpg,LEAF_BLIGHT,train
data/durian/kaggle_durian_leaf_disease_dataset/images/train__LEAF_BLIGHT__to_label_3262.jpg,LEAF_BLIGHT,train
data/durian/kaggle_durian_leaf_disease_dataset/images/train__LEAF_BLIGHT__to_label_3263.jpg,LEAF_BLIGHT,train
data/durian/kaggle_durian_leaf_disease_dataset/images/train__LEAF_BLIGHT__to_label_3264.jpg,LEAF_BLIGHT,train
data/durian/kaggle_durian_leaf_disease_dataset/images/train__LEAF_BLIGHT__to_label_3265.jpg,LEAF_BLIGHT,train
data/durian/kaggle_durian_leaf_disease_dataset/images/train__LEAF_BLIGHT__to_label_3266.jpg,LEAF_BLIGHT,train
data/durian/kaggle_durian_leaf_disease_dataset/images/train__LEAF_BLIGHT__to_label_3269.jpg,LEAF_BLIGHT,train
data/durian/kaggle_durian_leaf_disease_dataset/images/train__LEAF_BLIGHT__to_label_3271.jpg,LEAF_BLIGHT,train
data/durian/kaggle_durian_leaf_disease_dataset/images/train__LEAF_BLIGHT__to_label_3272.jpg,LEAF_BLIGHT,train
data/durian/kaggle_durian_leaf_disease_dataset/images/train__LEAF_BLIGHT__to_label_3274.jpg,LEAF_BLIGHT,train
data/durian/kaggle_durian_leaf_disease_dataset/images/train__LEAF_BLIGHT__to_label_3276.jpg,LEAF_BLIGHT,train
data/durian/kaggle_durian_leaf_disease_dataset/images/train__LEAF_BLIGHT__to_label_3277.jpg,LEAF_BLIGHT,train
data/durian/kaggle_durian_leaf_disease_dataset/images/train__LEAF_BLIGHT__to_label_3278.jpg,LEAF_BLIGHT,train
data/durian/kaggle_durian_leaf_disease_dataset/images/train__LEAF_BLIGHT__to_label_3280.jpg,LEAF_BLIGHT,train
data/durian/kaggle_durian_leaf_disease_dataset/images/train__LEAF_BLIGHT__to_label_3284.jpg,LEAF_BLIGHT,train
data/durian/kaggle_durian_leaf_disease_dataset/images/train__LEAF_BLIGHT__to_label_3286.jpg,LEAF_BLIGHT,train
data/durian/kaggle_durian_leaf_disease_dataset/images/train__LEAF_BLIGHT__to_label_3289.jpg,LEAF_BLIGHT,train
data/durian/kaggle_durian_leaf_disease_dataset/images/train__LEAF_BLIGHT__to_label_3290.jpg,LEAF_BLIGHT,train
data/durian/kaggle_durian_leaf_disease_dataset/images/train__LEAF_BLIGHT__to_label_3291.jpg,LEAF_BLIGHT,train
data/durian/kaggle_durian_leaf_disease_dataset/images/train__LEAF_BLIGHT__to_label_3293.jpg,LEAF_BLIGHT,train
data/durian/kaggle_durian_leaf_disease_dataset/images/train__LEAF_BLIGHT__to_label_3294.jpg,LEAF_BLIGHT,train
data/durian/kaggle_durian_leaf_disease_dataset/images/train__LEAF_BLIGHT__to_label_3295.jpg,LEAF_BLIGHT,train
data/durian/kaggle_durian_leaf_disease_dataset/images/train__LEAF_BLIGHT__to_label_3296.jpg,LEAF_BLIGHT,train
data/durian/kaggle_durian_leaf_disease_dataset/images/train__LEAF_BLIGHT__to_label_3298.jpg,LEAF_BLIGHT,train
data/durian/kaggle_durian_leaf_disease_dataset/images/train__LEAF_BLIGHT__to_label_3299.jpg,LEAF_BLIGHT,train
data/durian/kaggle_durian_leaf_disease_dataset/images/train__LEAF_BLIGHT__to_label_3300.jpg,LEAF_BLIGHT,train
data/durian/kaggle_durian_leaf_disease_dataset/images/train__LEAF_BLIGHT__to_label_3303.jpg,LEAF_BLIGHT,train
data/durian/kaggle_durian_leaf_disease_dataset/images/train__LEAF_BLIGHT__to_label_3305.jpg,LEAF_BLIGHT,train
data/durian/kaggle_durian_leaf_disease_dataset/images/train__LEAF_BLIGHT__to_label_3307.jpg,LEAF_BLIGHT,train
data/durian/kaggle_durian_leaf_disease_dataset/images/train__LEAF_BLIGHT__to_label_3308.jpg,LEAF_BLIGHT,train
data/durian/kaggle_durian_leaf_disease_dataset/images/train__LEAF_BLIGHT__to_label_3309.jpg,LEAF_BLIGHT,train
data/durian/kaggle_durian_leaf_disease_dataset/images/train__LEAF_BLIGHT__to_label_3310.jpg,LEAF_BLIGHT,train
data/durian/kaggle_durian_leaf_disease_dataset/images/train__LEAF_BLIGHT__to_label_3311.jpg,LEAF_BLIGHT,train
data/durian/kaggle_durian_leaf_disease_dataset/images/train__LEAF_BLIGHT__to_label_3313.jpg,LEAF_BLIGHT,train
data/durian/kaggle_durian_leaf_disease_dataset/images/train__LEAF_BLIGHT__to_label_3315.jpg,LEAF_BLIGHT,train
data/durian/kaggle_durian_leaf_disease_dataset/images/train__LEAF_BLIGHT__to_label_3316.jpg,LEAF_BLIGHT,train
data/durian/kaggle_durian_leaf_disease_dataset/images/train__LEAF_BLIGHT__to_label_3317.jpg,LEAF_BLIGHT,train
data/durian/kaggle_durian_leaf_disease_dataset/images/train__LEAF_BLIGHT__to_label_3318.jpg,LEAF_BLIGHT,train
data/durian/kaggle_durian_leaf_disease_dataset/images/train__LEAF_BLIGHT__to_label_3321.jpg,LEAF_BLIGHT,train
data/durian/kaggle_durian_leaf_disease_dataset/images/train__LEAF_BLIGHT__to_label_3322.jpg,LEAF_BLIGHT,train
data/durian/kaggle_durian_leaf_disease_dataset/images/train__LEAF_BLIGHT__to_label_3323.jpg,LEAF_BLIGHT,train
data/durian/kaggle_durian_leaf_disease_dataset/images/train__LEAF_BLIGHT__to_label_3324.jpg,LEAF_BLIGHT,train
data/durian/kaggle_durian_leaf_disease_dataset/images/train__LEAF_BLIGHT__to_label_3325.jpg,LEAF_BLIGHT,train
data/durian/kaggle_durian_leaf_disease_dataset/images/train__LEAF_BLIGHT__to_label_3326.jpg,LEAF_BLIGHT,train
data/durian/kaggle_durian_leaf_disease_dataset/images/train__LEAF_BLIGHT__to_label_3327.jpg,LEAF_BLIGHT,train
data/durian/kaggle_durian_leaf_disease_dataset/images/train__LEAF_BLIGHT__to_label_3328.jpg,LEAF_BLIGHT,train
data/durian/kaggle_durian_leaf_disease_dataset/images/train__LEAF_BLIGHT__to_label_3330.jpg,LEAF_BLIGHT,train
data/durian/kaggle_durian_leaf_disease_dataset/images/train__LEAF_BLIGHT__to_label_3331.jpg,LEAF_BLIGHT,train
data/durian/kaggle_durian_leaf_disease_dataset/images/train__LEAF_BLIGHT__to_label_3332.jpg,LEAF_BLIGHT,train
data/durian/kaggle_durian_leaf_disease_dataset/images/train__LEAF_BLIGHT__to_label_3333.jpg,LEAF_BLIGHT,train
data/durian/kaggle_durian_leaf_disease_dataset/images/train__LEAF_BLIGHT__to_label_3334.jpg,LEAF_BLIGHT,train
data/durian/kaggle_durian_leaf_disease_dataset/images/train__LEAF_BLIGHT__to_label_3335.jpg,LEAF_BLIGHT,train
data/durian/kaggle_durian_leaf_disease_dataset/images/train__LEAF_BLIGHT__to_label_3338.jpg,LEAF_BLIGHT,train
data/durian/kaggle_durian_leaf_disease_dataset/images/train__LEAF_BLIGHT__to_label_3339.jpg,LEAF_BLIGHT,train
data/durian/kaggle_durian_leaf_disease_dataset/images/train__LEAF_BLIGHT__to_label_3340.jpg,LEAF_BLIGHT,train
data/durian/kaggle_durian_leaf_disease_dataset/images/train__LEAF_BLIGHT__to_label_3341.jpg,LEAF_BLIGHT,train
data/durian/kaggle_durian_leaf_disease_dataset/images/train__LEAF_BLIGHT__to_label_3343.jpg,LEAF_BLIGHT,train
data/durian/kaggle_durian_leaf_disease_dataset/images/train__LEAF_BLIGHT__to_label_3345.jpg,LEAF_BLIGHT,train
data/durian/kaggle_durian_leaf_disease_dataset/images/train__LEAF_BLIGHT__to_label_3346.jpg,LEAF_BLIGHT,train
data/durian/kaggle_durian_leaf_disease_dataset/images/train__LEAF_BLIGHT__to_label_3347.jpg,LEAF_BLIGHT,train
data/durian/kaggle_durian_leaf_disease_dataset/images/train__LEAF_BLIGHT__to_label_3348.jpg,LEAF_BLIGHT,train
data/durian/kaggle_durian_leaf_disease_dataset/images/train__LEAF_BLIGHT__to_label_3349.jpg,LEAF_BLIGHT,train
data/durian/kaggle_durian_leaf_disease_dataset/images/train__LEAF_BLIGHT__to_label_3350.jpg,LEAF_BLIGHT,train
data/durian/kaggle_durian_leaf_disease_dataset/images/train__LEAF_BLIGHT__to_label_3351.jpg,LEAF_BLIGHT,train
data/durian/kaggle_durian_leaf_disease_dataset/images/train__LEAF_BLIGHT__to_label_3354.jpg,LEAF_BLIGHT,train
data/durian/kaggle_durian_leaf_disease_dataset/images/train__LEAF_BLIGHT__to_label_3357.jpg,LEAF_BLIGHT,train
data/durian/kaggle_durian_leaf_disease_dataset/images/train__LEAF_BLIGHT__to_label_3358.jpg,LEAF_BLIGHT,train
data/durian/kaggle_durian_leaf_disease_dataset/images/train__LEAF_BLIGHT__to_label_3359.jpg,LEAF_BLIGHT,train
data/durian/kaggle_durian_leaf_disease_dataset/images/train__LEAF_BLIGHT__to_label_3360.jpg,LEAF_BLIGHT,train
data/durian/kaggle_durian_leaf_disease_dataset/images/train__LEAF_BLIGHT__to_label_3361.jpg,LEAF_BLIGHT,train
data/durian/kaggle_durian_leaf_disease_dataset/images/train__LEAF_BLIGHT__to_label_3362.jpg,LEAF_BLIGHT,train
data/durian/kaggle_durian_leaf_disease_dataset/images/train__LEAF_BLIGHT__to_label_3363.jpg,LEAF_BLIGHT,train
data/durian/kaggle_durian_leaf_disease_dataset/images/train__LEAF_BLIGHT__to_label_3364.jpg,LEAF_BLIGHT,train
data/durian/kaggle_durian_leaf_disease_dataset/images/train__LEAF_BLIGHT__to_label_3367.jpg,LEAF_BLIGHT,train
data/durian/kaggle_durian_leaf_disease_dataset/images/train__LEAF_BLIGHT__to_label_3369.jpg,LEAF_BLIGHT,train
data/durian/kaggle_durian_leaf_disease_dataset/images/train__LEAF_BLIGHT__to_label_3370.jpg,LEAF_BLIGHT,train
data/durian/kaggle_durian_leaf_disease_dataset/images/train__LEAF_BLIGHT__to_label_3372.jpg,LEAF_BLIGHT,train
data/durian/kaggle_durian_leaf_disease_dataset/images/train__LEAF_BLIGHT__to_label_3373.jpg,LEAF_BLIGHT,train
data/durian/kaggle_durian_leaf_disease_dataset/images/train__LEAF_BLIGHT__to_label_3375.jpg,LEAF_BLIGHT,train
data/durian/kaggle_durian_leaf_disease_dataset/images/train__LEAF_BLIGHT__to_label_3376.jpg,LEAF_BLIGHT,train
data/durian/kaggle_durian_leaf_disease_dataset/images/train__LEAF_BLIGHT__to_label_3377.jpg,LEAF_BLIGHT,train
data/durian/kaggle_durian_leaf_disease_dataset/images/train__LEAF_BLIGHT__to_label_3379.jpg,LEAF_BLIGHT,train
data/durian/kaggle_durian_leaf_disease_dataset/images/train__LEAF_BLIGHT__to_label_3380.jpg,LEAF_BLIGHT,train
data/durian/kaggle_durian_leaf_disease_dataset/images/train__LEAF_BLIGHT__to_label_3381.jpg,LEAF_BLIGHT,train
data/durian/kaggle_durian_leaf_disease_dataset/images/train__LEAF_BLIGHT__to_label_3382.jpg,LEAF_BLIGHT,train
data/durian/kaggle_durian_leaf_disease_dataset/images/train__LEAF_BLIGHT__to_label_3384.jpg,LEAF_BLIGHT,train
data/durian/kaggle_durian_leaf_disease_dataset/images/train__LEAF_BLIGHT__to_label_3385.jpg,LEAF_BLIGHT,train
data/durian/kaggle_durian_leaf_disease_dataset/images/train__LEAF_BLIGHT__to_label_3386.jpg,LEAF_BLIGHT,train
data/durian/kaggle_durian_leaf_disease_dataset/images/train__LEAF_BLIGHT__to_label_3387.jpg,LEAF_BLIGHT,train
data/durian/kaggle_durian_leaf_disease_dataset/images/train__LEAF_BLIGHT__to_label_3388.jpg,LEAF_BLIGHT,train
data/durian/kaggle_durian_leaf_disease_dataset/images/train__LEAF_BLIGHT__to_label_3390.jpg,LEAF_BLIGHT,train
data/durian/kaggle_durian_leaf_disease_dataset/images/train__LEAF_BLIGHT__to_label_3391.jpg,LEAF_BLIGHT,train
data/durian/kaggle_durian_leaf_disease_dataset/images/train__LEAF_BLIGHT__to_label_3392.jpg,LEAF_BLIGHT,train
data/durian/kaggle_durian_leaf_disease_dataset/images/train__LEAF_BLIGHT__to_label_3394.jpg,LEAF_BLIGHT,train
data/durian/kaggle_durian_leaf_disease_dataset/images/train__LEAF_BLIGHT__to_label_3395.jpg,LEAF_BLIGHT,train
data/durian/kaggle_durian_leaf_disease_dataset/images/train__LEAF_BLIGHT__to_label_3396.jpg,LEAF_BLIGHT,train
data/durian/kaggle_durian_leaf_disease_dataset/images/train__LEAF_BLIGHT__to_label_3397.jpg,LEAF_BLIGHT,train
data/durian/kaggle_durian_leaf_disease_dataset/images/train__LEAF_BLIGHT__to_label_3398.jpg,LEAF_BLIGHT,train
data/durian/kaggle_durian_leaf_disease_dataset/images/train__LEAF_BLIGHT__to_label_3399.jpg,LEAF_BLIGHT,train
data/durian/kaggle_durian_leaf_disease_dataset/images/train__LEAF_BLIGHT__to_label_3401.jpg,LEAF_BLIGHT,train
data/durian/kaggle_durian_leaf_disease_dataset/images/train__LEAF_BLIGHT__to_label_3403.jpg,LEAF_BLIGHT,train
data/durian/kaggle_durian_leaf_disease_dataset/images/train__LEAF_BLIGHT__to_label_3404.jpg,LEAF_BLIGHT,train
data/durian/kaggle_durian_leaf_disease_dataset/images/train__LEAF_BLIGHT__to_label_3405.jpg,LEAF_BLIGHT,train
data/durian/kaggle_durian_leaf_disease_dataset/images/train__LEAF_BLIGHT__to_label_3406.jpg,LEAF_BLIGHT,train
data/durian/kaggle_durian_leaf_disease_dataset/images/train__LEAF_BLIGHT__to_label_3407.jpg,LEAF_BLIGHT,train
data/durian/kaggle_durian_leaf_disease_dataset/images/train__LEAF_BLIGHT__to_label_3408.jpg,LEAF_BLIGHT,train
data/durian/kaggle_durian_leaf_disease_dataset/images/train__LEAF_BLIGHT__to_label_3410.jpg,LEAF_BLIGHT,train
data/durian/kaggle_durian_leaf_disease_dataset/images/train__LEAF_BLIGHT__to_label_3411.jpg,LEAF_BLIGHT,train
data/durian/kaggle_durian_leaf_disease_dataset/images/train__LEAF_BLIGHT__to_label_3412.jpg,LEAF_BLIGHT,train
data/durian/kaggle_durian_leaf_disease_dataset/images/train__LEAF_BLIGHT__to_label_3413.jpg,LEAF_BLIGHT,train
data/durian/kaggle_durian_leaf_disease_dataset/images/train__LEAF_BLIGHT__to_label_3415.jpg,LEAF_BLIGHT,train
data/durian/kaggle_durian_leaf_disease_dataset/images/train__LEAF_BLIGHT__to_label_3417.jpg,LEAF_BLIGHT,train
data/durian/kaggle_durian_leaf_disease_dataset/images/train__LEAF_BLIGHT__to_label_3418.jpg,LEAF_BLIGHT,train
data/durian/kaggle_durian_leaf_disease_dataset/images/train__LEAF_BLIGHT__to_label_3419.jpg,LEAF_BLIGHT,train
data/durian/kaggle_durian_leaf_disease_dataset/images/train__LEAF_BLIGHT__to_label_3420.jpg,LEAF_BLIGHT,train
data/durian/kaggle_durian_leaf_disease_dataset/images/train__LEAF_BLIGHT__to_label_3421.jpg,LEAF_BLIGHT,train
data/durian/kaggle_durian_leaf_disease_dataset/images/train__LEAF_BLIGHT__to_label_3423.jpg,LEAF_BLIGHT,train
data/durian/kaggle_durian_leaf_disease_dataset/images/train__LEAF_BLIGHT__to_label_3424.jpg,LEAF_BLIGHT,train
data/durian/kaggle_durian_leaf_disease_dataset/images/train__LEAF_BLIGHT__to_label_3425.jpg,LEAF_BLIGHT,train
data/durian/kaggle_durian_leaf_disease_dataset/images/train__LEAF_BLIGHT__to_label_3426.jpg,LEAF_BLIGHT,train
data/durian/kaggle_durian_leaf_disease_dataset/images/train__LEAF_BLIGHT__to_label_3428.jpg,LEAF_BLIGHT,train
data/durian/kaggle_durian_leaf_disease_dataset/images/train__LEAF_BLIGHT__to_label_3430.jpg,LEAF_BLIGHT,train
data/durian/kaggle_durian_leaf_disease_dataset/images/train__LEAF_BLIGHT__to_label_3432.jpg,LEAF_BLIGHT,train
data/durian/kaggle_durian_leaf_disease_dataset/images/train__LEAF_BLIGHT__to_label_3433.jpg,LEAF_BLIGHT,train
data/durian/kaggle_durian_leaf_disease_dataset/images/train__LEAF_BLIGHT__to_label_3434.jpg,LEAF_BLIGHT,train
data/durian/kaggle_durian_leaf_disease_dataset/images/train__LEAF_BLIGHT__to_label_3437.jpg,LEAF_BLIGHT,train
data/durian/kaggle_durian_leaf_disease_dataset/images/train__LEAF_BLIGHT__to_label_3439.jpg,LEAF_BLIGHT,train
data/durian/kaggle_durian_leaf_disease_dataset/images/train__LEAF_BLIGHT__to_label_3440.jpg,LEAF_BLIGHT,train
data/durian/kaggle_durian_leaf_disease_dataset/images/train__LEAF_BLIGHT__to_label_3441.jpg,LEAF_BLIGHT,train
data/durian/kaggle_durian_leaf_disease_dataset/images/train__LEAF_BLIGHT__to_label_3442.jpg,LEAF_BLIGHT,train
data/durian/kaggle_durian_leaf_disease_dataset/images/train__LEAF_BLIGHT__to_label_3443.jpg,LEAF_BLIGHT,train
data/durian/kaggle_durian_leaf_disease_dataset/images/train__LEAF_BLIGHT__to_label_3445.jpg,LEAF_BLIGHT,train
data/durian/kaggle_durian_leaf_disease_dataset/images/train__LEAF_BLIGHT__to_label_3447.jpg,LEAF_BLIGHT,train
data/durian/kaggle_durian_leaf_disease_dataset/images/train__LEAF_BLIGHT__to_label_3449.jpg,LEAF_BLIGHT,train
data/durian/kaggle_durian_leaf_disease_dataset/images/train__LEAF_BLIGHT__to_label_3450.jpg,LEAF_BLIGHT,train
data/durian/kaggle_durian_leaf_disease_dataset/images/train__LEAF_BLIGHT__to_label_3451.jpg,LEAF_BLIGHT,train
data/durian/kaggle_durian_leaf_disease_dataset/images/train__LEAF_BLIGHT__to_label_3452.jpg,LEAF_BLIGHT,train
data/durian/kaggle_durian_leaf_disease_dataset/images/train__LEAF_BLIGHT__to_label_3454.jpg,LEAF_BLIGHT,train
data/durian/kaggle_durian_leaf_disease_dataset/images/train__LEAF_BLIGHT__to_label_3455.jpg,LEAF_BLIGHT,train
data/durian/kaggle_durian_leaf_disease_dataset/images/train__LEAF_BLIGHT__to_label_3456.jpg,LEAF_BLIGHT,train
data/durian/kaggle_durian_leaf_disease_dataset/images/train__LEAF_BLIGHT__to_label_3457.jpg,LEAF_BLIGHT,train
data/durian/kaggle_durian_leaf_disease_dataset/images/train__LEAF_BLIGHT__to_label_3458.jpg,LEAF_BLIGHT,train
data/durian/kaggle_durian_leaf_disease_dataset/images/train__LEAF_BLIGHT__to_label_3461.jpg,LEAF_BLIGHT,train
data/durian/kaggle_durian_leaf_disease_dataset/images/train__LEAF_BLIGHT__to_label_3462.jpg,LEAF_BLIGHT,train
data/durian/kaggle_durian_leaf_disease_dataset/images/train__LEAF_BLIGHT__to_label_3463.jpg,LEAF_BLIGHT,train
data/durian/kaggle_durian_leaf_disease_dataset/images/train__LEAF_BLIGHT__to_label_3464.jpg,LEAF_BLIGHT,train
data/durian/kaggle_durian_leaf_disease_dataset/images/train__LEAF_BLIGHT__to_label_3465.jpg,LEAF_BLIGHT,train
data/durian/kaggle_durian_leaf_disease_dataset/images/train__LEAF_BLIGHT__to_label_3466.jpg,LEAF_BLIGHT,train
data/durian/kaggle_durian_leaf_disease_dataset/images/train__LEAF_BLIGHT__to_label_3467.jpg,LEAF_BLIGHT,train
data/durian/kaggle_durian_leaf_disease_dataset/images/train__LEAF_BLIGHT__to_label_3468.jpg,LEAF_BLIGHT,train
data/durian/kaggle_durian_leaf_disease_dataset/images/train__LEAF_BLIGHT__to_label_3469.jpg,LEAF_BLIGHT,train
data/durian/kaggle_durian_leaf_disease_dataset/images/train__LEAF_BLIGHT__to_label_3470.jpg,LEAF_BLIGHT,train
data/durian/kaggle_durian_leaf_disease_dataset/images/train__LEAF_BLIGHT__to_label_3471.jpg,LEAF_BLIGHT,train
data/durian/kaggle_durian_leaf_disease_dataset/images/train__LEAF_BLIGHT__to_label_3472.jpg,LEAF_BLIGHT,train
data/durian/kaggle_durian_leaf_disease_dataset/images/train__LEAF_BLIGHT__to_label_3474.jpg,LEAF_BLIGHT,train
data/durian/kaggle_durian_leaf_disease_dataset/images/train__LEAF_BLIGHT__to_label_3475.jpg,LEAF_BLIGHT,train
data/durian/kaggle_durian_leaf_disease_dataset/images/train__LEAF_BLIGHT__to_label_3477.jpg,LEAF_BLIGHT,train
data/durian/kaggle_durian_leaf_disease_dataset/images/train__LEAF_BLIGHT__to_label_3478.jpg,LEAF_BLIGHT,train
data/durian/kaggle_durian_leaf_disease_dataset/images/train__LEAF_BLIGHT__to_label_3479.jpg,LEAF_BLIGHT,train
data/durian/kaggle_durian_leaf_disease_dataset/images/train__LEAF_BLIGHT__to_label_3480.jpg,LEAF_BLIGHT,train
data/durian/kaggle_durian_leaf_disease_dataset/images/train__LEAF_BLIGHT__to_label_3481.jpg,LEAF_BLIGHT,train
data/durian/kaggle_durian_leaf_disease_dataset/images/train__LEAF_BLIGHT__to_label_3482.jpg,LEAF_BLIGHT,train
data/durian/kaggle_durian_leaf_disease_dataset/images/train__LEAF_BLIGHT__to_label_3483.jpg,LEAF_BLIGHT,train
data/durian/kaggle_durian_leaf_disease_dataset/images/train__LEAF_BLIGHT__to_label_3484.jpg,LEAF_BLIGHT,train
data/durian/kaggle_durian_leaf_disease_dataset/images/train__LEAF_BLIGHT__to_label_3485.jpg,LEAF_BLIGHT,train
data/durian/kaggle_durian_leaf_disease_dataset/images/train__LEAF_BLIGHT__to_label_3487.jpg,LEAF_BLIGHT,train
data/durian/kaggle_durian_leaf_disease_dataset/images/train__LEAF_BLIGHT__to_label_3488.jpg,LEAF_BLIGHT,train
data/durian/kaggle_durian_leaf_disease_dataset/images/train__LEAF_BLIGHT__to_label_3491.jpg,LEAF_BLIGHT,train
data/durian/kaggle_durian_leaf_disease_dataset/images/train__LEAF_BLIGHT__to_label_3494.jpg,LEAF_BLIGHT,train
data/durian/kaggle_durian_leaf_disease_dataset/images/train__LEAF_BLIGHT__to_label_3496.jpg,LEAF_BLIGHT,train
data/durian/kaggle_durian_leaf_disease_dataset/images/train__LEAF_BLIGHT__to_label_3498.jpg,LEAF_BLIGHT,train
data/durian/kaggle_durian_leaf_disease_dataset/images/train__LEAF_BLIGHT__to_label_3499.jpg,LEAF_BLIGHT,train
data/durian/kaggle_durian_leaf_disease_dataset/images/train__LEAF_BLIGHT__to_label_3500.jpg,LEAF_BLIGHT,train
data/durian/kaggle_durian_leaf_disease_dataset/images/train__LEAF_BLIGHT__to_label_3501.jpg,LEAF_BLIGHT,train
data/durian/kaggle_durian_leaf_disease_dataset/images/train__LEAF_BLIGHT__to_label_3503.jpg,LEAF_BLIGHT,train
data/durian/kaggle_durian_leaf_disease_dataset/images/train__LEAF_BLIGHT__to_label_3504.jpg,LEAF_BLIGHT,train
data/durian/kaggle_durian_leaf_disease_dataset/images/train__LEAF_BLIGHT__to_label_3506.jpg,LEAF_BLIGHT,train
data/durian/kaggle_durian_leaf_disease_dataset/images/train__LEAF_BLIGHT__to_label_3507.jpg,LEAF_BLIGHT,train
data/durian/kaggle_durian_leaf_disease_dataset/images/train__LEAF_BLIGHT__to_label_3508.jpg,LEAF_BLIGHT,train
data/durian/kaggle_durian_leaf_disease_dataset/images/train__LEAF_BLIGHT__to_label_3510.jpg,LEAF_BLIGHT,train
data/durian/kaggle_durian_leaf_disease_dataset/images/train__LEAF_BLIGHT__to_label_3512.jpg,LEAF_BLIGHT,train
data/durian/kaggle_durian_leaf_disease_dataset/images/train__LEAF_BLIGHT__to_label_3513.jpg,LEAF_BLIGHT,train
data/durian/kaggle_durian_leaf_disease_dataset/images/train__LEAF_BLIGHT__to_label_3514.jpg,LEAF_BLIGHT,train
data/durian/kaggle_durian_leaf_disease_dataset/images/train__LEAF_BLIGHT__to_label_3515.jpg,LEAF_BLIGHT,train
data/durian/kaggle_durian_leaf_disease_dataset/images/train__LEAF_BLIGHT__to_label_3516.jpg,LEAF_BLIGHT,train
data/durian/kaggle_durian_leaf_disease_dataset/images/train__LEAF_BLIGHT__to_label_3517.jpg,LEAF_BLIGHT,train
data/durian/kaggle_durian_leaf_disease_dataset/images/train__LEAF_BLIGHT__to_label_3522.jpg,LEAF_BLIGHT,train
data/durian/kaggle_durian_leaf_disease_dataset/images/train__LEAF_BLIGHT__to_label_3523.jpg,LEAF_BLIGHT,train
data/durian/kaggle_durian_leaf_disease_dataset/images/train__LEAF_BLIGHT__to_label_3524.jpg,LEAF_BLIGHT,train
data/durian/kaggle_durian_leaf_disease_dataset/images/train__LEAF_BLIGHT__to_label_3525.jpg,LEAF_BLIGHT,train
data/durian/kaggle_durian_leaf_disease_dataset/images/train__LEAF_BLIGHT__to_label_3526.jpg,LEAF_BLIGHT,train
data/durian/kaggle_durian_leaf_disease_dataset/images/train__LEAF_BLIGHT__to_label_3527.jpg,LEAF_BLIGHT,train
data/durian/kaggle_durian_leaf_disease_dataset/images/train__LEAF_BLIGHT__to_label_3529.jpg,LEAF_BLIGHT,train
data/durian/kaggle_durian_leaf_disease_dataset/images/train__LEAF_BLIGHT__to_label_3531.jpg,LEAF_BLIGHT,train
data/durian/kaggle_durian_leaf_disease_dataset/images/train__LEAF_BLIGHT__to_label_3532.jpg,LEAF_BLIGHT,train
data/durian/kaggle_durian_leaf_disease_dataset/images/train__LEAF_BLIGHT__to_label_3534.jpg,LEAF_BLIGHT,train
data/durian/kaggle_durian_leaf_disease_dataset/images/train__LEAF_BLIGHT__to_label_3535.jpg,LEAF_BLIGHT,train
data/durian/kaggle_durian_leaf_disease_dataset/images/train__LEAF_BLIGHT__to_label_3538.jpg,LEAF_BLIGHT,train
data/durian/kaggle_durian_leaf_disease_dataset/images/train__LEAF_BLIGHT__to_label_3539.jpg,LEAF_BLIGHT,train
data/durian/kaggle_durian_leaf_disease_dataset/images/train__LEAF_BLIGHT__to_label_3540.jpg,LEAF_BLIGHT,train
data/durian/kaggle_durian_leaf_disease_dataset/images/train__LEAF_BLIGHT__to_label_3541.jpg,LEAF_BLIGHT,train
data/durian/kaggle_durian_leaf_disease_dataset/images/train__LEAF_BLIGHT__to_label_3542.jpg,LEAF_BLIGHT,train
data/durian/kaggle_durian_leaf_disease_dataset/images/train__LEAF_BLIGHT__to_label_3543.jpg,LEAF_BLIGHT,train
data/durian/kaggle_durian_leaf_disease_dataset/images/train__LEAF_BLIGHT__to_label_3544.jpg,LEAF_BLIGHT,train
data/durian/kaggle_durian_leaf_disease_dataset/images/train__LEAF_BLIGHT__to_label_3545.jpg,LEAF_BLIGHT,train
data/durian/kaggle_durian_leaf_disease_dataset/images/train__LEAF_BLIGHT__to_label_3546.jpg,LEAF_BLIGHT,train
data/durian/kaggle_durian_leaf_disease_dataset/images/train__LEAF_BLIGHT__to_label_3547.jpg,LEAF_BLIGHT,train
data/durian/kaggle_durian_leaf_disease_dataset/images/train__LEAF_BLIGHT__to_label_3550.jpg,LEAF_BLIGHT,train
data/durian/kaggle_durian_leaf_disease_dataset/images/train__LEAF_BLIGHT__to_label_3552.jpg,LEAF_BLIGHT,train
data/durian/kaggle_durian_leaf_disease_dataset/images/train__LEAF_BLIGHT__to_label_3553.jpg,LEAF_BLIGHT,train
data/durian/kaggle_durian_leaf_disease_dataset/images/train__LEAF_BLIGHT__to_label_3554.jpg,LEAF_BLIGHT,train
data/durian/kaggle_durian_leaf_disease_dataset/images/train__LEAF_BLIGHT__to_label_3555.jpg,LEAF_BLIGHT,train
data/durian/kaggle_durian_leaf_disease_dataset/images/train__LEAF_BLIGHT__to_label_3556.jpg,LEAF_BLIGHT,train
data/durian/kaggle_durian_leaf_disease_dataset/images/train__LEAF_BLIGHT__to_label_3557.jpg,LEAF_BLIGHT,train
data/durian/kaggle_durian_leaf_disease_dataset/images/train__LEAF_BLIGHT__to_label_3561.jpg,LEAF_BLIGHT,train
data/durian/kaggle_durian_leaf_disease_dataset/images/train__LEAF_BLIGHT__to_label_3563.jpg,LEAF_BLIGHT,train
data/durian/kaggle_durian_leaf_disease_dataset/images/train__LEAF_BLIGHT__to_label_3566.jpg,LEAF_BLIGHT,train
data/durian/kaggle_durian_leaf_disease_dataset/images/train__LEAF_BLIGHT__to_label_3567.jpg,LEAF_BLIGHT,train
data/durian/kaggle_durian_leaf_disease_dataset/images/train__LEAF_BLIGHT__to_label_3568.jpg,LEAF_BLIGHT,train
data/durian/kaggle_durian_leaf_disease_dataset/images/train__LEAF_BLIGHT__to_label_3569.jpg,LEAF_BLIGHT,train
data/durian/kaggle_durian_leaf_disease_dataset/images/train__LEAF_BLIGHT__to_label_3571.jpg,LEAF_BLIGHT,train
data/durian/kaggle_durian_leaf_disease_dataset/images/train__LEAF_BLIGHT__to_label_3574.jpg,LEAF_BLIGHT,train
data/durian/kaggle_durian_leaf_disease_dataset/images/train__LEAF_BLIGHT__to_label_3575.jpg,LEAF_BLIGHT,train
data/durian/kaggle_durian_leaf_disease_dataset/images/train__LEAF_BLIGHT__to_label_3576.jpg,LEAF_BLIGHT,train
data/durian/kaggle_durian_leaf_disease_dataset/images/train__LEAF_BLIGHT__to_label_3577.jpg,LEAF_BLIGHT,train
data/durian/kaggle_durian_leaf_disease_dataset/images/train__LEAF_BLIGHT__to_label_3581.jpg,LEAF_BLIGHT,train
data/durian/kaggle_durian_leaf_disease_dataset/images/train__LEAF_BLIGHT__to_label_3582.jpg,LEAF_BLIGHT,train
data/durian/kaggle_durian_leaf_disease_dataset/images/train__LEAF_BLIGHT__to_label_3587.jpg,LEAF_BLIGHT,train
data/durian/kaggle_durian_leaf_disease_dataset/images/train__LEAF_BLIGHT__to_label_3588.jpg,LEAF_BLIGHT,train
data/durian/kaggle_durian_leaf_disease_dataset/images/train__LEAF_BLIGHT__to_label_3589.jpg,LEAF_BLIGHT,train
data/durian/kaggle_durian_leaf_disease_dataset/images/train__LEAF_BLIGHT__to_label_3590.jpg,LEAF_BLIGHT,train
data/durian/kaggle_durian_leaf_disease_dataset/images/train__LEAF_BLIGHT__to_label_3591.jpg,LEAF_BLIGHT,train
data/durian/kaggle_durian_leaf_disease_dataset/images/train__LEAF_BLIGHT__to_label_3592.jpg,LEAF_BLIGHT,train
data/durian/kaggle_durian_leaf_disease_dataset/images/train__LEAF_BLIGHT__to_label_3593.jpg,LEAF_BLIGHT,train
data/durian/kaggle_durian_leaf_disease_dataset/images/train__LEAF_BLIGHT__to_label_3594.jpg,LEAF_BLIGHT,train
data/durian/kaggle_durian_leaf_disease_dataset/images/train__LEAF_BLIGHT__to_label_3595.jpg,LEAF_BLIGHT,train
data/durian/kaggle_durian_leaf_disease_dataset/images/train__LEAF_BLIGHT__to_label_3596.jpg,LEAF_BLIGHT,train
data/durian/kaggle_durian_leaf_disease_dataset/images/train__LEAF_BLIGHT__to_label_3599.jpg,LEAF_BLIGHT,train
data/durian/kaggle_durian_leaf_disease_dataset/images/train__LEAF_BLIGHT__to_label_3600.jpg,LEAF_BLIGHT,train
data/durian/kaggle_durian_leaf_disease_dataset/images/train__LEAF_BLIGHT__to_label_3602.jpg,LEAF_BLIGHT,train
data/durian/kaggle_durian_leaf_disease_dataset/images/train__LEAF_BLIGHT__to_label_3603.jpg,LEAF_BLIGHT,train
data/durian/kaggle_durian_leaf_disease_dataset/images/train__LEAF_BLIGHT__to_label_3604.jpg,LEAF_BLIGHT,train
data/durian/kaggle_durian_leaf_disease_dataset/images/train__LEAF_BLIGHT__to_label_3605.jpg,LEAF_BLIGHT,train
data/durian/kaggle_durian_leaf_disease_dataset/images/train__LEAF_BLIGHT__to_label_3606.jpg,LEAF_BLIGHT,train
data/durian/kaggle_durian_leaf_disease_dataset/images/train__LEAF_BLIGHT__to_label_3607.jpg,LEAF_BLIGHT,train
data/durian/kaggle_durian_leaf_disease_dataset/images/train__LEAF_BLIGHT__to_label_3609.jpg,LEAF_BLIGHT,train
data/durian/kaggle_durian_leaf_disease_dataset/images/train__LEAF_BLIGHT__to_label_3610.jpg,LEAF_BLIGHT,train
data/durian/kaggle_durian_leaf_disease_dataset/images/train__LEAF_BLIGHT__to_label_3611.jpg,LEAF_BLIGHT,train
data/durian/kaggle_durian_leaf_disease_dataset/images/train__LEAF_BLIGHT__to_label_3612.jpg,LEAF_BLIGHT,train
data/durian/kaggle_durian_leaf_disease_dataset/images/train__LEAF_BLIGHT__to_label_3613.jpg,LEAF_BLIGHT,train
data/durian/kaggle_durian_leaf_disease_dataset/images/train__LEAF_BLIGHT__to_label_3614.jpg,LEAF_BLIGHT,train
data/durian/kaggle_durian_leaf_disease_dataset/images/train__LEAF_BLIGHT__to_label_3615.jpg,LEAF_BLIGHT,train
data/durian/kaggle_durian_leaf_disease_dataset/images/train__LEAF_BLIGHT__to_label_3616.jpg,LEAF_BLIGHT,train
data/durian/kaggle_durian_leaf_disease_dataset/images/train__LEAF_BLIGHT__to_label_3619.jpg,LEAF_BLIGHT,train
data/durian/kaggle_durian_leaf_disease_dataset/images/train__LEAF_BLIGHT__to_label_3620.jpg,LEAF_BLIGHT,train
data/durian/kaggle_durian_leaf_disease_dataset/images/train__LEAF_BLIGHT__to_label_3622.jpg,LEAF_BLIGHT,train
data/durian/kaggle_durian_leaf_disease_dataset/images/train__PHOMOPSIS_LEAF_SPOT__to_label_3623.jpg,PHOMOPSIS_LEAF_SPOT,train
data/durian/kaggle_durian_leaf_disease_dataset/images/train__PHOMOPSIS_LEAF_SPOT__to_label_3624.jpg,PHOMOPSIS_LEAF_SPOT,train
data/durian/kaggle_durian_leaf_disease_dataset/images/train__PHOMOPSIS_LEAF_SPOT__to_label_3626.jpg,PHOMOPSIS_LEAF_SPOT,train
data/durian/kaggle_durian_leaf_disease_dataset/images/train__PHOMOPSIS_LEAF_SPOT__to_label_3627.jpg,PHOMOPSIS_LEAF_SPOT,train
data/durian/kaggle_durian_leaf_disease_dataset/images/train__PHOMOPSIS_LEAF_SPOT__to_label_3629.jpg,PHOMOPSIS_LEAF_SPOT,train
data/durian/kaggle_durian_leaf_disease_dataset/images/train__PHOMOPSIS_LEAF_SPOT__to_label_3631.jpg,PHOMOPSIS_LEAF_SPOT,train
data/durian/kaggle_durian_leaf_disease_dataset/images/train__PHOMOPSIS_LEAF_SPOT__to_label_3632.jpg,PHOMOPSIS_LEAF_SPOT,train
data/durian/kaggle_durian_leaf_disease_dataset/images/train__PHOMOPSIS_LEAF_SPOT__to_label_3634.jpg,PHOMOPSIS_LEAF_SPOT,train
data/durian/kaggle_durian_leaf_disease_dataset/images/train__PHOMOPSIS_LEAF_SPOT__to_label_3635.jpg,PHOMOPSIS_LEAF_SPOT,train
data/durian/kaggle_durian_leaf_disease_dataset/images/train__PHOMOPSIS_LEAF_SPOT__to_label_3636.jpg,PHOMOPSIS_LEAF_SPOT,train
data/durian/kaggle_durian_leaf_disease_dataset/images/train__PHOMOPSIS_LEAF_SPOT__to_label_3637.jpg,PHOMOPSIS_LEAF_SPOT,train
data/durian/kaggle_durian_leaf_disease_dataset/images/train__PHOMOPSIS_LEAF_SPOT__to_label_3638.jpg,PHOMOPSIS_LEAF_SPOT,train
data/durian/kaggle_durian_leaf_disease_dataset/images/train__PHOMOPSIS_LEAF_SPOT__to_label_3639.jpg,PHOMOPSIS_LEAF_SPOT,train
data/durian/kaggle_durian_leaf_disease_dataset/images/train__PHOMOPSIS_LEAF_SPOT__to_label_3640.jpg,PHOMOPSIS_LEAF_SPOT,train
data/durian/kaggle_durian_leaf_disease_dataset/images/train__PHOMOPSIS_LEAF_SPOT__to_label_3641.jpg,PHOMOPSIS_LEAF_SPOT,train
data/durian/kaggle_durian_leaf_disease_dataset/images/train__PHOMOPSIS_LEAF_SPOT__to_label_3642.jpg,PHOMOPSIS_LEAF_SPOT,train
data/durian/kaggle_durian_leaf_disease_dataset/images/train__PHOMOPSIS_LEAF_SPOT__to_label_3643.jpg,PHOMOPSIS_LEAF_SPOT,train
data/durian/kaggle_durian_leaf_disease_dataset/images/train__PHOMOPSIS_LEAF_SPOT__to_label_3644.jpg,PHOMOPSIS_LEAF_SPOT,train
data/durian/kaggle_durian_leaf_disease_dataset/images/train__PHOMOPSIS_LEAF_SPOT__to_label_3645.jpg,PHOMOPSIS_LEAF_SPOT,train
data/durian/kaggle_durian_leaf_disease_dataset/images/train__PHOMOPSIS_LEAF_SPOT__to_label_3647.jpg,PHOMOPSIS_LEAF_SPOT,train
data/durian/kaggle_durian_leaf_disease_dataset/images/train__PHOMOPSIS_LEAF_SPOT__to_label_3649.jpg,PHOMOPSIS_LEAF_SPOT,train
data/durian/kaggle_durian_leaf_disease_dataset/images/train__PHOMOPSIS_LEAF_SPOT__to_label_3650.jpg,PHOMOPSIS_LEAF_SPOT,train
data/durian/kaggle_durian_leaf_disease_dataset/images/train__PHOMOPSIS_LEAF_SPOT__to_label_3651.jpg,PHOMOPSIS_LEAF_SPOT,train
data/durian/kaggle_durian_leaf_disease_dataset/images/train__PHOMOPSIS_LEAF_SPOT__to_label_3655.jpg,PHOMOPSIS_LEAF_SPOT,train
data/durian/kaggle_durian_leaf_disease_dataset/images/train__PHOMOPSIS_LEAF_SPOT__to_label_3657.jpg,PHOMOPSIS_LEAF_SPOT,train
data/durian/kaggle_durian_leaf_disease_dataset/images/train__PHOMOPSIS_LEAF_SPOT__to_label_3658.jpg,PHOMOPSIS_LEAF_SPOT,train
data/durian/kaggle_durian_leaf_disease_dataset/images/train__PHOMOPSIS_LEAF_SPOT__to_label_3659.jpg,PHOMOPSIS_LEAF_SPOT,train
data/durian/kaggle_durian_leaf_disease_dataset/images/train__PHOMOPSIS_LEAF_SPOT__to_label_3660.jpg,PHOMOPSIS_LEAF_SPOT,train
data/durian/kaggle_durian_leaf_disease_dataset/images/train__PHOMOPSIS_LEAF_SPOT__to_label_3661.jpg,PHOMOPSIS_LEAF_SPOT,train
data/durian/kaggle_durian_leaf_disease_dataset/images/train__PHOMOPSIS_LEAF_SPOT__to_label_3663.jpg,PHOMOPSIS_LEAF_SPOT,train
data/durian/kaggle_durian_leaf_disease_dataset/images/train__PHOMOPSIS_LEAF_SPOT__to_label_3664.jpg,PHOMOPSIS_LEAF_SPOT,train
data/durian/kaggle_durian_leaf_disease_dataset/images/train__PHOMOPSIS_LEAF_SPOT__to_label_3665.jpg,PHOMOPSIS_LEAF_SPOT,train
data/durian/kaggle_durian_leaf_disease_dataset/images/train__PHOMOPSIS_LEAF_SPOT__to_label_3666.jpg,PHOMOPSIS_LEAF_SPOT,train
data/durian/kaggle_durian_leaf_disease_dataset/images/train__PHOMOPSIS_LEAF_SPOT__to_label_3668.jpg,PHOMOPSIS_LEAF_SPOT,train
data/durian/kaggle_durian_leaf_disease_dataset/images/train__PHOMOPSIS_LEAF_SPOT__to_label_3669.jpg,PHOMOPSIS_LEAF_SPOT,train
data/durian/kaggle_durian_leaf_disease_dataset/images/train__PHOMOPSIS_LEAF_SPOT__to_label_3670.jpg,PHOMOPSIS_LEAF_SPOT,train
data/durian/kaggle_durian_leaf_disease_dataset/images/train__PHOMOPSIS_LEAF_SPOT__to_label_3671.jpg,PHOMOPSIS_LEAF_SPOT,train
data/durian/kaggle_durian_leaf_disease_dataset/images/train__PHOMOPSIS_LEAF_SPOT__to_label_3673.jpg,PHOMOPSIS_LEAF_SPOT,train
data/durian/kaggle_durian_leaf_disease_dataset/images/train__PHOMOPSIS_LEAF_SPOT__to_label_3674.jpg,PHOMOPSIS_LEAF_SPOT,train
data/durian/kaggle_durian_leaf_disease_dataset/images/train__PHOMOPSIS_LEAF_SPOT__to_label_3675.jpg,PHOMOPSIS_LEAF_SPOT,train
data/durian/kaggle_durian_leaf_disease_dataset/images/train__PHOMOPSIS_LEAF_SPOT__to_label_3676.jpg,PHOMOPSIS_LEAF_SPOT,train
data/durian/kaggle_durian_leaf_disease_dataset/images/train__PHOMOPSIS_LEAF_SPOT__to_label_3679.jpg,PHOMOPSIS_LEAF_SPOT,train
data/durian/kaggle_durian_leaf_disease_dataset/images/train__PHOMOPSIS_LEAF_SPOT__to_label_3680.jpg,PHOMOPSIS_LEAF_SPOT,train
data/durian/kaggle_durian_leaf_disease_dataset/images/train__PHOMOPSIS_LEAF_SPOT__to_label_3681.jpg,PHOMOPSIS_LEAF_SPOT,train
data/durian/kaggle_durian_leaf_disease_dataset/images/train__PHOMOPSIS_LEAF_SPOT__to_label_3682.jpg,PHOMOPSIS_LEAF_SPOT,train
data/durian/kaggle_durian_leaf_disease_dataset/images/train__PHOMOPSIS_LEAF_SPOT__to_label_3684.jpg,PHOMOPSIS_LEAF_SPOT,train
data/durian/kaggle_durian_leaf_disease_dataset/images/train__PHOMOPSIS_LEAF_SPOT__to_label_3685.jpg,PHOMOPSIS_LEAF_SPOT,train
data/durian/kaggle_durian_leaf_disease_dataset/images/train__PHOMOPSIS_LEAF_SPOT__to_label_3687.jpg,PHOMOPSIS_LEAF_SPOT,train
data/durian/kaggle_durian_leaf_disease_dataset/images/train__PHOMOPSIS_LEAF_SPOT__to_label_3691.jpg,PHOMOPSIS_LEAF_SPOT,train
data/durian/kaggle_durian_leaf_disease_dataset/images/train__PHOMOPSIS_LEAF_SPOT__to_label_3692.jpg,PHOMOPSIS_LEAF_SPOT,train
data/durian/kaggle_durian_leaf_disease_dataset/images/train__PHOMOPSIS_LEAF_SPOT__to_label_3694.jpg,PHOMOPSIS_LEAF_SPOT,train
data/durian/kaggle_durian_leaf_disease_dataset/images/train__PHOMOPSIS_LEAF_SPOT__to_label_3696.jpg,PHOMOPSIS_LEAF_SPOT,train
data/durian/kaggle_durian_leaf_disease_dataset/images/train__PHOMOPSIS_LEAF_SPOT__to_label_3697.jpg,PHOMOPSIS_LEAF_SPOT,train
data/durian/kaggle_durian_leaf_disease_dataset/images/train__PHOMOPSIS_LEAF_SPOT__to_label_3698.jpg,PHOMOPSIS_LEAF_SPOT,train
data/durian/kaggle_durian_leaf_disease_dataset/images/train__PHOMOPSIS_LEAF_SPOT__to_label_3703.jpg,PHOMOPSIS_LEAF_SPOT,train
data/durian/kaggle_durian_leaf_disease_dataset/images/train__PHOMOPSIS_LEAF_SPOT__to_label_3706.jpg,PHOMOPSIS_LEAF_SPOT,train
data/durian/kaggle_durian_leaf_disease_dataset/images/train__PHOMOPSIS_LEAF_SPOT__to_label_3708.jpg,PHOMOPSIS_LEAF_SPOT,train
data/durian/kaggle_durian_leaf_disease_dataset/images/train__PHOMOPSIS_LEAF_SPOT__to_label_3710.jpg,PHOMOPSIS_LEAF_SPOT,train
data/durian/kaggle_durian_leaf_disease_dataset/images/train__PHOMOPSIS_LEAF_SPOT__to_label_3711.jpg,PHOMOPSIS_LEAF_SPOT,train
data/durian/kaggle_durian_leaf_disease_dataset/images/train__PHOMOPSIS_LEAF_SPOT__to_label_3712.jpg,PHOMOPSIS_LEAF_SPOT,train
data/durian/kaggle_durian_leaf_disease_dataset/images/train__PHOMOPSIS_LEAF_SPOT__to_label_3713.jpg,PHOMOPSIS_LEAF_SPOT,train
data/durian/kaggle_durian_leaf_disease_dataset/images/train__PHOMOPSIS_LEAF_SPOT__to_label_3714.jpg,PHOMOPSIS_LEAF_SPOT,train
data/durian/kaggle_durian_leaf_disease_dataset/images/train__PHOMOPSIS_LEAF_SPOT__to_label_3715.jpg,PHOMOPSIS_LEAF_SPOT,train
data/durian/kaggle_durian_leaf_disease_dataset/images/train__PHOMOPSIS_LEAF_SPOT__to_label_3716.jpg,PHOMOPSIS_LEAF_SPOT,train
data/durian/kaggle_durian_leaf_disease_dataset/images/train__PHOMOPSIS_LEAF_SPOT__to_label_3717.jpg,PHOMOPSIS_LEAF_SPOT,train
data/durian/kaggle_durian_leaf_disease_dataset/images/train__PHOMOPSIS_LEAF_SPOT__to_label_3718.jpg,PHOMOPSIS_LEAF_SPOT,train
data/durian/kaggle_durian_leaf_disease_dataset/images/train__PHOMOPSIS_LEAF_SPOT__to_label_3721.jpg,PHOMOPSIS_LEAF_SPOT,train
data/durian/kaggle_durian_leaf_disease_dataset/images/train__PHOMOPSIS_LEAF_SPOT__to_label_3722.jpg,PHOMOPSIS_LEAF_SPOT,train
data/durian/kaggle_durian_leaf_disease_dataset/images/train__PHOMOPSIS_LEAF_SPOT__to_label_3723.jpg,PHOMOPSIS_LEAF_SPOT,train
data/durian/kaggle_durian_leaf_disease_dataset/images/train__PHOMOPSIS_LEAF_SPOT__to_label_3725.jpg,PHOMOPSIS_LEAF_SPOT,train
data/durian/kaggle_durian_leaf_disease_dataset/images/train__PHOMOPSIS_LEAF_SPOT__to_label_3726.jpg,PHOMOPSIS_LEAF_SPOT,train
data/durian/kaggle_durian_leaf_disease_dataset/images/train__PHOMOPSIS_LEAF_SPOT__to_label_3727.jpg,PHOMOPSIS_LEAF_SPOT,train
data/durian/kaggle_durian_leaf_disease_dataset/images/train__PHOMOPSIS_LEAF_SPOT__to_label_3728.jpg,PHOMOPSIS_LEAF_SPOT,train
data/durian/kaggle_durian_leaf_disease_dataset/images/train__PHOMOPSIS_LEAF_SPOT__to_label_3729.jpg,PHOMOPSIS_LEAF_SPOT,train
data/durian/kaggle_durian_leaf_disease_dataset/images/train__PHOMOPSIS_LEAF_SPOT__to_label_3730.jpg,PHOMOPSIS_LEAF_SPOT,train
data/durian/kaggle_durian_leaf_disease_dataset/images/train__PHOMOPSIS_LEAF_SPOT__to_label_3731.jpg,PHOMOPSIS_LEAF_SPOT,train
data/durian/kaggle_durian_leaf_disease_dataset/images/train__PHOMOPSIS_LEAF_SPOT__to_label_3734.jpg,PHOMOPSIS_LEAF_SPOT,train
data/durian/kaggle_durian_leaf_disease_dataset/images/train__PHOMOPSIS_LEAF_SPOT__to_label_3735.jpg,PHOMOPSIS_LEAF_SPOT,train
data/durian/kaggle_durian_leaf_disease_dataset/images/train__PHOMOPSIS_LEAF_SPOT__to_label_3736.jpg,PHOMOPSIS_LEAF_SPOT,train
data/durian/kaggle_durian_leaf_disease_dataset/images/train__PHOMOPSIS_LEAF_SPOT__to_label_3737.jpg,PHOMOPSIS_LEAF_SPOT,train
data/durian/kaggle_durian_leaf_disease_dataset/images/train__PHOMOPSIS_LEAF_SPOT__to_label_3738.jpg,PHOMOPSIS_LEAF_SPOT,train
data/durian/kaggle_durian_leaf_disease_dataset/images/train__PHOMOPSIS_LEAF_SPOT__to_label_3739.jpg,PHOMOPSIS_LEAF_SPOT,train
data/durian/kaggle_durian_leaf_disease_dataset/images/train__PHOMOPSIS_LEAF_SPOT__to_label_3740.jpg,PHOMOPSIS_LEAF_SPOT,train
data/durian/kaggle_durian_leaf_disease_dataset/images/train__PHOMOPSIS_LEAF_SPOT__to_label_3742.jpg,PHOMOPSIS_LEAF_SPOT,train
data/durian/kaggle_durian_leaf_disease_dataset/images/train__PHOMOPSIS_LEAF_SPOT__to_label_3744.jpg,PHOMOPSIS_LEAF_SPOT,train
data/durian/kaggle_durian_leaf_disease_dataset/images/train__PHOMOPSIS_LEAF_SPOT__to_label_3745.jpg,PHOMOPSIS_LEAF_SPOT,train
data/durian/kaggle_durian_leaf_disease_dataset/images/train__PHOMOPSIS_LEAF_SPOT__to_label_3746.jpg,PHOMOPSIS_LEAF_SPOT,train
data/durian/kaggle_durian_leaf_disease_dataset/images/train__PHOMOPSIS_LEAF_SPOT__to_label_3747.jpg,PHOMOPSIS_LEAF_SPOT,train
data/durian/kaggle_durian_leaf_disease_dataset/images/train__PHOMOPSIS_LEAF_SPOT__to_label_3748.jpg,PHOMOPSIS_LEAF_SPOT,train
data/durian/kaggle_durian_leaf_disease_dataset/images/train__PHOMOPSIS_LEAF_SPOT__to_label_3749.jpg,PHOMOPSIS_LEAF_SPOT,train
data/durian/kaggle_durian_leaf_disease_dataset/images/train__PHOMOPSIS_LEAF_SPOT__to_label_3750.jpg,PHOMOPSIS_LEAF_SPOT,train
data/durian/kaggle_durian_leaf_disease_dataset/images/train__PHOMOPSIS_LEAF_SPOT__to_label_3751.jpg,PHOMOPSIS_LEAF_SPOT,train
data/durian/kaggle_durian_leaf_disease_dataset/images/train__PHOMOPSIS_LEAF_SPOT__to_label_3752.jpg,PHOMOPSIS_LEAF_SPOT,train
data/durian/kaggle_durian_leaf_disease_dataset/images/train__PHOMOPSIS_LEAF_SPOT__to_label_3753.jpg,PHOMOPSIS_LEAF_SPOT,train
data/durian/kaggle_durian_leaf_disease_dataset/images/train__PHOMOPSIS_LEAF_SPOT__to_label_3754.jpg,PHOMOPSIS_LEAF_SPOT,train
data/durian/kaggle_durian_leaf_disease_dataset/images/train__PHOMOPSIS_LEAF_SPOT__to_label_3755.jpg,PHOMOPSIS_LEAF_SPOT,train
data/durian/kaggle_durian_leaf_disease_dataset/images/train__PHOMOPSIS_LEAF_SPOT__to_label_3757.jpg,PHOMOPSIS_LEAF_SPOT,train
data/durian/kaggle_durian_leaf_disease_dataset/images/train__PHOMOPSIS_LEAF_SPOT__to_label_3758.jpg,PHOMOPSIS_LEAF_SPOT,train
data/durian/kaggle_durian_leaf_disease_dataset/images/train__PHOMOPSIS_LEAF_SPOT__to_label_3761.jpg,PHOMOPSIS_LEAF_SPOT,train
data/durian/kaggle_durian_leaf_disease_dataset/images/train__PHOMOPSIS_LEAF_SPOT__to_label_3763.jpg,PHOMOPSIS_LEAF_SPOT,train
data/durian/kaggle_durian_leaf_disease_dataset/images/train__PHOMOPSIS_LEAF_SPOT__to_label_3764.jpg,PHOMOPSIS_LEAF_SPOT,train
data/durian/kaggle_durian_leaf_disease_dataset/images/train__PHOMOPSIS_LEAF_SPOT__to_label_3765.jpg,PHOMOPSIS_LEAF_SPOT,train
data/durian/kaggle_durian_leaf_disease_dataset/images/train__PHOMOPSIS_LEAF_SPOT__to_label_3766.jpg,PHOMOPSIS_LEAF_SPOT,train
data/durian/kaggle_durian_leaf_disease_dataset/images/train__PHOMOPSIS_LEAF_SPOT__to_label_3767.jpg,PHOMOPSIS_LEAF_SPOT,train
data/durian/kaggle_durian_leaf_disease_dataset/images/train__PHOMOPSIS_LEAF_SPOT__to_label_3768.jpg,PHOMOPSIS_LEAF_SPOT,train
data/durian/kaggle_durian_leaf_disease_dataset/images/train__PHOMOPSIS_LEAF_SPOT__to_label_3769.jpg,PHOMOPSIS_LEAF_SPOT,train
data/durian/kaggle_durian_leaf_disease_dataset/images/train__PHOMOPSIS_LEAF_SPOT__to_label_3770.jpg,PHOMOPSIS_LEAF_SPOT,train
data/durian/kaggle_durian_leaf_disease_dataset/images/train__PHOMOPSIS_LEAF_SPOT__to_label_3772.jpg,PHOMOPSIS_LEAF_SPOT,train
data/durian/kaggle_durian_leaf_disease_dataset/images/train__PHOMOPSIS_LEAF_SPOT__to_label_3773.jpg,PHOMOPSIS_LEAF_SPOT,train
data/durian/kaggle_durian_leaf_disease_dataset/images/train__PHOMOPSIS_LEAF_SPOT__to_label_3774.jpg,PHOMOPSIS_LEAF_SPOT,train
data/durian/kaggle_durian_leaf_disease_dataset/images/train__PHOMOPSIS_LEAF_SPOT__to_label_3775.jpg,PHOMOPSIS_LEAF_SPOT,train
data/durian/kaggle_durian_leaf_disease_dataset/images/train__PHOMOPSIS_LEAF_SPOT__to_label_3776.jpg,PHOMOPSIS_LEAF_SPOT,train
data/durian/kaggle_durian_leaf_disease_dataset/images/train__PHOMOPSIS_LEAF_SPOT__to_label_3777.jpg,PHOMOPSIS_LEAF_SPOT,train
data/durian/kaggle_durian_leaf_disease_dataset/images/train__PHOMOPSIS_LEAF_SPOT__to_label_3779.jpg,PHOMOPSIS_LEAF_SPOT,train
data/durian/kaggle_durian_leaf_disease_dataset/images/train__PHOMOPSIS_LEAF_SPOT__to_label_3780.jpg,PHOMOPSIS_LEAF_SPOT,train
data/durian/kaggle_durian_leaf_disease_dataset/images/train__PHOMOPSIS_LEAF_SPOT__to_label_3782.jpg,PHOMOPSIS_LEAF_SPOT,train
data/durian/kaggle_durian_leaf_disease_dataset/images/train__PHOMOPSIS_LEAF_SPOT__to_label_3783.jpg,PHOMOPSIS_LEAF_SPOT,train
data/durian/kaggle_durian_leaf_disease_dataset/images/train__PHOMOPSIS_LEAF_SPOT__to_label_3784.jpg,PHOMOPSIS_LEAF_SPOT,train
data/durian/kaggle_durian_leaf_disease_dataset/images/train__PHOMOPSIS_LEAF_SPOT__to_label_3785.jpg,PHOMOPSIS_LEAF_SPOT,train
data/durian/kaggle_durian_leaf_disease_dataset/images/train__PHOMOPSIS_LEAF_SPOT__to_label_3786.jpg,PHOMOPSIS_LEAF_SPOT,train
data/durian/kaggle_durian_leaf_disease_dataset/images/train__PHOMOPSIS_LEAF_SPOT__to_label_3787.jpg,PHOMOPSIS_LEAF_SPOT,train
data/durian/kaggle_durian_leaf_disease_dataset/images/train__PHOMOPSIS_LEAF_SPOT__to_label_3789.jpg,PHOMOPSIS_LEAF_SPOT,train
data/durian/kaggle_durian_leaf_disease_dataset/images/train__PHOMOPSIS_LEAF_SPOT__to_label_3790.jpg,PHOMOPSIS_LEAF_SPOT,train
data/durian/kaggle_durian_leaf_disease_dataset/images/train__PHOMOPSIS_LEAF_SPOT__to_label_3792.jpg,PHOMOPSIS_LEAF_SPOT,train
data/durian/kaggle_durian_leaf_disease_dataset/images/train__PHOMOPSIS_LEAF_SPOT__to_label_3793.jpg,PHOMOPSIS_LEAF_SPOT,train
data/durian/kaggle_durian_leaf_disease_dataset/images/train__PHOMOPSIS_LEAF_SPOT__to_label_3794.jpg,PHOMOPSIS_LEAF_SPOT,train
data/durian/kaggle_durian_leaf_disease_dataset/images/train__PHOMOPSIS_LEAF_SPOT__to_label_3796.jpg,PHOMOPSIS_LEAF_SPOT,train
data/durian/kaggle_durian_leaf_disease_dataset/images/train__PHOMOPSIS_LEAF_SPOT__to_label_3798.jpg,PHOMOPSIS_LEAF_SPOT,train
data/durian/kaggle_durian_leaf_disease_dataset/images/train__PHOMOPSIS_LEAF_SPOT__to_label_3799.jpg,PHOMOPSIS_LEAF_SPOT,train
data/durian/kaggle_durian_leaf_disease_dataset/images/train__PHOMOPSIS_LEAF_SPOT__to_label_3800.jpg,PHOMOPSIS_LEAF_SPOT,train
data/durian/kaggle_durian_leaf_disease_dataset/images/train__PHOMOPSIS_LEAF_SPOT__to_label_3801.jpg,PHOMOPSIS_LEAF_SPOT,train
data/durian/kaggle_durian_leaf_disease_dataset/images/train__PHOMOPSIS_LEAF_SPOT__to_label_3802.jpg,PHOMOPSIS_LEAF_SPOT,train
data/durian/kaggle_durian_leaf_disease_dataset/images/train__PHOMOPSIS_LEAF_SPOT__to_label_3803.jpg,PHOMOPSIS_LEAF_SPOT,train
data/durian/kaggle_durian_leaf_disease_dataset/images/train__PHOMOPSIS_LEAF_SPOT__to_label_3804.jpg,PHOMOPSIS_LEAF_SPOT,train
data/durian/kaggle_durian_leaf_disease_dataset/images/train__PHOMOPSIS_LEAF_SPOT__to_label_3805.jpg,PHOMOPSIS_LEAF_SPOT,train
data/durian/kaggle_durian_leaf_disease_dataset/images/train__PHOMOPSIS_LEAF_SPOT__to_label_3806.jpg,PHOMOPSIS_LEAF_SPOT,train
data/durian/kaggle_durian_leaf_disease_dataset/images/train__PHOMOPSIS_LEAF_SPOT__to_label_3807.jpg,PHOMOPSIS_LEAF_SPOT,train
data/durian/kaggle_durian_leaf_disease_dataset/images/train__PHOMOPSIS_LEAF_SPOT__to_label_3808.jpg,PHOMOPSIS_LEAF_SPOT,train
data/durian/kaggle_durian_leaf_disease_dataset/images/train__PHOMOPSIS_LEAF_SPOT__to_label_3809.jpg,PHOMOPSIS_LEAF_SPOT,train
data/durian/kaggle_durian_leaf_disease_dataset/images/train__PHOMOPSIS_LEAF_SPOT__to_label_3810.jpg,PHOMOPSIS_LEAF_SPOT,train
data/durian/kaggle_durian_leaf_disease_dataset/images/train__PHOMOPSIS_LEAF_SPOT__to_label_3811.jpg,PHOMOPSIS_LEAF_SPOT,train
data/durian/kaggle_durian_leaf_disease_dataset/images/train__PHOMOPSIS_LEAF_SPOT__to_label_3812.jpg,PHOMOPSIS_LEAF_SPOT,train
data/durian/kaggle_durian_leaf_disease_dataset/images/train__PHOMOPSIS_LEAF_SPOT__to_label_3813.jpg,PHOMOPSIS_LEAF_SPOT,train
data/durian/kaggle_durian_leaf_disease_dataset/images/train__PHOMOPSIS_LEAF_SPOT__to_label_3814.jpg,PHOMOPSIS_LEAF_SPOT,train
data/durian/kaggle_durian_leaf_disease_dataset/images/train__PHOMOPSIS_LEAF_SPOT__to_label_3816.jpg,PHOMOPSIS_LEAF_SPOT,train
data/durian/kaggle_durian_leaf_disease_dataset/images/train__PHOMOPSIS_LEAF_SPOT__to_label_3817.jpg,PHOMOPSIS_LEAF_SPOT,train
data/durian/kaggle_durian_leaf_disease_dataset/images/train__PHOMOPSIS_LEAF_SPOT__to_label_3818.jpg,PHOMOPSIS_LEAF_SPOT,train
data/durian/kaggle_durian_leaf_disease_dataset/images/train__PHOMOPSIS_LEAF_SPOT__to_label_3820.jpg,PHOMOPSIS_LEAF_SPOT,train
data/durian/kaggle_durian_leaf_disease_dataset/images/train__PHOMOPSIS_LEAF_SPOT__to_label_3823.jpg,PHOMOPSIS_LEAF_SPOT,train
data/durian/kaggle_durian_leaf_disease_dataset/images/train__PHOMOPSIS_LEAF_SPOT__to_label_3824.jpg,PHOMOPSIS_LEAF_SPOT,train
data/durian/kaggle_durian_leaf_disease_dataset/images/train__PHOMOPSIS_LEAF_SPOT__to_label_3825.jpg,PHOMOPSIS_LEAF_SPOT,train
data/durian/kaggle_durian_leaf_disease_dataset/images/train__PHOMOPSIS_LEAF_SPOT__to_label_3826.jpg,PHOMOPSIS_LEAF_SPOT,train
data/durian/kaggle_durian_leaf_disease_dataset/images/train__PHOMOPSIS_LEAF_SPOT__to_label_3828.jpg,PHOMOPSIS_LEAF_SPOT,train
data/durian/kaggle_durian_leaf_disease_dataset/images/train__PHOMOPSIS_LEAF_SPOT__to_label_3829.jpg,PHOMOPSIS_LEAF_SPOT,train
data/durian/kaggle_durian_leaf_disease_dataset/images/train__PHOMOPSIS_LEAF_SPOT__to_label_3830.jpg,PHOMOPSIS_LEAF_SPOT,train
data/durian/kaggle_durian_leaf_disease_dataset/images/train__PHOMOPSIS_LEAF_SPOT__to_label_3837.jpg,PHOMOPSIS_LEAF_SPOT,train
data/durian/kaggle_durian_leaf_disease_dataset/images/train__PHOMOPSIS_LEAF_SPOT__to_label_3839.jpg,PHOMOPSIS_LEAF_SPOT,train
data/durian/kaggle_durian_leaf_disease_dataset/images/train__PHOMOPSIS_LEAF_SPOT__to_label_3840.jpg,PHOMOPSIS_LEAF_SPOT,train
data/durian/kaggle_durian_leaf_disease_dataset/images/train__PHOMOPSIS_LEAF_SPOT__to_label_3842.jpg,PHOMOPSIS_LEAF_SPOT,train
data/durian/kaggle_durian_leaf_disease_dataset/images/train__PHOMOPSIS_LEAF_SPOT__to_label_3843.jpg,PHOMOPSIS_LEAF_SPOT,train
data/durian/kaggle_durian_leaf_disease_dataset/images/train__PHOMOPSIS_LEAF_SPOT__to_label_3844.jpg,PHOMOPSIS_LEAF_SPOT,train
data/durian/kaggle_durian_leaf_disease_dataset/images/train__PHOMOPSIS_LEAF_SPOT__to_label_3845.jpg,PHOMOPSIS_LEAF_SPOT,train
data/durian/kaggle_durian_leaf_disease_dataset/images/train__PHOMOPSIS_LEAF_SPOT__to_label_3846.jpg,PHOMOPSIS_LEAF_SPOT,train
data/durian/kaggle_durian_leaf_disease_dataset/images/train__PHOMOPSIS_LEAF_SPOT__to_label_3847.jpg,PHOMOPSIS_LEAF_SPOT,train
data/durian/kaggle_durian_leaf_disease_dataset/images/train__PHOMOPSIS_LEAF_SPOT__to_label_3848.jpg,PHOMOPSIS_LEAF_SPOT,train
data/durian/kaggle_durian_leaf_disease_dataset/images/train__PHOMOPSIS_LEAF_SPOT__to_label_3849.jpg,PHOMOPSIS_LEAF_SPOT,train
data/durian/kaggle_durian_leaf_disease_dataset/images/train__PHOMOPSIS_LEAF_SPOT__to_label_3851.jpg,PHOMOPSIS_LEAF_SPOT,train
data/durian/kaggle_durian_leaf_disease_dataset/images/train__PHOMOPSIS_LEAF_SPOT__to_label_3852.jpg,PHOMOPSIS_LEAF_SPOT,train
data/durian/kaggle_durian_leaf_disease_dataset/images/train__PHOMOPSIS_LEAF_SPOT__to_label_3853.jpg,PHOMOPSIS_LEAF_SPOT,train
data/durian/kaggle_durian_leaf_disease_dataset/images/train__PHOMOPSIS_LEAF_SPOT__to_label_3855.jpg,PHOMOPSIS_LEAF_SPOT,train
data/durian/kaggle_durian_leaf_disease_dataset/images/train__PHOMOPSIS_LEAF_SPOT__to_label_3856.jpg,PHOMOPSIS_LEAF_SPOT,train
data/durian/kaggle_durian_leaf_disease_dataset/images/train__PHOMOPSIS_LEAF_SPOT__to_label_3857.jpg,PHOMOPSIS_LEAF_SPOT,train
data/durian/kaggle_durian_leaf_disease_dataset/images/train__PHOMOPSIS_LEAF_SPOT__to_label_3859.jpg,PHOMOPSIS_LEAF_SPOT,train
data/durian/kaggle_durian_leaf_disease_dataset/images/train__PHOMOPSIS_LEAF_SPOT__to_label_3860.jpg,PHOMOPSIS_LEAF_SPOT,train
data/durian/kaggle_durian_leaf_disease_dataset/images/train__PHOMOPSIS_LEAF_SPOT__to_label_3861.jpg,PHOMOPSIS_LEAF_SPOT,train
data/durian/kaggle_durian_leaf_disease_dataset/images/train__PHOMOPSIS_LEAF_SPOT__to_label_3863.jpg,PHOMOPSIS_LEAF_SPOT,train
data/durian/kaggle_durian_leaf_disease_dataset/images/train__PHOMOPSIS_LEAF_SPOT__to_label_3864.jpg,PHOMOPSIS_LEAF_SPOT,train
data/durian/kaggle_durian_leaf_disease_dataset/images/train__PHOMOPSIS_LEAF_SPOT__to_label_3865.jpg,PHOMOPSIS_LEAF_SPOT,train
data/durian/kaggle_durian_leaf_disease_dataset/images/train__PHOMOPSIS_LEAF_SPOT__to_label_3866.jpg,PHOMOPSIS_LEAF_SPOT,train
data/durian/kaggle_durian_leaf_disease_dataset/images/train__PHOMOPSIS_LEAF_SPOT__to_label_3868.jpg,PHOMOPSIS_LEAF_SPOT,train
data/durian/kaggle_durian_leaf_disease_dataset/images/train__PHOMOPSIS_LEAF_SPOT__to_label_3869.jpg,PHOMOPSIS_LEAF_SPOT,train
data/durian/kaggle_durian_leaf_disease_dataset/images/train__PHOMOPSIS_LEAF_SPOT__to_label_3871.jpg,PHOMOPSIS_LEAF_SPOT,train
data/durian/kaggle_durian_leaf_disease_dataset/images/train__PHOMOPSIS_LEAF_SPOT__to_label_3872.jpg,PHOMOPSIS_LEAF_SPOT,train
data/durian/kaggle_durian_leaf_disease_dataset/images/train__PHOMOPSIS_LEAF_SPOT__to_label_3874.jpg,PHOMOPSIS_LEAF_SPOT,train
data/durian/kaggle_durian_leaf_disease_dataset/images/train__PHOMOPSIS_LEAF_SPOT__to_label_3875.jpg,PHOMOPSIS_LEAF_SPOT,train
data/durian/kaggle_durian_leaf_disease_dataset/images/train__PHOMOPSIS_LEAF_SPOT__to_label_3876.jpg,PHOMOPSIS_LEAF_SPOT,train
data/durian/kaggle_durian_leaf_disease_dataset/images/train__PHOMOPSIS_LEAF_SPOT__to_label_3878.jpg,PHOMOPSIS_LEAF_SPOT,train
data/durian/kaggle_durian_leaf_disease_dataset/images/train__PHOMOPSIS_LEAF_SPOT__to_label_3879.jpg,PHOMOPSIS_LEAF_SPOT,train
data/durian/kaggle_durian_leaf_disease_dataset/images/train__PHOMOPSIS_LEAF_SPOT__to_label_3880.jpg,PHOMOPSIS_LEAF_SPOT,train
data/durian/kaggle_durian_leaf_disease_dataset/images/train__PHOMOPSIS_LEAF_SPOT__to_label_3881.jpg,PHOMOPSIS_LEAF_SPOT,train
data/durian/kaggle_durian_leaf_disease_dataset/images/train__PHOMOPSIS_LEAF_SPOT__to_label_3884.jpg,PHOMOPSIS_LEAF_SPOT,train
data/durian/kaggle_durian_leaf_disease_dataset/images/train__PHOMOPSIS_LEAF_SPOT__to_label_3885.jpg,PHOMOPSIS_LEAF_SPOT,train
data/durian/kaggle_durian_leaf_disease_dataset/images/train__PHOMOPSIS_LEAF_SPOT__to_label_3886.jpg,PHOMOPSIS_LEAF_SPOT,train
data/durian/kaggle_durian_leaf_disease_dataset/images/train__PHOMOPSIS_LEAF_SPOT__to_label_3887.jpg,PHOMOPSIS_LEAF_SPOT,train
data/durian/kaggle_durian_leaf_disease_dataset/images/train__PHOMOPSIS_LEAF_SPOT__to_label_3890.jpg,PHOMOPSIS_LEAF_SPOT,train
data/durian/kaggle_durian_leaf_disease_dataset/images/train__PHOMOPSIS_LEAF_SPOT__to_label_3891.jpg,PHOMOPSIS_LEAF_SPOT,train
data/durian/kaggle_durian_leaf_disease_dataset/images/train__PHOMOPSIS_LEAF_SPOT__to_label_3892.jpg,PHOMOPSIS_LEAF_SPOT,train
data/durian/kaggle_durian_leaf_disease_dataset/images/train__PHOMOPSIS_LEAF_SPOT__to_label_3893.jpg,PHOMOPSIS_LEAF_SPOT,train
data/durian/kaggle_durian_leaf_disease_dataset/images/train__PHOMOPSIS_LEAF_SPOT__to_label_3894.jpg,PHOMOPSIS_LEAF_SPOT,train
data/durian/kaggle_durian_leaf_disease_dataset/images/train__PHOMOPSIS_LEAF_SPOT__to_label_3895.jpg,PHOMOPSIS_LEAF_SPOT,train
data/durian/kaggle_durian_leaf_disease_dataset/images/train__PHOMOPSIS_LEAF_SPOT__to_label_3896.jpg,PHOMOPSIS_LEAF_SPOT,train
data/durian/kaggle_durian_leaf_disease_dataset/images/train__PHOMOPSIS_LEAF_SPOT__to_label_3897.jpg,PHOMOPSIS_LEAF_SPOT,train
data/durian/kaggle_durian_leaf_disease_dataset/images/train__PHOMOPSIS_LEAF_SPOT__to_label_3899.jpg,PHOMOPSIS_LEAF_SPOT,train
data/durian/kaggle_durian_leaf_disease_dataset/images/train__PHOMOPSIS_LEAF_SPOT__to_label_3900.jpg,PHOMOPSIS_LEAF_SPOT,train
data/durian/kaggle_durian_leaf_disease_dataset/images/train__PHOMOPSIS_LEAF_SPOT__to_label_3901.jpg,PHOMOPSIS_LEAF_SPOT,train
data/durian/kaggle_durian_leaf_disease_dataset/images/train__PHOMOPSIS_LEAF_SPOT__to_label_3902.jpg,PHOMOPSIS_LEAF_SPOT,train
data/durian/kaggle_durian_leaf_disease_dataset/images/train__PHOMOPSIS_LEAF_SPOT__to_label_3905.jpg,PHOMOPSIS_LEAF_SPOT,train
data/durian/kaggle_durian_leaf_disease_dataset/images/train__PHOMOPSIS_LEAF_SPOT__to_label_3906.jpg,PHOMOPSIS_LEAF_SPOT,train
data/durian/kaggle_durian_leaf_disease_dataset/images/train__PHOMOPSIS_LEAF_SPOT__to_label_3907.jpg,PHOMOPSIS_LEAF_SPOT,train
data/durian/kaggle_durian_leaf_disease_dataset/images/train__PHOMOPSIS_LEAF_SPOT__to_label_3908.jpg,PHOMOPSIS_LEAF_SPOT,train
data/durian/kaggle_durian_leaf_disease_dataset/images/train__PHOMOPSIS_LEAF_SPOT__to_label_3910.jpg,PHOMOPSIS_LEAF_SPOT,train
data/durian/kaggle_durian_leaf_disease_dataset/images/train__PHOMOPSIS_LEAF_SPOT__to_label_3911.jpg,PHOMOPSIS_LEAF_SPOT,train
data/durian/kaggle_durian_leaf_disease_dataset/images/train__PHOMOPSIS_LEAF_SPOT__to_label_3912.jpg,PHOMOPSIS_LEAF_SPOT,train
data/durian/kaggle_durian_leaf_disease_dataset/images/train__PHOMOPSIS_LEAF_SPOT__to_label_3916.jpg,PHOMOPSIS_LEAF_SPOT,train
data/durian/kaggle_durian_leaf_disease_dataset/images/train__PHOMOPSIS_LEAF_SPOT__to_label_3918.jpg,PHOMOPSIS_LEAF_SPOT,train
data/durian/kaggle_durian_leaf_disease_dataset/images/train__PHOMOPSIS_LEAF_SPOT__to_label_3920.jpg,PHOMOPSIS_LEAF_SPOT,train
data/durian/kaggle_durian_leaf_disease_dataset/images/train__PHOMOPSIS_LEAF_SPOT__to_label_3924.jpg,PHOMOPSIS_LEAF_SPOT,train
data/durian/kaggle_durian_leaf_disease_dataset/images/train__PHOMOPSIS_LEAF_SPOT__to_label_3926.jpg,PHOMOPSIS_LEAF_SPOT,train
data/durian/kaggle_durian_leaf_disease_dataset/images/train__PHOMOPSIS_LEAF_SPOT__to_label_3927.jpg,PHOMOPSIS_LEAF_SPOT,train
data/durian/kaggle_durian_leaf_disease_dataset/images/train__PHOMOPSIS_LEAF_SPOT__to_label_3930.jpg,PHOMOPSIS_LEAF_SPOT,train
data/durian/kaggle_durian_leaf_disease_dataset/images/train__PHOMOPSIS_LEAF_SPOT__to_label_3931.jpg,PHOMOPSIS_LEAF_SPOT,train
data/durian/kaggle_durian_leaf_disease_dataset/images/train__PHOMOPSIS_LEAF_SPOT__to_label_3932.jpg,PHOMOPSIS_LEAF_SPOT,train
data/durian/kaggle_durian_leaf_disease_dataset/images/train__PHOMOPSIS_LEAF_SPOT__to_label_3933.jpg,PHOMOPSIS_LEAF_SPOT,train
data/durian/kaggle_durian_leaf_disease_dataset/images/train__PHOMOPSIS_LEAF_SPOT__to_label_3934.jpg,PHOMOPSIS_LEAF_SPOT,train
data/durian/kaggle_durian_leaf_disease_dataset/images/train__PHOMOPSIS_LEAF_SPOT__to_label_3936.jpg,PHOMOPSIS_LEAF_SPOT,train
data/durian/kaggle_durian_leaf_disease_dataset/images/train__PHOMOPSIS_LEAF_SPOT__to_label_3938.jpg,PHOMOPSIS_LEAF_SPOT,train
data/durian/kaggle_durian_leaf_disease_dataset/images/train__PHOMOPSIS_LEAF_SPOT__to_label_3940.jpg,PHOMOPSIS_LEAF_SPOT,train
data/durian/kaggle_durian_leaf_disease_dataset/images/train__PHOMOPSIS_LEAF_SPOT__to_label_3941.jpg,PHOMOPSIS_LEAF_SPOT,train
data/durian/kaggle_durian_leaf_disease_dataset/images/train__PHOMOPSIS_LEAF_SPOT__to_label_3943.jpg,PHOMOPSIS_LEAF_SPOT,train
data/durian/kaggle_durian_leaf_disease_dataset/images/train__PHOMOPSIS_LEAF_SPOT__to_label_3944.jpg,PHOMOPSIS_LEAF_SPOT,train
data/durian/kaggle_durian_leaf_disease_dataset/images/train__PHOMOPSIS_LEAF_SPOT__to_label_3945.jpg,PHOMOPSIS_LEAF_SPOT,train
data/durian/kaggle_durian_leaf_disease_dataset/images/train__PHOMOPSIS_LEAF_SPOT__to_label_3947.jpg,PHOMOPSIS_LEAF_SPOT,train
data/durian/kaggle_durian_leaf_disease_dataset/images/train__PHOMOPSIS_LEAF_SPOT__to_label_3948.jpg,PHOMOPSIS_LEAF_SPOT,train
data/durian/kaggle_durian_leaf_disease_dataset/images/train__PHOMOPSIS_LEAF_SPOT__to_label_3949.jpg,PHOMOPSIS_LEAF_SPOT,train
data/durian/kaggle_durian_leaf_disease_dataset/images/train__PHOMOPSIS_LEAF_SPOT__to_label_3952.jpg,PHOMOPSIS_LEAF_SPOT,train
data/durian/kaggle_durian_leaf_disease_dataset/images/train__PHOMOPSIS_LEAF_SPOT__to_label_3953.jpg,PHOMOPSIS_LEAF_SPOT,train
data/durian/kaggle_durian_leaf_disease_dataset/images/train__PHOMOPSIS_LEAF_SPOT__to_label_3957.jpg,PHOMOPSIS_LEAF_SPOT,train
data/durian/kaggle_durian_leaf_disease_dataset/images/train__PHOMOPSIS_LEAF_SPOT__to_label_3958.jpg,PHOMOPSIS_LEAF_SPOT,train
data/durian/kaggle_durian_leaf_disease_dataset/images/train__PHOMOPSIS_LEAF_SPOT__to_label_3959.jpg,PHOMOPSIS_LEAF_SPOT,train
data/durian/kaggle_durian_leaf_disease_dataset/images/train__PHOMOPSIS_LEAF_SPOT__to_label_3960.jpg,PHOMOPSIS_LEAF_SPOT,train
data/durian/kaggle_durian_leaf_disease_dataset/images/train__PHOMOPSIS_LEAF_SPOT__to_label_3961.jpg,PHOMOPSIS_LEAF_SPOT,train
data/durian/kaggle_durian_leaf_disease_dataset/images/train__PHOMOPSIS_LEAF_SPOT__to_label_3962.jpg,PHOMOPSIS_LEAF_SPOT,train
data/durian/kaggle_durian_leaf_disease_dataset/images/train__PHOMOPSIS_LEAF_SPOT__to_label_3963.jpg,PHOMOPSIS_LEAF_SPOT,train
data/durian/kaggle_durian_leaf_disease_dataset/images/train__PHOMOPSIS_LEAF_SPOT__to_label_3964.jpg,PHOMOPSIS_LEAF_SPOT,train
data/durian/kaggle_durian_leaf_disease_dataset/images/train__PHOMOPSIS_LEAF_SPOT__to_label_3966.jpg,PHOMOPSIS_LEAF_SPOT,train
data/durian/kaggle_durian_leaf_disease_dataset/images/train__PHOMOPSIS_LEAF_SPOT__to_label_3968.jpg,PHOMOPSIS_LEAF_SPOT,train
data/durian/kaggle_durian_leaf_disease_dataset/images/train__PHOMOPSIS_LEAF_SPOT__to_label_3970.jpg,PHOMOPSIS_LEAF_SPOT,train
data/durian/kaggle_durian_leaf_disease_dataset/images/train__PHOMOPSIS_LEAF_SPOT__to_label_3971.jpg,PHOMOPSIS_LEAF_SPOT,train
data/durian/kaggle_durian_leaf_disease_dataset/images/train__PHOMOPSIS_LEAF_SPOT__to_label_3972.jpg,PHOMOPSIS_LEAF_SPOT,train
data/durian/kaggle_durian_leaf_disease_dataset/images/train__PHOMOPSIS_LEAF_SPOT__to_label_3976.jpg,PHOMOPSIS_LEAF_SPOT,train
data/durian/kaggle_durian_leaf_disease_dataset/images/train__PHOMOPSIS_LEAF_SPOT__to_label_3977.jpg,PHOMOPSIS_LEAF_SPOT,train
data/durian/kaggle_durian_leaf_disease_dataset/images/train__PHOMOPSIS_LEAF_SPOT__to_label_3978.jpg,PHOMOPSIS_LEAF_SPOT,train
data/durian/kaggle_durian_leaf_disease_dataset/images/train__PHOMOPSIS_LEAF_SPOT__to_label_3979.jpg,PHOMOPSIS_LEAF_SPOT,train
data/durian/kaggle_durian_leaf_disease_dataset/images/train__PHOMOPSIS_LEAF_SPOT__to_label_3980.jpg,PHOMOPSIS_LEAF_SPOT,train
data/durian/kaggle_durian_leaf_disease_dataset/images/train__PHOMOPSIS_LEAF_SPOT__to_label_3981.jpg,PHOMOPSIS_LEAF_SPOT,train
data/durian/kaggle_durian_leaf_disease_dataset/images/train__PHOMOPSIS_LEAF_SPOT__to_label_3983.jpg,PHOMOPSIS_LEAF_SPOT,train
data/durian/kaggle_durian_leaf_disease_dataset/images/train__PHOMOPSIS_LEAF_SPOT__to_label_3987.jpg,PHOMOPSIS_LEAF_SPOT,train
data/durian/kaggle_durian_leaf_disease_dataset/images/train__PHOMOPSIS_LEAF_SPOT__to_label_3989.jpg,PHOMOPSIS_LEAF_SPOT,train
data/durian/kaggle_durian_leaf_disease_dataset/images/train__PHOMOPSIS_LEAF_SPOT__to_label_3991.jpg,PHOMOPSIS_LEAF_SPOT,train
data/durian/kaggle_durian_leaf_disease_dataset/images/train__PHOMOPSIS_LEAF_SPOT__to_label_3992.jpg,PHOMOPSIS_LEAF_SPOT,train
data/durian/kaggle_durian_leaf_disease_dataset/images/train__PHOMOPSIS_LEAF_SPOT__to_label_3993.jpg,PHOMOPSIS_LEAF_SPOT,train
data/durian/kaggle_durian_leaf_disease_dataset/images/train__PHOMOPSIS_LEAF_SPOT__to_label_3994.jpg,PHOMOPSIS_LEAF_SPOT,train
data/durian/kaggle_durian_leaf_disease_dataset/images/train__PHOMOPSIS_LEAF_SPOT__to_label_3995.jpg,PHOMOPSIS_LEAF_SPOT,train
data/durian/kaggle_durian_leaf_disease_dataset/images/train__PHOMOPSIS_LEAF_SPOT__to_label_3996.jpg,PHOMOPSIS_LEAF_SPOT,train
data/durian/kaggle_durian_leaf_disease_dataset/images/train__PHOMOPSIS_LEAF_SPOT__to_label_3997.jpg,PHOMOPSIS_LEAF_SPOT,train
data/durian/kaggle_durian_leaf_disease_dataset/images/train__PHOMOPSIS_LEAF_SPOT__to_label_3998.jpg,PHOMOPSIS_LEAF_SPOT,train
data/durian/kaggle_durian_leaf_disease_dataset/images/train__PHOMOPSIS_LEAF_SPOT__to_label_3999.jpg,PHOMOPSIS_LEAF_SPOT,train
data/durian/kaggle_durian_leaf_disease_dataset/images/train__PHOMOPSIS_LEAF_SPOT__to_label_4000.jpg,PHOMOPSIS_LEAF_SPOT,train
data/durian/kaggle_durian_leaf_disease_dataset/images/train__PHOMOPSIS_LEAF_SPOT__to_label_4001.jpg,PHOMOPSIS_LEAF_SPOT,train
data/durian/kaggle_durian_leaf_disease_dataset/images/train__PHOMOPSIS_LEAF_SPOT__to_label_4002.jpg,PHOMOPSIS_LEAF_SPOT,train
data/durian/kaggle_durian_leaf_disease_dataset/images/train__PHOMOPSIS_LEAF_SPOT__to_label_4007.jpg,PHOMOPSIS_LEAF_SPOT,train
data/durian/kaggle_durian_leaf_disease_dataset/images/train__PHOMOPSIS_LEAF_SPOT__to_label_4008.jpg,PHOMOPSIS_LEAF_SPOT,train
data/durian/kaggle_durian_leaf_disease_dataset/images/train__PHOMOPSIS_LEAF_SPOT__to_label_4009.jpg,PHOMOPSIS_LEAF_SPOT,train
data/durian/kaggle_durian_leaf_disease_dataset/images/train__PHOMOPSIS_LEAF_SPOT__to_label_4010.jpg,PHOMOPSIS_LEAF_SPOT,train
data/durian/kaggle_durian_leaf_disease_dataset/images/train__PHOMOPSIS_LEAF_SPOT__to_label_4011.jpg,PHOMOPSIS_LEAF_SPOT,train
data/durian/kaggle_durian_leaf_disease_dataset/images/train__PHOMOPSIS_LEAF_SPOT__to_label_4012.jpg,PHOMOPSIS_LEAF_SPOT,train
data/durian/kaggle_durian_leaf_disease_dataset/images/train__PHOMOPSIS_LEAF_SPOT__to_label_4014.jpg,PHOMOPSIS_LEAF_SPOT,train
data/durian/kaggle_durian_leaf_disease_dataset/images/train__PHOMOPSIS_LEAF_SPOT__to_label_4015.jpg,PHOMOPSIS_LEAF_SPOT,train
data/durian/kaggle_durian_leaf_disease_dataset/images/train__PHOMOPSIS_LEAF_SPOT__to_label_4017.jpg,PHOMOPSIS_LEAF_SPOT,train
data/durian/kaggle_durian_leaf_disease_dataset/images/train__PHOMOPSIS_LEAF_SPOT__to_label_4018.jpg,PHOMOPSIS_LEAF_SPOT,train
data/durian/kaggle_durian_leaf_disease_dataset/images/train__PHOMOPSIS_LEAF_SPOT__to_label_4020.jpg,PHOMOPSIS_LEAF_SPOT,train
data/durian/kaggle_durian_leaf_disease_dataset/images/train__PHOMOPSIS_LEAF_SPOT__to_label_4021.jpg,PHOMOPSIS_LEAF_SPOT,train
data/durian/kaggle_durian_leaf_disease_dataset/images/train__PHOMOPSIS_LEAF_SPOT__to_label_4022.jpg,PHOMOPSIS_LEAF_SPOT,train
data/durian/kaggle_durian_leaf_disease_dataset/images/train__PHOMOPSIS_LEAF_SPOT__to_label_4023.jpg,PHOMOPSIS_LEAF_SPOT,train
data/durian/kaggle_durian_leaf_disease_dataset/images/train__PHOMOPSIS_LEAF_SPOT__to_label_4024.jpg,PHOMOPSIS_LEAF_SPOT,train
data/durian/kaggle_durian_leaf_disease_dataset/images/train__PHOMOPSIS_LEAF_SPOT__to_label_4025.jpg,PHOMOPSIS_LEAF_SPOT,train
data/durian/kaggle_durian_leaf_disease_dataset/images/train__PHOMOPSIS_LEAF_SPOT__to_label_4026.jpg,PHOMOPSIS_LEAF_SPOT,train
data/durian/kaggle_durian_leaf_disease_dataset/images/train__PHOMOPSIS_LEAF_SPOT__to_label_4027.jpg,PHOMOPSIS_LEAF_SPOT,train
data/durian/kaggle_durian_leaf_disease_dataset/images/train__PHOMOPSIS_LEAF_SPOT__to_label_4028.jpg,PHOMOPSIS_LEAF_SPOT,train
data/durian/kaggle_durian_leaf_disease_dataset/images/train__PHOMOPSIS_LEAF_SPOT__to_label_4029.jpg,PHOMOPSIS_LEAF_SPOT,train
data/durian/kaggle_durian_leaf_disease_dataset/images/train__PHOMOPSIS_LEAF_SPOT__to_label_4030.jpg,PHOMOPSIS_LEAF_SPOT,train
data/durian/kaggle_durian_leaf_disease_dataset/images/train__PHOMOPSIS_LEAF_SPOT__to_label_4033.jpg,PHOMOPSIS_LEAF_SPOT,train
data/durian/kaggle_durian_leaf_disease_dataset/images/train__PHOMOPSIS_LEAF_SPOT__to_label_4036.jpg,PHOMOPSIS_LEAF_SPOT,train
data/durian/kaggle_durian_leaf_disease_dataset/images/train__PHOMOPSIS_LEAF_SPOT__to_label_4037.jpg,PHOMOPSIS_LEAF_SPOT,train
data/durian/kaggle_durian_leaf_disease_dataset/images/train__PHOMOPSIS_LEAF_SPOT__to_label_4038.jpg,PHOMOPSIS_LEAF_SPOT,train
data/durian/kaggle_durian_leaf_disease_dataset/images/train__PHOMOPSIS_LEAF_SPOT__to_label_4041.jpg,PHOMOPSIS_LEAF_SPOT,train
data/durian/kaggle_durian_leaf_disease_dataset/images/train__PHOMOPSIS_LEAF_SPOT__to_label_4042.jpg,PHOMOPSIS_LEAF_SPOT,train
data/durian/kaggle_durian_leaf_disease_dataset/images/train__PHOMOPSIS_LEAF_SPOT__to_label_4043.jpg,PHOMOPSIS_LEAF_SPOT,train
data/durian/kaggle_durian_leaf_disease_dataset/images/train__PHOMOPSIS_LEAF_SPOT__to_label_4044.jpg,PHOMOPSIS_LEAF_SPOT,train
data/durian/kaggle_durian_leaf_disease_dataset/images/train__PHOMOPSIS_LEAF_SPOT__to_label_4046.jpg,PHOMOPSIS_LEAF_SPOT,train
data/durian/kaggle_durian_leaf_disease_dataset/images/train__PHOMOPSIS_LEAF_SPOT__to_label_4047.jpg,PHOMOPSIS_LEAF_SPOT,train
data/durian/kaggle_durian_leaf_disease_dataset/images/train__PHOMOPSIS_LEAF_SPOT__to_label_4048.jpg,PHOMOPSIS_LEAF_SPOT,train
data/durian/kaggle_durian_leaf_disease_dataset/images/train__PHOMOPSIS_LEAF_SPOT__to_label_4050.jpg,PHOMOPSIS_LEAF_SPOT,train
data/durian/kaggle_durian_leaf_disease_dataset/images/train__PHOMOPSIS_LEAF_SPOT__to_label_4058.jpg,PHOMOPSIS_LEAF_SPOT,train
data/durian/kaggle_durian_leaf_disease_dataset/images/train__PHOMOPSIS_LEAF_SPOT__to_label_4059.jpg,PHOMOPSIS_LEAF_SPOT,train
data/durian/kaggle_durian_leaf_disease_dataset/images/train__PHOMOPSIS_LEAF_SPOT__to_label_4060.jpg,PHOMOPSIS_LEAF_SPOT,train
data/durian/kaggle_durian_leaf_disease_dataset/images/train__PHOMOPSIS_LEAF_SPOT__to_label_4061.jpg,PHOMOPSIS_LEAF_SPOT,train
data/durian/kaggle_durian_leaf_disease_dataset/images/train__PHOMOPSIS_LEAF_SPOT__to_label_4062.jpg,PHOMOPSIS_LEAF_SPOT,train
data/durian/kaggle_durian_leaf_disease_dataset/images/train__PHOMOPSIS_LEAF_SPOT__to_label_4064.jpg,PHOMOPSIS_LEAF_SPOT,train
data/durian/kaggle_durian_leaf_disease_dataset/images/train__PHOMOPSIS_LEAF_SPOT__to_label_4065.jpg,PHOMOPSIS_LEAF_SPOT,train
data/durian/kaggle_durian_leaf_disease_dataset/images/train__PHOMOPSIS_LEAF_SPOT__to_label_4066.jpg,PHOMOPSIS_LEAF_SPOT,train
data/durian/kaggle_durian_leaf_disease_dataset/images/train__PHOMOPSIS_LEAF_SPOT__to_label_4068.jpg,PHOMOPSIS_LEAF_SPOT,train
data/durian/kaggle_durian_leaf_disease_dataset/images/train__PHOMOPSIS_LEAF_SPOT__to_label_4069.jpg,PHOMOPSIS_LEAF_SPOT,train
data/durian/kaggle_durian_leaf_disease_dataset/images/train__PHOMOPSIS_LEAF_SPOT__to_label_4072.jpg,PHOMOPSIS_LEAF_SPOT,train
data/durian/kaggle_durian_leaf_disease_dataset/images/train__PHOMOPSIS_LEAF_SPOT__to_label_4074.jpg,PHOMOPSIS_LEAF_SPOT,train
data/durian/kaggle_durian_leaf_disease_dataset/images/train__PHOMOPSIS_LEAF_SPOT__to_label_4075.jpg,PHOMOPSIS_LEAF_SPOT,train
data/durian/kaggle_durian_leaf_disease_dataset/images/train__PHOMOPSIS_LEAF_SPOT__to_label_4077.jpg,PHOMOPSIS_LEAF_SPOT,train
data/durian/kaggle_durian_leaf_disease_dataset/images/train__PHOMOPSIS_LEAF_SPOT__to_label_4078.jpg,PHOMOPSIS_LEAF_SPOT,train
data/durian/kaggle_durian_leaf_disease_dataset/images/train__PHOMOPSIS_LEAF_SPOT__to_label_4079.jpg,PHOMOPSIS_LEAF_SPOT,train
data/durian/kaggle_durian_leaf_disease_dataset/images/train__PHOMOPSIS_LEAF_SPOT__to_label_4080.jpg,PHOMOPSIS_LEAF_SPOT,train
data/durian/kaggle_durian_leaf_disease_dataset/images/train__PHOMOPSIS_LEAF_SPOT__to_label_4081.jpg,PHOMOPSIS_LEAF_SPOT,train
data/durian/kaggle_durian_leaf_disease_dataset/images/train__PHOMOPSIS_LEAF_SPOT__to_label_4082.jpg,PHOMOPSIS_LEAF_SPOT,train
data/durian/kaggle_durian_leaf_disease_dataset/images/train__PHOMOPSIS_LEAF_SPOT__to_label_4083.jpg,PHOMOPSIS_LEAF_SPOT,train
data/durian/kaggle_durian_leaf_disease_dataset/images/train__PHOMOPSIS_LEAF_SPOT__to_label_4084.jpg,PHOMOPSIS_LEAF_SPOT,train
data/durian/kaggle_durian_leaf_disease_dataset/images/train__PHOMOPSIS_LEAF_SPOT__to_label_4086.jpg,PHOMOPSIS_LEAF_SPOT,train
data/durian/kaggle_durian_leaf_disease_dataset/images/train__PHOMOPSIS_LEAF_SPOT__to_label_4089.jpg,PHOMOPSIS_LEAF_SPOT,train
data/durian/kaggle_durian_leaf_disease_dataset/images/train__PHOMOPSIS_LEAF_SPOT__to_label_4091.jpg,PHOMOPSIS_LEAF_SPOT,train
data/durian/kaggle_durian_leaf_disease_dataset/images/train__PHOMOPSIS_LEAF_SPOT__to_label_4092.jpg,PHOMOPSIS_LEAF_SPOT,train
data/durian/kaggle_durian_leaf_disease_dataset/images/train__PHOMOPSIS_LEAF_SPOT__to_label_4093.jpg,PHOMOPSIS_LEAF_SPOT,train
data/durian/kaggle_durian_leaf_disease_dataset/images/train__PHOMOPSIS_LEAF_SPOT__to_label_4094.jpg,PHOMOPSIS_LEAF_SPOT,train
data/durian/kaggle_durian_leaf_disease_dataset/images/train__PHOMOPSIS_LEAF_SPOT__to_label_4095.jpg,PHOMOPSIS_LEAF_SPOT,train
data/durian/kaggle_durian_leaf_disease_dataset/images/train__PHOMOPSIS_LEAF_SPOT__to_label_4096.jpg,PHOMOPSIS_LEAF_SPOT,train
data/durian/kaggle_durian_leaf_disease_dataset/images/train__PHOMOPSIS_LEAF_SPOT__to_label_4097.jpg,PHOMOPSIS_LEAF_SPOT,train
data/durian/kaggle_durian_leaf_disease_dataset/images/train__PHOMOPSIS_LEAF_SPOT__to_label_4098.jpg,PHOMOPSIS_LEAF_SPOT,train
data/durian/kaggle_durian_leaf_disease_dataset/images/train__PHOMOPSIS_LEAF_SPOT__to_label_4099.jpg,PHOMOPSIS_LEAF_SPOT,train
data/durian/kaggle_durian_leaf_disease_dataset/images/train__PHOMOPSIS_LEAF_SPOT__to_label_4101.jpg,PHOMOPSIS_LEAF_SPOT,train
data/durian/kaggle_durian_leaf_disease_dataset/images/train__PHOMOPSIS_LEAF_SPOT__to_label_4102.jpg,PHOMOPSIS_LEAF_SPOT,train
data/durian/kaggle_durian_leaf_disease_dataset/images/train__PHOMOPSIS_LEAF_SPOT__to_label_4103.jpg,PHOMOPSIS_LEAF_SPOT,train
data/durian/kaggle_durian_leaf_disease_dataset/images/train__PHOMOPSIS_LEAF_SPOT__to_label_4107.jpg,PHOMOPSIS_LEAF_SPOT,train
data/durian/kaggle_durian_leaf_disease_dataset/images/train__PHOMOPSIS_LEAF_SPOT__to_label_4108.jpg,PHOMOPSIS_LEAF_SPOT,train
data/durian/kaggle_durian_leaf_disease_dataset/images/train__PHOMOPSIS_LEAF_SPOT__to_label_4109.jpg,PHOMOPSIS_LEAF_SPOT,train
data/durian/kaggle_durian_leaf_disease_dataset/images/train__PHOMOPSIS_LEAF_SPOT__to_label_4111.jpg,PHOMOPSIS_LEAF_SPOT,train
data/durian/kaggle_durian_leaf_disease_dataset/images/train__PHOMOPSIS_LEAF_SPOT__to_label_4112.jpg,PHOMOPSIS_LEAF_SPOT,train
data/durian/kaggle_durian_leaf_disease_dataset/images/train__PHOMOPSIS_LEAF_SPOT__to_label_4113.jpg,PHOMOPSIS_LEAF_SPOT,train
data/durian/kaggle_durian_leaf_disease_dataset/images/train__PHOMOPSIS_LEAF_SPOT__to_label_4114.jpg,PHOMOPSIS_LEAF_SPOT,train
data/durian/kaggle_durian_leaf_disease_dataset/images/train__PHOMOPSIS_LEAF_SPOT__to_label_4115.jpg,PHOMOPSIS_LEAF_SPOT,train
data/durian/kaggle_durian_leaf_disease_dataset/images/train__PHOMOPSIS_LEAF_SPOT__to_label_4116.jpg,PHOMOPSIS_LEAF_SPOT,train
data/durian/kaggle_durian_leaf_disease_dataset/images/train__PHOMOPSIS_LEAF_SPOT__to_label_4118.jpg,PHOMOPSIS_LEAF_SPOT,train
data/durian/kaggle_durian_leaf_disease_dataset/images/train__PHOMOPSIS_LEAF_SPOT__to_label_4119.jpg,PHOMOPSIS_LEAF_SPOT,train
data/durian/kaggle_durian_leaf_disease_dataset/images/train__PHOMOPSIS_LEAF_SPOT__to_label_4121.jpg,PHOMOPSIS_LEAF_SPOT,train
data/durian/kaggle_durian_leaf_disease_dataset/images/train__PHOMOPSIS_LEAF_SPOT__to_label_4123.jpg,PHOMOPSIS_LEAF_SPOT,train
data/durian/kaggle_durian_leaf_disease_dataset/images/train__PHOMOPSIS_LEAF_SPOT__to_label_4125.jpg,PHOMOPSIS_LEAF_SPOT,train
data/durian/kaggle_durian_leaf_disease_dataset/images/train__PHOMOPSIS_LEAF_SPOT__to_label_4126.jpg,PHOMOPSIS_LEAF_SPOT,train
data/durian/kaggle_durian_leaf_disease_dataset/images/train__PHOMOPSIS_LEAF_SPOT__to_label_4127.jpg,PHOMOPSIS_LEAF_SPOT,train
data/durian/kaggle_durian_leaf_disease_dataset/images/train__PHOMOPSIS_LEAF_SPOT__to_label_4128.jpg,PHOMOPSIS_LEAF_SPOT,train
data/durian/kaggle_durian_leaf_disease_dataset/images/train__PHOMOPSIS_LEAF_SPOT__to_label_4129.jpg,PHOMOPSIS_LEAF_SPOT,train
data/durian/kaggle_durian_leaf_disease_dataset/images/train__PHOMOPSIS_LEAF_SPOT__to_label_4131.jpg,PHOMOPSIS_LEAF_SPOT,train
data/durian/kaggle_durian_leaf_disease_dataset/images/train__PHOMOPSIS_LEAF_SPOT__to_label_4132.jpg,PHOMOPSIS_LEAF_SPOT,train
data/durian/kaggle_durian_leaf_disease_dataset/images/train__PHOMOPSIS_LEAF_SPOT__to_label_4133.jpg,PHOMOPSIS_LEAF_SPOT,train
data/durian/kaggle_durian_leaf_disease_dataset/images/train__PHOMOPSIS_LEAF_SPOT__to_label_4134.jpg,PHOMOPSIS_LEAF_SPOT,train
data/durian/kaggle_durian_leaf_disease_dataset/images/train__PHOMOPSIS_LEAF_SPOT__to_label_4135.jpg,PHOMOPSIS_LEAF_SPOT,train
data/durian/kaggle_durian_leaf_disease_dataset/images/train__PHOMOPSIS_LEAF_SPOT__to_label_4138.jpg,PHOMOPSIS_LEAF_SPOT,train
data/durian/kaggle_durian_leaf_disease_dataset/images/train__PHOMOPSIS_LEAF_SPOT__to_label_4140.jpg,PHOMOPSIS_LEAF_SPOT,train
data/durian/kaggle_durian_leaf_disease_dataset/images/train__PHOMOPSIS_LEAF_SPOT__to_label_4142.jpg,PHOMOPSIS_LEAF_SPOT,train
data/durian/kaggle_durian_leaf_disease_dataset/images/train__PHOMOPSIS_LEAF_SPOT__to_label_4143.jpg,PHOMOPSIS_LEAF_SPOT,train
data/durian/kaggle_durian_leaf_disease_dataset/images/train__PHOMOPSIS_LEAF_SPOT__to_label_4144.jpg,PHOMOPSIS_LEAF_SPOT,train
data/durian/kaggle_durian_leaf_disease_dataset/images/train__PHOMOPSIS_LEAF_SPOT__to_label_4145.jpg,PHOMOPSIS_LEAF_SPOT,train
data/durian/kaggle_durian_leaf_disease_dataset/images/train__PHOMOPSIS_LEAF_SPOT__to_label_4147.jpg,PHOMOPSIS_LEAF_SPOT,train
data/durian/kaggle_durian_leaf_disease_dataset/images/train__PHOMOPSIS_LEAF_SPOT__to_label_4148.jpg,PHOMOPSIS_LEAF_SPOT,train
data/durian/kaggle_durian_leaf_disease_dataset/images/train__PHOMOPSIS_LEAF_SPOT__to_label_4150.jpg,PHOMOPSIS_LEAF_SPOT,train
data/durian/kaggle_durian_leaf_disease_dataset/images/train__PHOMOPSIS_LEAF_SPOT__to_label_4151.jpg,PHOMOPSIS_LEAF_SPOT,train
data/durian/kaggle_durian_leaf_disease_dataset/images/train__PHOMOPSIS_LEAF_SPOT__to_label_4154.jpg,PHOMOPSIS_LEAF_SPOT,train
data/durian/kaggle_durian_leaf_disease_dataset/images/train__PHOMOPSIS_LEAF_SPOT__to_label_4157.jpg,PHOMOPSIS_LEAF_SPOT,train
data/durian/kaggle_durian_leaf_disease_dataset/images/train__PHOMOPSIS_LEAF_SPOT__to_label_4160.jpg,PHOMOPSIS_LEAF_SPOT,train
data/durian/kaggle_durian_leaf_disease_dataset/images/train__PHOMOPSIS_LEAF_SPOT__to_label_4161.jpg,PHOMOPSIS_LEAF_SPOT,train
data/durian/kaggle_durian_leaf_disease_dataset/images/train__PHOMOPSIS_LEAF_SPOT__to_label_4162.jpg,PHOMOPSIS_LEAF_SPOT,train
data/durian/kaggle_durian_leaf_disease_dataset/images/train__PHOMOPSIS_LEAF_SPOT__to_label_4163.jpg,PHOMOPSIS_LEAF_SPOT,train
data/durian/kaggle_durian_leaf_disease_dataset/images/train__PHOMOPSIS_LEAF_SPOT__to_label_4164.jpg,PHOMOPSIS_LEAF_SPOT,train
data/durian/kaggle_durian_leaf_disease_dataset/images/train__PHOMOPSIS_LEAF_SPOT__to_label_4165.jpg,PHOMOPSIS_LEAF_SPOT,train
data/durian/kaggle_durian_leaf_disease_dataset/images/train__PHOMOPSIS_LEAF_SPOT__to_label_4166.jpg,PHOMOPSIS_LEAF_SPOT,train
data/durian/kaggle_durian_leaf_disease_dataset/images/train__PHOMOPSIS_LEAF_SPOT__to_label_4167.jpg,PHOMOPSIS_LEAF_SPOT,train
data/durian/kaggle_durian_leaf_disease_dataset/images/train__PHOMOPSIS_LEAF_SPOT__to_label_4169.jpg,PHOMOPSIS_LEAF_SPOT,train
data/durian/kaggle_durian_leaf_disease_dataset/images/train__PHOMOPSIS_LEAF_SPOT__to_label_4171.jpg,PHOMOPSIS_LEAF_SPOT,train
data/durian/kaggle_durian_leaf_disease_dataset/images/train__PHOMOPSIS_LEAF_SPOT__to_label_4172.jpg,PHOMOPSIS_LEAF_SPOT,train
data/durian/kaggle_durian_leaf_disease_dataset/images/train__PHOMOPSIS_LEAF_SPOT__to_label_4173.jpg,PHOMOPSIS_LEAF_SPOT,train
data/durian/kaggle_durian_leaf_disease_dataset/images/train__PHOMOPSIS_LEAF_SPOT__to_label_4176.jpg,PHOMOPSIS_LEAF_SPOT,train
data/durian/kaggle_durian_leaf_disease_dataset/images/train__PHOMOPSIS_LEAF_SPOT__to_label_4178.jpg,PHOMOPSIS_LEAF_SPOT,train
data/durian/kaggle_durian_leaf_disease_dataset/images/train__PHOMOPSIS_LEAF_SPOT__to_label_4179.jpg,PHOMOPSIS_LEAF_SPOT,train
data/durian/kaggle_durian_leaf_disease_dataset/images/train__PHOMOPSIS_LEAF_SPOT__to_label_4180.jpg,PHOMOPSIS_LEAF_SPOT,train
data/durian/kaggle_durian_leaf_disease_dataset/images/train__PHOMOPSIS_LEAF_SPOT__to_label_4182.jpg,PHOMOPSIS_LEAF_SPOT,train
data/durian/kaggle_durian_leaf_disease_dataset/images/train__PHOMOPSIS_LEAF_SPOT__to_label_4183.jpg,PHOMOPSIS_LEAF_SPOT,train
data/durian/kaggle_durian_leaf_disease_dataset/images/train__PHOMOPSIS_LEAF_SPOT__to_label_4184.jpg,PHOMOPSIS_LEAF_SPOT,train
data/durian/kaggle_durian_leaf_disease_dataset/images/train__PHOMOPSIS_LEAF_SPOT__to_label_4185.jpg,PHOMOPSIS_LEAF_SPOT,train
data/durian/kaggle_durian_leaf_disease_dataset/images/train__PHOMOPSIS_LEAF_SPOT__to_label_4186.jpg,PHOMOPSIS_LEAF_SPOT,train
data/durian/kaggle_durian_leaf_disease_dataset/images/train__PHOMOPSIS_LEAF_SPOT__to_label_4187.jpg,PHOMOPSIS_LEAF_SPOT,train
data/durian/kaggle_durian_leaf_disease_dataset/images/train__PHOMOPSIS_LEAF_SPOT__to_label_4188.jpg,PHOMOPSIS_LEAF_SPOT,train
data/durian/kaggle_durian_leaf_disease_dataset/images/train__PHOMOPSIS_LEAF_SPOT__to_label_4189.jpg,PHOMOPSIS_LEAF_SPOT,train
data/durian/kaggle_durian_leaf_disease_dataset/images/train__PHOMOPSIS_LEAF_SPOT__to_label_4190.jpg,PHOMOPSIS_LEAF_SPOT,train
data/durian/kaggle_durian_leaf_disease_dataset/images/train__PHOMOPSIS_LEAF_SPOT__to_label_4191.jpg,PHOMOPSIS_LEAF_SPOT,train
data/durian/kaggle_durian_leaf_disease_dataset/images/train__PHOMOPSIS_LEAF_SPOT__to_label_4194.jpg,PHOMOPSIS_LEAF_SPOT,train
data/durian/kaggle_durian_leaf_disease_dataset/images/train__PHOMOPSIS_LEAF_SPOT__to_label_4196.jpg,PHOMOPSIS_LEAF_SPOT,train
data/durian/kaggle_durian_leaf_disease_dataset/images/train__PHOMOPSIS_LEAF_SPOT__to_label_4197.jpg,PHOMOPSIS_LEAF_SPOT,train
data/durian/kaggle_durian_leaf_disease_dataset/images/train__PHOMOPSIS_LEAF_SPOT__to_label_4200.jpg,PHOMOPSIS_LEAF_SPOT,train
data/durian/kaggle_durian_leaf_disease_dataset/images/train__PHOMOPSIS_LEAF_SPOT__to_label_4201.jpg,PHOMOPSIS_LEAF_SPOT,train
data/durian/kaggle_durian_leaf_disease_dataset/images/train__PHOMOPSIS_LEAF_SPOT__to_label_4202.jpg,PHOMOPSIS_LEAF_SPOT,train
data/durian/kaggle_durian_leaf_disease_dataset/images/train__PHOMOPSIS_LEAF_SPOT__to_label_4203.jpg,PHOMOPSIS_LEAF_SPOT,train
data/durian/kaggle_durian_leaf_disease_dataset/images/train__PHOMOPSIS_LEAF_SPOT__to_label_4206.jpg,PHOMOPSIS_LEAF_SPOT,train
data/durian/kaggle_durian_leaf_disease_dataset/images/train__PHOMOPSIS_LEAF_SPOT__to_label_4207.jpg,PHOMOPSIS_LEAF_SPOT,train
data/durian/kaggle_durian_leaf_disease_dataset/images/train__PHOMOPSIS_LEAF_SPOT__to_label_4209.jpg,PHOMOPSIS_LEAF_SPOT,train
data/durian/kaggle_durian_leaf_disease_dataset/images/train__PHOMOPSIS_LEAF_SPOT__to_label_4210.jpg,PHOMOPSIS_LEAF_SPOT,train
data/durian/kaggle_durian_leaf_disease_dataset/images/train__PHOMOPSIS_LEAF_SPOT__to_label_4214.jpg,PHOMOPSIS_LEAF_SPOT,train
data/durian/kaggle_durian_leaf_disease_dataset/images/train__PHOMOPSIS_LEAF_SPOT__to_label_4215.jpg,PHOMOPSIS_LEAF_SPOT,train
data/durian/kaggle_durian_leaf_disease_dataset/images/train__PHOMOPSIS_LEAF_SPOT__to_label_4216.jpg,PHOMOPSIS_LEAF_SPOT,train
data/durian/kaggle_durian_leaf_disease_dataset/images/train__PHOMOPSIS_LEAF_SPOT__to_label_4217.jpg,PHOMOPSIS_LEAF_SPOT,train
data/durian/kaggle_durian_leaf_disease_dataset/images/train__PHOMOPSIS_LEAF_SPOT__to_label_4219.jpg,PHOMOPSIS_LEAF_SPOT,train
data/durian/kaggle_durian_leaf_disease_dataset/images/train__PHOMOPSIS_LEAF_SPOT__to_label_4220.jpg,PHOMOPSIS_LEAF_SPOT,train
data/durian/kaggle_durian_leaf_disease_dataset/images/train__PHOMOPSIS_LEAF_SPOT__to_label_4221.jpg,PHOMOPSIS_LEAF_SPOT,train
data/durian/kaggle_durian_leaf_disease_dataset/images/train__PHOMOPSIS_LEAF_SPOT__to_label_4222.jpg,PHOMOPSIS_LEAF_SPOT,train
data/durian/kaggle_durian_leaf_disease_dataset/images/train__PHOMOPSIS_LEAF_SPOT__to_label_4223.jpg,PHOMOPSIS_LEAF_SPOT,train
data/durian/kaggle_durian_leaf_disease_dataset/images/train__PHOMOPSIS_LEAF_SPOT__to_label_4226.jpg,PHOMOPSIS_LEAF_SPOT,train
data/durian/kaggle_durian_leaf_disease_dataset/images/train__PHOMOPSIS_LEAF_SPOT__to_label_4227.jpg,PHOMOPSIS_LEAF_SPOT,train
data/durian/kaggle_durian_leaf_disease_dataset/images/train__PHOMOPSIS_LEAF_SPOT__to_label_4228.jpg,PHOMOPSIS_LEAF_SPOT,train
data/durian/kaggle_durian_leaf_disease_dataset/images/train__PHOMOPSIS_LEAF_SPOT__to_label_4229.jpg,PHOMOPSIS_LEAF_SPOT,train
data/durian/kaggle_durian_leaf_disease_dataset/images/train__PHOMOPSIS_LEAF_SPOT__to_label_4230.jpg,PHOMOPSIS_LEAF_SPOT,train
data/durian/kaggle_durian_leaf_disease_dataset/images/train__PHOMOPSIS_LEAF_SPOT__to_label_4231.jpg,PHOMOPSIS_LEAF_SPOT,train
data/durian/kaggle_durian_leaf_disease_dataset/images/train__PHOMOPSIS_LEAF_SPOT__to_label_4232.jpg,PHOMOPSIS_LEAF_SPOT,train
data/durian/kaggle_durian_leaf_disease_dataset/images/train__PHOMOPSIS_LEAF_SPOT__to_label_4233.jpg,PHOMOPSIS_LEAF_SPOT,train
data/durian/kaggle_durian_leaf_disease_dataset/images/train__PHOMOPSIS_LEAF_SPOT__to_label_4235.jpg,PHOMOPSIS_LEAF_SPOT,train
data/durian/kaggle_durian_leaf_disease_dataset/images/train__PHOMOPSIS_LEAF_SPOT__to_label_4236.jpg,PHOMOPSIS_LEAF_SPOT,train
data/durian/kaggle_durian_leaf_disease_dataset/images/train__PHOMOPSIS_LEAF_SPOT__to_label_4237.jpg,PHOMOPSIS_LEAF_SPOT,train
data/durian/kaggle_durian_leaf_disease_dataset/images/train__PHOMOPSIS_LEAF_SPOT__to_label_4242.jpg,PHOMOPSIS_LEAF_SPOT,train
data/durian/kaggle_durian_leaf_disease_dataset/images/train__PHOMOPSIS_LEAF_SPOT__to_label_4243.jpg,PHOMOPSIS_LEAF_SPOT,train
data/durian/kaggle_durian_leaf_disease_dataset/images/train__PHOMOPSIS_LEAF_SPOT__to_label_4244.jpg,PHOMOPSIS_LEAF_SPOT,train
data/durian/kaggle_durian_leaf_disease_dataset/images/train__PHOMOPSIS_LEAF_SPOT__to_label_4245.jpg,PHOMOPSIS_LEAF_SPOT,train
data/durian/kaggle_durian_leaf_disease_dataset/images/train__PHOMOPSIS_LEAF_SPOT__to_label_4247.jpg,PHOMOPSIS_LEAF_SPOT,train
data/durian/kaggle_durian_leaf_disease_dataset/images/train__PHOMOPSIS_LEAF_SPOT__to_label_4248.jpg,PHOMOPSIS_LEAF_SPOT,train
data/durian/kaggle_durian_leaf_disease_dataset/images/train__PHOMOPSIS_LEAF_SPOT__to_label_4249.jpg,PHOMOPSIS_LEAF_SPOT,train
data/durian/kaggle_durian_leaf_disease_dataset/images/train__PHOMOPSIS_LEAF_SPOT__to_label_4250.jpg,PHOMOPSIS_LEAF_SPOT,train
data/durian/kaggle_durian_leaf_disease_dataset/images/train__PHOMOPSIS_LEAF_SPOT__to_label_4252.jpg,PHOMOPSIS_LEAF_SPOT,train
data/durian/kaggle_durian_leaf_disease_dataset/images/train__PHOMOPSIS_LEAF_SPOT__to_label_4253.jpg,PHOMOPSIS_LEAF_SPOT,train
data/durian/kaggle_durian_leaf_disease_dataset/images/train__PHOMOPSIS_LEAF_SPOT__to_label_4254.jpg,PHOMOPSIS_LEAF_SPOT,train
data/durian/kaggle_durian_leaf_disease_dataset/images/train__PHOMOPSIS_LEAF_SPOT__to_label_4255.jpg,PHOMOPSIS_LEAF_SPOT,train
data/durian/kaggle_durian_leaf_disease_dataset/images/train__PHOMOPSIS_LEAF_SPOT__to_label_4256.jpg,PHOMOPSIS_LEAF_SPOT,train
data/durian/kaggle_durian_leaf_disease_dataset/images/train__PHOMOPSIS_LEAF_SPOT__to_label_4258.jpg,PHOMOPSIS_LEAF_SPOT,train
data/durian/kaggle_durian_leaf_disease_dataset/images/train__PHOMOPSIS_LEAF_SPOT__to_label_4259.jpg,PHOMOPSIS_LEAF_SPOT,train
data/durian/kaggle_durian_leaf_disease_dataset/images/train__PHOMOPSIS_LEAF_SPOT__to_label_4260.jpg,PHOMOPSIS_LEAF_SPOT,train
data/durian/kaggle_durian_leaf_disease_dataset/images/train__PHOMOPSIS_LEAF_SPOT__to_label_4262.jpg,PHOMOPSIS_LEAF_SPOT,train
data/durian/kaggle_durian_leaf_disease_dataset/images/train__PHOMOPSIS_LEAF_SPOT__to_label_4263.jpg,PHOMOPSIS_LEAF_SPOT,train
data/durian/kaggle_durian_leaf_disease_dataset/images/train__PHOMOPSIS_LEAF_SPOT__to_label_4264.jpg,PHOMOPSIS_LEAF_SPOT,train
data/durian/kaggle_durian_leaf_disease_dataset/images/train__PHOMOPSIS_LEAF_SPOT__to_label_4265.jpg,PHOMOPSIS_LEAF_SPOT,train
data/durian/kaggle_durian_leaf_disease_dataset/images/train__PHOMOPSIS_LEAF_SPOT__to_label_4268.jpg,PHOMOPSIS_LEAF_SPOT,train
data/durian/kaggle_durian_leaf_disease_dataset/images/train__PHOMOPSIS_LEAF_SPOT__to_label_4269.jpg,PHOMOPSIS_LEAF_SPOT,train
data/durian/kaggle_durian_leaf_disease_dataset/images/train__PHOMOPSIS_LEAF_SPOT__to_label_4270.jpg,PHOMOPSIS_LEAF_SPOT,train
data/durian/kaggle_durian_leaf_disease_dataset/images/train__PHOMOPSIS_LEAF_SPOT__to_label_4271.jpg,PHOMOPSIS_LEAF_SPOT,train
data/durian/kaggle_durian_leaf_disease_dataset/images/train__PHOMOPSIS_LEAF_SPOT__to_label_4272.jpg,PHOMOPSIS_LEAF_SPOT,train
data/durian/kaggle_durian_leaf_disease_dataset/images/train__PHOMOPSIS_LEAF_SPOT__to_label_4274.jpg,PHOMOPSIS_LEAF_SPOT,train
data/durian/kaggle_durian_leaf_disease_dataset/images/train__PHOMOPSIS_LEAF_SPOT__to_label_4275.jpg,PHOMOPSIS_LEAF_SPOT,train
data/durian/kaggle_durian_leaf_disease_dataset/images/train__PHOMOPSIS_LEAF_SPOT__to_label_4276.jpg,PHOMOPSIS_LEAF_SPOT,train
data/durian/kaggle_durian_leaf_disease_dataset/images/train__PHOMOPSIS_LEAF_SPOT__to_label_4277.jpg,PHOMOPSIS_LEAF_SPOT,train
data/durian/kaggle_durian_leaf_disease_dataset/images/train__PHOMOPSIS_LEAF_SPOT__to_label_4278.jpg,PHOMOPSIS_LEAF_SPOT,train
data/durian/kaggle_durian_leaf_disease_dataset/images/train__PHOMOPSIS_LEAF_SPOT__to_label_4279.jpg,PHOMOPSIS_LEAF_SPOT,train
data/durian/kaggle_durian_leaf_disease_dataset/images/train__PHOMOPSIS_LEAF_SPOT__to_label_4281.jpg,PHOMOPSIS_LEAF_SPOT,train
data/durian/kaggle_durian_leaf_disease_dataset/images/train__PHOMOPSIS_LEAF_SPOT__to_label_4284.jpg,PHOMOPSIS_LEAF_SPOT,train
data/durian/kaggle_durian_leaf_disease_dataset/images/train__PHOMOPSIS_LEAF_SPOT__to_label_4286.jpg,PHOMOPSIS_LEAF_SPOT,train
data/durian/kaggle_durian_leaf_disease_dataset/images/train__PHOMOPSIS_LEAF_SPOT__to_label_4288.jpg,PHOMOPSIS_LEAF_SPOT,train
data/durian/kaggle_durian_leaf_disease_dataset/images/train__PHOMOPSIS_LEAF_SPOT__to_label_4289.jpg,PHOMOPSIS_LEAF_SPOT,train
data/durian/kaggle_durian_leaf_disease_dataset/images/train__PHOMOPSIS_LEAF_SPOT__to_label_4290.jpg,PHOMOPSIS_LEAF_SPOT,train
data/durian/kaggle_durian_leaf_disease_dataset/images/train__PHOMOPSIS_LEAF_SPOT__to_label_4293.jpg,PHOMOPSIS_LEAF_SPOT,train
data/durian/kaggle_durian_leaf_disease_dataset/images/train__PHOMOPSIS_LEAF_SPOT__to_label_4294.jpg,PHOMOPSIS_LEAF_SPOT,train
data/durian/kaggle_durian_leaf_disease_dataset/images/train__PHOMOPSIS_LEAF_SPOT__to_label_4295.jpg,PHOMOPSIS_LEAF_SPOT,train
data/durian/kaggle_durian_leaf_disease_dataset/images/train__PHOMOPSIS_LEAF_SPOT__to_label_4297.jpg,PHOMOPSIS_LEAF_SPOT,train
data/durian/kaggle_durian_leaf_disease_dataset/images/train__PHOMOPSIS_LEAF_SPOT__to_label_4298.jpg,PHOMOPSIS_LEAF_SPOT,train
data/durian/kaggle_durian_leaf_disease_dataset/images/train__PHOMOPSIS_LEAF_SPOT__to_label_4299.jpg,PHOMOPSIS_LEAF_SPOT,train
data/durian/kaggle_durian_leaf_disease_dataset/images/train__PHOMOPSIS_LEAF_SPOT__to_label_4300.jpg,PHOMOPSIS_LEAF_SPOT,train
data/durian/kaggle_durian_leaf_disease_dataset/images/train__PHOMOPSIS_LEAF_SPOT__to_label_4302.jpg,PHOMOPSIS_LEAF_SPOT,train
data/durian/kaggle_durian_leaf_disease_dataset/images/train__PHOMOPSIS_LEAF_SPOT__to_label_4304.jpg,PHOMOPSIS_LEAF_SPOT,train
data/durian/kaggle_durian_leaf_disease_dataset/images/train__PHOMOPSIS_LEAF_SPOT__to_label_4305.jpg,PHOMOPSIS_LEAF_SPOT,train
data/durian/kaggle_durian_leaf_disease_dataset/images/train__PHOMOPSIS_LEAF_SPOT__to_label_4306.jpg,PHOMOPSIS_LEAF_SPOT,train
data/durian/kaggle_durian_leaf_disease_dataset/images/train__PHOMOPSIS_LEAF_SPOT__to_label_4309.jpg,PHOMOPSIS_LEAF_SPOT,train
data/durian/kaggle_durian_leaf_disease_dataset/images/train__PHOMOPSIS_LEAF_SPOT__to_label_4310.jpg,PHOMOPSIS_LEAF_SPOT,train
data/durian/kaggle_durian_leaf_disease_dataset/images/train__PHOMOPSIS_LEAF_SPOT__to_label_4311.jpg,PHOMOPSIS_LEAF_SPOT,train
data/durian/kaggle_durian_leaf_disease_dataset/images/train__PHOMOPSIS_LEAF_SPOT__to_label_4312.jpg,PHOMOPSIS_LEAF_SPOT,train
data/durian/kaggle_durian_leaf_disease_dataset/images/train__PHOMOPSIS_LEAF_SPOT__to_label_4313.jpg,PHOMOPSIS_LEAF_SPOT,train
data/durian/kaggle_durian_leaf_disease_dataset/images/train__PHOMOPSIS_LEAF_SPOT__to_label_4314.jpg,PHOMOPSIS_LEAF_SPOT,train
data/durian/kaggle_durian_leaf_disease_dataset/images/train__PHOMOPSIS_LEAF_SPOT__to_label_4315.jpg,PHOMOPSIS_LEAF_SPOT,train
data/durian/kaggle_durian_leaf_disease_dataset/images/train__PHOMOPSIS_LEAF_SPOT__to_label_4316.jpg,PHOMOPSIS_LEAF_SPOT,train
data/durian/kaggle_durian_leaf_disease_dataset/images/train__PHOMOPSIS_LEAF_SPOT__to_label_4318.jpg,PHOMOPSIS_LEAF_SPOT,train
data/durian/kaggle_durian_leaf_disease_dataset/images/train__PHOMOPSIS_LEAF_SPOT__to_label_4320.jpg,PHOMOPSIS_LEAF_SPOT,train
data/durian/kaggle_durian_leaf_disease_dataset/images/train__PHOMOPSIS_LEAF_SPOT__to_label_4321.jpg,PHOMOPSIS_LEAF_SPOT,train
data/durian/kaggle_durian_leaf_disease_dataset/images/train__PHOMOPSIS_LEAF_SPOT__to_label_4322.jpg,PHOMOPSIS_LEAF_SPOT,train
data/durian/kaggle_durian_leaf_disease_dataset/images/train__PHOMOPSIS_LEAF_SPOT__to_label_4323.jpg,PHOMOPSIS_LEAF_SPOT,train
data/durian/kaggle_durian_leaf_disease_dataset/images/train__PHOMOPSIS_LEAF_SPOT__to_label_4324.jpg,PHOMOPSIS_LEAF_SPOT,train
data/durian/kaggle_durian_leaf_disease_dataset/images/train__PHOMOPSIS_LEAF_SPOT__to_label_4325.jpg,PHOMOPSIS_LEAF_SPOT,train
data/durian/kaggle_durian_leaf_disease_dataset/images/train__PHOMOPSIS_LEAF_SPOT__to_label_4328.jpg,PHOMOPSIS_LEAF_SPOT,train
data/durian/kaggle_durian_leaf_disease_dataset/images/train__PHOMOPSIS_LEAF_SPOT__to_label_4329.jpg,PHOMOPSIS_LEAF_SPOT,train
data/durian/kaggle_durian_leaf_disease_dataset/images/train__PHOMOPSIS_LEAF_SPOT__to_label_4330.jpg,PHOMOPSIS_LEAF_SPOT,train
data/durian/kaggle_durian_leaf_disease_dataset/images/train__PHOMOPSIS_LEAF_SPOT__to_label_4332.jpg,PHOMOPSIS_LEAF_SPOT,train
data/durian/kaggle_durian_leaf_disease_dataset/images/train__PHOMOPSIS_LEAF_SPOT__to_label_4334.jpg,PHOMOPSIS_LEAF_SPOT,train
data/durian/kaggle_durian_leaf_disease_dataset/images/train__PHOMOPSIS_LEAF_SPOT__to_label_4335.jpg,PHOMOPSIS_LEAF_SPOT,train
data/durian/kaggle_durian_leaf_disease_dataset/images/train__PHOMOPSIS_LEAF_SPOT__to_label_4337.jpg,PHOMOPSIS_LEAF_SPOT,train
data/durian/kaggle_durian_leaf_disease_dataset/images/train__PHOMOPSIS_LEAF_SPOT__to_label_4341.jpg,PHOMOPSIS_LEAF_SPOT,train
data/durian/kaggle_durian_leaf_disease_dataset/images/train__PHOMOPSIS_LEAF_SPOT__to_label_4342.jpg,PHOMOPSIS_LEAF_SPOT,train
data/durian/kaggle_durian_leaf_disease_dataset/images/train__PHOMOPSIS_LEAF_SPOT__to_label_4344.jpg,PHOMOPSIS_LEAF_SPOT,train
data/durian/kaggle_durian_leaf_disease_dataset/images/train__PHOMOPSIS_LEAF_SPOT__to_label_4345.jpg,PHOMOPSIS_LEAF_SPOT,train
data/durian/kaggle_durian_leaf_disease_dataset/images/train__PHOMOPSIS_LEAF_SPOT__to_label_4347.jpg,PHOMOPSIS_LEAF_SPOT,train
data/durian/kaggle_durian_leaf_disease_dataset/images/train__PHOMOPSIS_LEAF_SPOT__to_label_4348.jpg,PHOMOPSIS_LEAF_SPOT,train
data/durian/kaggle_durian_leaf_disease_dataset/images/train__PHOMOPSIS_LEAF_SPOT__to_label_4349.jpg,PHOMOPSIS_LEAF_SPOT,train
data/durian/kaggle_durian_leaf_disease_dataset/images/train__PHOMOPSIS_LEAF_SPOT__to_label_4350.jpg,PHOMOPSIS_LEAF_SPOT,train
data/durian/kaggle_durian_leaf_disease_dataset/images/train__PHOMOPSIS_LEAF_SPOT__to_label_4352.jpg,PHOMOPSIS_LEAF_SPOT,train
data/durian/kaggle_durian_leaf_disease_dataset/images/train__PHOMOPSIS_LEAF_SPOT__to_label_4353.jpg,PHOMOPSIS_LEAF_SPOT,train
data/durian/kaggle_durian_leaf_disease_dataset/images/train__PHOMOPSIS_LEAF_SPOT__to_label_4354.jpg,PHOMOPSIS_LEAF_SPOT,train
data/durian/kaggle_durian_leaf_disease_dataset/images/train__PHOMOPSIS_LEAF_SPOT__to_label_4355.jpg,PHOMOPSIS_LEAF_SPOT,train
data/durian/kaggle_durian_leaf_disease_dataset/images/train__PHOMOPSIS_LEAF_SPOT__to_label_4356.jpg,PHOMOPSIS_LEAF_SPOT,train
data/durian/kaggle_durian_leaf_disease_dataset/images/train__PHOMOPSIS_LEAF_SPOT__to_label_4357.jpg,PHOMOPSIS_LEAF_SPOT,train
data/durian/kaggle_durian_leaf_disease_dataset/images/train__PHOMOPSIS_LEAF_SPOT__to_label_4358.jpg,PHOMOPSIS_LEAF_SPOT,train
data/durian/kaggle_durian_leaf_disease_dataset/images/train__PHOMOPSIS_LEAF_SPOT__to_label_4360.jpg,PHOMOPSIS_LEAF_SPOT,train
data/durian/kaggle_durian_leaf_disease_dataset/images/train__PHOMOPSIS_LEAF_SPOT__to_label_4361.jpg,PHOMOPSIS_LEAF_SPOT,train
data/durian/kaggle_durian_leaf_disease_dataset/images/train__PHOMOPSIS_LEAF_SPOT__to_label_4364.jpg,PHOMOPSIS_LEAF_SPOT,train
data/durian/kaggle_durian_leaf_disease_dataset/images/train__PHOMOPSIS_LEAF_SPOT__to_label_4365.jpg,PHOMOPSIS_LEAF_SPOT,train
data/durian/kaggle_durian_leaf_disease_dataset/images/train__PHOMOPSIS_LEAF_SPOT__to_label_4366.jpg,PHOMOPSIS_LEAF_SPOT,train
data/durian/kaggle_durian_leaf_disease_dataset/images/train__PHOMOPSIS_LEAF_SPOT__to_label_4367.jpg,PHOMOPSIS_LEAF_SPOT,train
data/durian/kaggle_durian_leaf_disease_dataset/images/train__PHOMOPSIS_LEAF_SPOT__to_label_4368.jpg,PHOMOPSIS_LEAF_SPOT,train
data/durian/kaggle_durian_leaf_disease_dataset/images/train__PHOMOPSIS_LEAF_SPOT__to_label_4369.jpg,PHOMOPSIS_LEAF_SPOT,train
data/durian/kaggle_durian_leaf_disease_dataset/images/train__PHOMOPSIS_LEAF_SPOT__to_label_4370.jpg,PHOMOPSIS_LEAF_SPOT,train
data/durian/kaggle_durian_leaf_disease_dataset/images/train__PHOMOPSIS_LEAF_SPOT__to_label_4371.jpg,PHOMOPSIS_LEAF_SPOT,train
data/durian/kaggle_durian_leaf_disease_dataset/images/train__PHOMOPSIS_LEAF_SPOT__to_label_4372.jpg,PHOMOPSIS_LEAF_SPOT,train
data/durian/kaggle_durian_leaf_disease_dataset/images/train__PHOMOPSIS_LEAF_SPOT__to_label_4373.jpg,PHOMOPSIS_LEAF_SPOT,train
data/durian/kaggle_durian_leaf_disease_dataset/images/train__PHOMOPSIS_LEAF_SPOT__to_label_4375.jpg,PHOMOPSIS_LEAF_SPOT,train
data/durian/kaggle_durian_leaf_disease_dataset/images/train__PHOMOPSIS_LEAF_SPOT__to_label_4376.jpg,PHOMOPSIS_LEAF_SPOT,train
data/durian/kaggle_durian_leaf_disease_dataset/images/train__PHOMOPSIS_LEAF_SPOT__to_label_4377.jpg,PHOMOPSIS_LEAF_SPOT,train
data/durian/kaggle_durian_leaf_disease_dataset/images/train__PHOMOPSIS_LEAF_SPOT__to_label_4378.jpg,PHOMOPSIS_LEAF_SPOT,train
data/durian/kaggle_durian_leaf_disease_dataset/images/train__PHOMOPSIS_LEAF_SPOT__to_label_4379.jpg,PHOMOPSIS_LEAF_SPOT,train
data/durian/kaggle_durian_leaf_disease_dataset/images/train__PHOMOPSIS_LEAF_SPOT__to_label_4380.jpg,PHOMOPSIS_LEAF_SPOT,train
data/durian/kaggle_durian_leaf_disease_dataset/images/train__PHOMOPSIS_LEAF_SPOT__to_label_4381.jpg,PHOMOPSIS_LEAF_SPOT,train
data/durian/kaggle_durian_leaf_disease_dataset/images/train__PHOMOPSIS_LEAF_SPOT__to_label_4382.jpg,PHOMOPSIS_LEAF_SPOT,train
data/durian/kaggle_durian_leaf_disease_dataset/images/train__PHOMOPSIS_LEAF_SPOT__to_label_4383.jpg,PHOMOPSIS_LEAF_SPOT,train
data/durian/kaggle_durian_leaf_disease_dataset/images/train__PHOMOPSIS_LEAF_SPOT__to_label_4385.jpg,PHOMOPSIS_LEAF_SPOT,train
data/durian/kaggle_durian_leaf_disease_dataset/images/train__PHOMOPSIS_LEAF_SPOT__to_label_4386.jpg,PHOMOPSIS_LEAF_SPOT,train
data/durian/kaggle_durian_leaf_disease_dataset/images/train__PHOMOPSIS_LEAF_SPOT__to_label_4387.jpg,PHOMOPSIS_LEAF_SPOT,train
data/durian/kaggle_durian_leaf_disease_dataset/images/train__PHOMOPSIS_LEAF_SPOT__to_label_4388.jpg,PHOMOPSIS_LEAF_SPOT,train
data/durian/kaggle_durian_leaf_disease_dataset/images/train__PHOMOPSIS_LEAF_SPOT__to_label_4391.jpg,PHOMOPSIS_LEAF_SPOT,train
data/durian/kaggle_durian_leaf_disease_dataset/images/train__PHOMOPSIS_LEAF_SPOT__to_label_4392.jpg,PHOMOPSIS_LEAF_SPOT,train
data/durian/kaggle_durian_leaf_disease_dataset/images/train__PHOMOPSIS_LEAF_SPOT__to_label_4394.jpg,PHOMOPSIS_LEAF_SPOT,train
data/durian/kaggle_durian_leaf_disease_dataset/images/train__PHOMOPSIS_LEAF_SPOT__to_label_4398.jpg,PHOMOPSIS_LEAF_SPOT,train
data/durian/kaggle_durian_leaf_disease_dataset/images/train__PHOMOPSIS_LEAF_SPOT__to_label_4399.jpg,PHOMOPSIS_LEAF_SPOT,train
data/durian/kaggle_durian_leaf_disease_dataset/images/train__PHOMOPSIS_LEAF_SPOT__to_label_4400.jpg,PHOMOPSIS_LEAF_SPOT,train
data/durian/kaggle_durian_leaf_disease_dataset/images/train__PHOMOPSIS_LEAF_SPOT__to_label_4401.jpg,PHOMOPSIS_LEAF_SPOT,train
data/durian/kaggle_durian_leaf_disease_dataset/images/train__PHOMOPSIS_LEAF_SPOT__to_label_4402.jpg,PHOMOPSIS_LEAF_SPOT,train
data/durian/kaggle_durian_leaf_disease_dataset/images/train__PHOMOPSIS_LEAF_SPOT__to_label_4404.jpg,PHOMOPSIS_LEAF_SPOT,train
data/durian/kaggle_durian_leaf_disease_dataset/images/train__PHOMOPSIS_LEAF_SPOT__to_label_4405.jpg,PHOMOPSIS_LEAF_SPOT,train
data/durian/kaggle_durian_leaf_disease_dataset/images/train__PHOMOPSIS_LEAF_SPOT__to_label_4406.jpg,PHOMOPSIS_LEAF_SPOT,train
data/durian/kaggle_durian_leaf_disease_dataset/images/train__PHOMOPSIS_LEAF_SPOT__to_label_4407.jpg,PHOMOPSIS_LEAF_SPOT,train
data/durian/kaggle_durian_leaf_disease_dataset/images/train__PHOMOPSIS_LEAF_SPOT__to_label_4409.jpg,PHOMOPSIS_LEAF_SPOT,train
data/durian/kaggle_durian_leaf_disease_dataset/images/train__PHOMOPSIS_LEAF_SPOT__to_label_4410.jpg,PHOMOPSIS_LEAF_SPOT,train
data/durian/kaggle_durian_leaf_disease_dataset/images/train__PHOMOPSIS_LEAF_SPOT__to_label_4411.jpg,PHOMOPSIS_LEAF_SPOT,train
data/durian/kaggle_durian_leaf_disease_dataset/images/train__PHOMOPSIS_LEAF_SPOT__to_label_4415.jpg,PHOMOPSIS_LEAF_SPOT,train
data/durian/kaggle_durian_leaf_disease_dataset/images/train__PHOMOPSIS_LEAF_SPOT__to_label_4418.jpg,PHOMOPSIS_LEAF_SPOT,train
data/durian/kaggle_durian_leaf_disease_dataset/images/train__PHOMOPSIS_LEAF_SPOT__to_label_4419.jpg,PHOMOPSIS_LEAF_SPOT,train
data/durian/kaggle_durian_leaf_disease_dataset/images/train__PHOMOPSIS_LEAF_SPOT__to_label_4420.jpg,PHOMOPSIS_LEAF_SPOT,train
data/durian/kaggle_durian_leaf_disease_dataset/images/train__PHOMOPSIS_LEAF_SPOT__to_label_4421.jpg,PHOMOPSIS_LEAF_SPOT,train
data/durian/kaggle_durian_leaf_disease_dataset/images/train__PHOMOPSIS_LEAF_SPOT__to_label_4422.jpg,PHOMOPSIS_LEAF_SPOT,train
data/durian/kaggle_durian_leaf_disease_dataset/images/train__PHOMOPSIS_LEAF_SPOT__to_label_4424.jpg,PHOMOPSIS_LEAF_SPOT,train
data/durian/kaggle_durian_leaf_disease_dataset/images/train__PHOMOPSIS_LEAF_SPOT__to_label_4426.jpg,PHOMOPSIS_LEAF_SPOT,train
data/durian/kaggle_durian_leaf_disease_dataset/images/train__PHOMOPSIS_LEAF_SPOT__to_label_4427.jpg,PHOMOPSIS_LEAF_SPOT,train
data/durian/kaggle_durian_leaf_disease_dataset/images/train__PHOMOPSIS_LEAF_SPOT__to_label_4428.jpg,PHOMOPSIS_LEAF_SPOT,train
data/durian/kaggle_durian_leaf_disease_dataset/images/train__PHOMOPSIS_LEAF_SPOT__to_label_4429.jpg,PHOMOPSIS_LEAF_SPOT,train
data/durian/kaggle_durian_leaf_disease_dataset/images/train__PHOMOPSIS_LEAF_SPOT__to_label_4430.jpg,PHOMOPSIS_LEAF_SPOT,train
data/durian/kaggle_durian_leaf_disease_dataset/images/train__PHOMOPSIS_LEAF_SPOT__to_label_4435.jpg,PHOMOPSIS_LEAF_SPOT,train
data/durian/kaggle_durian_leaf_disease_dataset/images/train__PHOMOPSIS_LEAF_SPOT__to_label_4436.jpg,PHOMOPSIS_LEAF_SPOT,train
data/durian/kaggle_durian_leaf_disease_dataset/images/train__PHOMOPSIS_LEAF_SPOT__to_label_4438.jpg,PHOMOPSIS_LEAF_SPOT,train
data/durian/kaggle_durian_leaf_disease_dataset/images/train__PHOMOPSIS_LEAF_SPOT__to_label_4439.jpg,PHOMOPSIS_LEAF_SPOT,train
data/durian/kaggle_durian_leaf_disease_dataset/images/train__PHOMOPSIS_LEAF_SPOT__to_label_4440.jpg,PHOMOPSIS_LEAF_SPOT,train
data/durian/kaggle_durian_leaf_disease_dataset/images/train__PHOMOPSIS_LEAF_SPOT__to_label_4441.jpg,PHOMOPSIS_LEAF_SPOT,train
data/durian/kaggle_durian_leaf_disease_dataset/images/train__PHOMOPSIS_LEAF_SPOT__to_label_4442.jpg,PHOMOPSIS_LEAF_SPOT,train
data/durian/kaggle_durian_leaf_disease_dataset/images/train__PHOMOPSIS_LEAF_SPOT__to_label_4444.jpg,PHOMOPSIS_LEAF_SPOT,train
data/durian/kaggle_durian_leaf_disease_dataset/images/train__PHOMOPSIS_LEAF_SPOT__to_label_4446.jpg,PHOMOPSIS_LEAF_SPOT,train
data/durian/kaggle_durian_leaf_disease_dataset/images/train__PHOMOPSIS_LEAF_SPOT__to_label_4448.jpg,PHOMOPSIS_LEAF_SPOT,train
data/durian/kaggle_durian_leaf_disease_dataset/images/train__PHOMOPSIS_LEAF_SPOT__to_label_4450.jpg,PHOMOPSIS_LEAF_SPOT,train
data/durian/kaggle_durian_leaf_disease_dataset/images/train__PHOMOPSIS_LEAF_SPOT__to_label_4451.jpg,PHOMOPSIS_LEAF_SPOT,train
data/durian/kaggle_durian_leaf_disease_dataset/images/train__PHOMOPSIS_LEAF_SPOT__to_label_4452.jpg,PHOMOPSIS_LEAF_SPOT,train
data/durian/kaggle_durian_leaf_disease_dataset/images/train__PHOMOPSIS_LEAF_SPOT__to_label_4455.jpg,PHOMOPSIS_LEAF_SPOT,train
data/durian/kaggle_durian_leaf_disease_dataset/images/train__PHOMOPSIS_LEAF_SPOT__to_label_4457.jpg,PHOMOPSIS_LEAF_SPOT,train
data/durian/kaggle_durian_leaf_disease_dataset/images/train__PHOMOPSIS_LEAF_SPOT__to_label_4458.jpg,PHOMOPSIS_LEAF_SPOT,train
data/durian/kaggle_durian_leaf_disease_dataset/images/train__PHOMOPSIS_LEAF_SPOT__to_label_4460.jpg,PHOMOPSIS_LEAF_SPOT,train
data/durian/kaggle_durian_leaf_disease_dataset/images/train__PHOMOPSIS_LEAF_SPOT__to_label_4461.jpg,PHOMOPSIS_LEAF_SPOT,train
data/durian/kaggle_durian_leaf_disease_dataset/images/train__PHOMOPSIS_LEAF_SPOT__to_label_4462.jpg,PHOMOPSIS_LEAF_SPOT,train
data/durian/kaggle_durian_leaf_disease_dataset/images/train__PHOMOPSIS_LEAF_SPOT__to_label_4465.jpg,PHOMOPSIS_LEAF_SPOT,train
data/durian/kaggle_durian_leaf_disease_dataset/images/train__PHOMOPSIS_LEAF_SPOT__to_label_4466.jpg,PHOMOPSIS_LEAF_SPOT,train
data/durian/kaggle_durian_leaf_disease_dataset/images/train__PHOMOPSIS_LEAF_SPOT__to_label_4467.jpg,PHOMOPSIS_LEAF_SPOT,train
data/durian/kaggle_durian_leaf_disease_dataset/images/train__PHOMOPSIS_LEAF_SPOT__to_label_4468.jpg,PHOMOPSIS_LEAF_SPOT,train
data/durian/kaggle_durian_leaf_disease_dataset/images/train__PHOMOPSIS_LEAF_SPOT__to_label_4469.jpg,PHOMOPSIS_LEAF_SPOT,train
data/durian/kaggle_durian_leaf_disease_dataset/images/train__PHOMOPSIS_LEAF_SPOT__to_label_4470.jpg,PHOMOPSIS_LEAF_SPOT,train
data/durian/kaggle_durian_leaf_disease_dataset/images/train__PHOMOPSIS_LEAF_SPOT__to_label_4471.jpg,PHOMOPSIS_LEAF_SPOT,train
data/durian/kaggle_durian_leaf_disease_dataset/images/train__PHOMOPSIS_LEAF_SPOT__to_label_4472.jpg,PHOMOPSIS_LEAF_SPOT,train
data/durian/kaggle_durian_leaf_disease_dataset/images/train__PHOMOPSIS_LEAF_SPOT__to_label_4473.jpg,PHOMOPSIS_LEAF_SPOT,train
data/durian/kaggle_durian_leaf_disease_dataset/images/train__PHOMOPSIS_LEAF_SPOT__to_label_4474.jpg,PHOMOPSIS_LEAF_SPOT,train
data/durian/kaggle_durian_leaf_disease_dataset/images/train__PHOMOPSIS_LEAF_SPOT__to_label_4475.jpg,PHOMOPSIS_LEAF_SPOT,train
data/durian/kaggle_durian_leaf_disease_dataset/images/train__PHOMOPSIS_LEAF_SPOT__to_label_4476.jpg,PHOMOPSIS_LEAF_SPOT,train
data/durian/kaggle_durian_leaf_disease_dataset/images/train__PHOMOPSIS_LEAF_SPOT__to_label_4478.jpg,PHOMOPSIS_LEAF_SPOT,train
data/durian/kaggle_durian_leaf_disease_dataset/images/train__PHOMOPSIS_LEAF_SPOT__to_label_4479.jpg,PHOMOPSIS_LEAF_SPOT,train
data/durian/kaggle_durian_leaf_disease_dataset/images/train__PHOMOPSIS_LEAF_SPOT__to_label_4482.jpg,PHOMOPSIS_LEAF_SPOT,train
data/durian/kaggle_durian_leaf_disease_dataset/images/train__PHOMOPSIS_LEAF_SPOT__to_label_4483.jpg,PHOMOPSIS_LEAF_SPOT,train
data/durian/kaggle_durian_leaf_disease_dataset/images/train__PHOMOPSIS_LEAF_SPOT__to_label_4484.jpg,PHOMOPSIS_LEAF_SPOT,train
data/durian/kaggle_durian_leaf_disease_dataset/images/train__PHOMOPSIS_LEAF_SPOT__to_label_4485.jpg,PHOMOPSIS_LEAF_SPOT,train
data/durian/kaggle_durian_leaf_disease_dataset/images/train__PHOMOPSIS_LEAF_SPOT__to_label_4488.jpg,PHOMOPSIS_LEAF_SPOT,train
data/durian/kaggle_durian_leaf_disease_dataset/images/train__PHOMOPSIS_LEAF_SPOT__to_label_4489.jpg,PHOMOPSIS_LEAF_SPOT,train
data/durian/kaggle_durian_leaf_disease_dataset/images/train__PHOMOPSIS_LEAF_SPOT__to_label_4491.jpg,PHOMOPSIS_LEAF_SPOT,train
data/durian/kaggle_durian_leaf_disease_dataset/images/train__PHOMOPSIS_LEAF_SPOT__to_label_4492.jpg,PHOMOPSIS_LEAF_SPOT,train
data/durian/kaggle_durian_leaf_disease_dataset/images/train__PHOMOPSIS_LEAF_SPOT__to_label_4493.jpg,PHOMOPSIS_LEAF_SPOT,train
data/durian/kaggle_durian_leaf_disease_dataset/images/train__PHOMOPSIS_LEAF_SPOT__to_label_4494.jpg,PHOMOPSIS_LEAF_SPOT,train
data/durian/kaggle_durian_leaf_disease_dataset/images/train__PHOMOPSIS_LEAF_SPOT__to_label_4497.jpg,PHOMOPSIS_LEAF_SPOT,train
data/durian/kaggle_durian_leaf_disease_dataset/images/train__PHOMOPSIS_LEAF_SPOT__to_label_4498.jpg,PHOMOPSIS_LEAF_SPOT,train
data/durian/kaggle_durian_leaf_disease_dataset/images/train__PHOMOPSIS_LEAF_SPOT__to_label_4499.jpg,PHOMOPSIS_LEAF_SPOT,train
data/durian/kaggle_durian_leaf_disease_dataset/images/train__PHOMOPSIS_LEAF_SPOT__to_label_4500.jpg,PHOMOPSIS_LEAF_SPOT,train
data/durian/kaggle_durian_leaf_disease_dataset/images/val__ALGAL_LEAF_SPOT__to_label_115.jpg,ALGAL_LEAF_SPOT,val
data/durian/kaggle_durian_leaf_disease_dataset/images/val__ALGAL_LEAF_SPOT__to_label_120.jpg,ALGAL_LEAF_SPOT,val
data/durian/kaggle_durian_leaf_disease_dataset/images/val__ALGAL_LEAF_SPOT__to_label_125.jpg,ALGAL_LEAF_SPOT,val
data/durian/kaggle_durian_leaf_disease_dataset/images/val__ALGAL_LEAF_SPOT__to_label_129.jpg,ALGAL_LEAF_SPOT,val
data/durian/kaggle_durian_leaf_disease_dataset/images/val__ALGAL_LEAF_SPOT__to_label_136.jpg,ALGAL_LEAF_SPOT,val
data/durian/kaggle_durian_leaf_disease_dataset/images/val__ALGAL_LEAF_SPOT__to_label_143.jpg,ALGAL_LEAF_SPOT,val
data/durian/kaggle_durian_leaf_disease_dataset/images/val__ALGAL_LEAF_SPOT__to_label_145.jpg,ALGAL_LEAF_SPOT,val
data/durian/kaggle_durian_leaf_disease_dataset/images/val__ALGAL_LEAF_SPOT__to_label_149.jpg,ALGAL_LEAF_SPOT,val
data/durian/kaggle_durian_leaf_disease_dataset/images/val__ALGAL_LEAF_SPOT__to_label_15.jpg,ALGAL_LEAF_SPOT,val
data/durian/kaggle_durian_leaf_disease_dataset/images/val__ALGAL_LEAF_SPOT__to_label_153.jpg,ALGAL_LEAF_SPOT,val
data/durian/kaggle_durian_leaf_disease_dataset/images/val__ALGAL_LEAF_SPOT__to_label_159.jpg,ALGAL_LEAF_SPOT,val
data/durian/kaggle_durian_leaf_disease_dataset/images/val__ALGAL_LEAF_SPOT__to_label_175.jpg,ALGAL_LEAF_SPOT,val
data/durian/kaggle_durian_leaf_disease_dataset/images/val__ALGAL_LEAF_SPOT__to_label_224.jpg,ALGAL_LEAF_SPOT,val
data/durian/kaggle_durian_leaf_disease_dataset/images/val__ALGAL_LEAF_SPOT__to_label_23.jpg,ALGAL_LEAF_SPOT,val
data/durian/kaggle_durian_leaf_disease_dataset/images/val__ALGAL_LEAF_SPOT__to_label_247.jpg,ALGAL_LEAF_SPOT,val
data/durian/kaggle_durian_leaf_disease_dataset/images/val__ALGAL_LEAF_SPOT__to_label_248.jpg,ALGAL_LEAF_SPOT,val
data/durian/kaggle_durian_leaf_disease_dataset/images/val__ALGAL_LEAF_SPOT__to_label_258.jpg,ALGAL_LEAF_SPOT,val
data/durian/kaggle_durian_leaf_disease_dataset/images/val__ALGAL_LEAF_SPOT__to_label_276.jpg,ALGAL_LEAF_SPOT,val
data/durian/kaggle_durian_leaf_disease_dataset/images/val__ALGAL_LEAF_SPOT__to_label_287.jpg,ALGAL_LEAF_SPOT,val
data/durian/kaggle_durian_leaf_disease_dataset/images/val__ALGAL_LEAF_SPOT__to_label_288.jpg,ALGAL_LEAF_SPOT,val
data/durian/kaggle_durian_leaf_disease_dataset/images/val__ALGAL_LEAF_SPOT__to_label_289.jpg,ALGAL_LEAF_SPOT,val
data/durian/kaggle_durian_leaf_disease_dataset/images/val__ALGAL_LEAF_SPOT__to_label_29.jpg,ALGAL_LEAF_SPOT,val
data/durian/kaggle_durian_leaf_disease_dataset/images/val__ALGAL_LEAF_SPOT__to_label_290.jpg,ALGAL_LEAF_SPOT,val
data/durian/kaggle_durian_leaf_disease_dataset/images/val__ALGAL_LEAF_SPOT__to_label_291.jpg,ALGAL_LEAF_SPOT,val
data/durian/kaggle_durian_leaf_disease_dataset/images/val__ALGAL_LEAF_SPOT__to_label_293.jpg,ALGAL_LEAF_SPOT,val
data/durian/kaggle_durian_leaf_disease_dataset/images/val__ALGAL_LEAF_SPOT__to_label_30.jpg,ALGAL_LEAF_SPOT,val
data/durian/kaggle_durian_leaf_disease_dataset/images/val__ALGAL_LEAF_SPOT__to_label_31.jpg,ALGAL_LEAF_SPOT,val
data/durian/kaggle_durian_leaf_disease_dataset/images/val__ALGAL_LEAF_SPOT__to_label_310.jpg,ALGAL_LEAF_SPOT,val
data/durian/kaggle_durian_leaf_disease_dataset/images/val__ALGAL_LEAF_SPOT__to_label_321.jpg,ALGAL_LEAF_SPOT,val
data/durian/kaggle_durian_leaf_disease_dataset/images/val__ALGAL_LEAF_SPOT__to_label_324.jpg,ALGAL_LEAF_SPOT,val
data/durian/kaggle_durian_leaf_disease_dataset/images/val__ALGAL_LEAF_SPOT__to_label_338.jpg,ALGAL_LEAF_SPOT,val
data/durian/kaggle_durian_leaf_disease_dataset/images/val__ALGAL_LEAF_SPOT__to_label_364.jpg,ALGAL_LEAF_SPOT,val
data/durian/kaggle_durian_leaf_disease_dataset/images/val__ALGAL_LEAF_SPOT__to_label_371.jpg,ALGAL_LEAF_SPOT,val
data/durian/kaggle_durian_leaf_disease_dataset/images/val__ALGAL_LEAF_SPOT__to_label_375.jpg,ALGAL_LEAF_SPOT,val
data/durian/kaggle_durian_leaf_disease_dataset/images/val__ALGAL_LEAF_SPOT__to_label_396.jpg,ALGAL_LEAF_SPOT,val
data/durian/kaggle_durian_leaf_disease_dataset/images/val__ALGAL_LEAF_SPOT__to_label_405.jpg,ALGAL_LEAF_SPOT,val
data/durian/kaggle_durian_leaf_disease_dataset/images/val__ALGAL_LEAF_SPOT__to_label_409.jpg,ALGAL_LEAF_SPOT,val
data/durian/kaggle_durian_leaf_disease_dataset/images/val__ALGAL_LEAF_SPOT__to_label_433.jpg,ALGAL_LEAF_SPOT,val
data/durian/kaggle_durian_leaf_disease_dataset/images/val__ALGAL_LEAF_SPOT__to_label_437.jpg,ALGAL_LEAF_SPOT,val
data/durian/kaggle_durian_leaf_disease_dataset/images/val__ALGAL_LEAF_SPOT__to_label_439.jpg,ALGAL_LEAF_SPOT,val
data/durian/kaggle_durian_leaf_disease_dataset/images/val__ALGAL_LEAF_SPOT__to_label_456.jpg,ALGAL_LEAF_SPOT,val
data/durian/kaggle_durian_leaf_disease_dataset/images/val__ALGAL_LEAF_SPOT__to_label_464.jpg,ALGAL_LEAF_SPOT,val
data/durian/kaggle_durian_leaf_disease_dataset/images/val__ALGAL_LEAF_SPOT__to_label_467.jpg,ALGAL_LEAF_SPOT,val
data/durian/kaggle_durian_leaf_disease_dataset/images/val__ALGAL_LEAF_SPOT__to_label_475.jpg,ALGAL_LEAF_SPOT,val
data/durian/kaggle_durian_leaf_disease_dataset/images/val__ALGAL_LEAF_SPOT__to_label_500.jpg,ALGAL_LEAF_SPOT,val
data/durian/kaggle_durian_leaf_disease_dataset/images/val__ALGAL_LEAF_SPOT__to_label_501.jpg,ALGAL_LEAF_SPOT,val
data/durian/kaggle_durian_leaf_disease_dataset/images/val__ALGAL_LEAF_SPOT__to_label_52.jpg,ALGAL_LEAF_SPOT,val
data/durian/kaggle_durian_leaf_disease_dataset/images/val__ALGAL_LEAF_SPOT__to_label_520.jpg,ALGAL_LEAF_SPOT,val
data/durian/kaggle_durian_leaf_disease_dataset/images/val__ALGAL_LEAF_SPOT__to_label_522.jpg,ALGAL_LEAF_SPOT,val
data/durian/kaggle_durian_leaf_disease_dataset/images/val__ALGAL_LEAF_SPOT__to_label_530.jpg,ALGAL_LEAF_SPOT,val
data/durian/kaggle_durian_leaf_disease_dataset/images/val__ALGAL_LEAF_SPOT__to_label_534.jpg,ALGAL_LEAF_SPOT,val
data/durian/kaggle_durian_leaf_disease_dataset/images/val__ALGAL_LEAF_SPOT__to_label_545.jpg,ALGAL_LEAF_SPOT,val
data/durian/kaggle_durian_leaf_disease_dataset/images/val__ALGAL_LEAF_SPOT__to_label_563.jpg,ALGAL_LEAF_SPOT,val
data/durian/kaggle_durian_leaf_disease_dataset/images/val__ALGAL_LEAF_SPOT__to_label_564.jpg,ALGAL_LEAF_SPOT,val
data/durian/kaggle_durian_leaf_disease_dataset/images/val__ALGAL_LEAF_SPOT__to_label_58.jpg,ALGAL_LEAF_SPOT,val
data/durian/kaggle_durian_leaf_disease_dataset/images/val__ALGAL_LEAF_SPOT__to_label_581.jpg,ALGAL_LEAF_SPOT,val
data/durian/kaggle_durian_leaf_disease_dataset/images/val__ALGAL_LEAF_SPOT__to_label_584.jpg,ALGAL_LEAF_SPOT,val
data/durian/kaggle_durian_leaf_disease_dataset/images/val__ALGAL_LEAF_SPOT__to_label_601.jpg,ALGAL_LEAF_SPOT,val
data/durian/kaggle_durian_leaf_disease_dataset/images/val__ALGAL_LEAF_SPOT__to_label_618.jpg,ALGAL_LEAF_SPOT,val
data/durian/kaggle_durian_leaf_disease_dataset/images/val__ALGAL_LEAF_SPOT__to_label_621.jpg,ALGAL_LEAF_SPOT,val
data/durian/kaggle_durian_leaf_disease_dataset/images/val__ALGAL_LEAF_SPOT__to_label_625.jpg,ALGAL_LEAF_SPOT,val
data/durian/kaggle_durian_leaf_disease_dataset/images/val__ALGAL_LEAF_SPOT__to_label_639.jpg,ALGAL_LEAF_SPOT,val
data/durian/kaggle_durian_leaf_disease_dataset/images/val__ALGAL_LEAF_SPOT__to_label_646.jpg,ALGAL_LEAF_SPOT,val
data/durian/kaggle_durian_leaf_disease_dataset/images/val__ALGAL_LEAF_SPOT__to_label_666.jpg,ALGAL_LEAF_SPOT,val
data/durian/kaggle_durian_leaf_disease_dataset/images/val__ALGAL_LEAF_SPOT__to_label_671.jpg,ALGAL_LEAF_SPOT,val
data/durian/kaggle_durian_leaf_disease_dataset/images/val__ALGAL_LEAF_SPOT__to_label_704.jpg,ALGAL_LEAF_SPOT,val
data/durian/kaggle_durian_leaf_disease_dataset/images/val__ALGAL_LEAF_SPOT__to_label_711.jpg,ALGAL_LEAF_SPOT,val
data/durian/kaggle_durian_leaf_disease_dataset/images/val__ALGAL_LEAF_SPOT__to_label_713.jpg,ALGAL_LEAF_SPOT,val
data/durian/kaggle_durian_leaf_disease_dataset/images/val__ALGAL_LEAF_SPOT__to_label_715.jpg,ALGAL_LEAF_SPOT,val
data/durian/kaggle_durian_leaf_disease_dataset/images/val__ALGAL_LEAF_SPOT__to_label_723.jpg,ALGAL_LEAF_SPOT,val
data/durian/kaggle_durian_leaf_disease_dataset/images/val__ALGAL_LEAF_SPOT__to_label_729.jpg,ALGAL_LEAF_SPOT,val
data/durian/kaggle_durian_leaf_disease_dataset/images/val__ALGAL_LEAF_SPOT__to_label_95.jpg,ALGAL_LEAF_SPOT,val
data/durian/kaggle_durian_leaf_disease_dataset/images/val__ALGAL_LEAF_SPOT__to_label_98.jpg,ALGAL_LEAF_SPOT,val
data/durian/kaggle_durian_leaf_disease_dataset/images/val__ALLOCARIDARA_ATTACK__to_label_1002.jpg,ALLOCARIDARA_ATTACK,val
data/durian/kaggle_durian_leaf_disease_dataset/images/val__ALLOCARIDARA_ATTACK__to_label_1005.jpg,ALLOCARIDARA_ATTACK,val
data/durian/kaggle_durian_leaf_disease_dataset/images/val__ALLOCARIDARA_ATTACK__to_label_1024.jpg,ALLOCARIDARA_ATTACK,val
data/durian/kaggle_durian_leaf_disease_dataset/images/val__ALLOCARIDARA_ATTACK__to_label_1030.jpg,ALLOCARIDARA_ATTACK,val
data/durian/kaggle_durian_leaf_disease_dataset/images/val__ALLOCARIDARA_ATTACK__to_label_1034.jpg,ALLOCARIDARA_ATTACK,val
data/durian/kaggle_durian_leaf_disease_dataset/images/val__ALLOCARIDARA_ATTACK__to_label_1058.jpg,ALLOCARIDARA_ATTACK,val
data/durian/kaggle_durian_leaf_disease_dataset/images/val__ALLOCARIDARA_ATTACK__to_label_1069.jpg,ALLOCARIDARA_ATTACK,val
data/durian/kaggle_durian_leaf_disease_dataset/images/val__ALLOCARIDARA_ATTACK__to_label_1072.jpg,ALLOCARIDARA_ATTACK,val
data/durian/kaggle_durian_leaf_disease_dataset/images/val__ALLOCARIDARA_ATTACK__to_label_1085.jpg,ALLOCARIDARA_ATTACK,val
data/durian/kaggle_durian_leaf_disease_dataset/images/val__ALLOCARIDARA_ATTACK__to_label_1086.jpg,ALLOCARIDARA_ATTACK,val
data/durian/kaggle_durian_leaf_disease_dataset/images/val__ALLOCARIDARA_ATTACK__to_label_1087.jpg,ALLOCARIDARA_ATTACK,val
data/durian/kaggle_durian_leaf_disease_dataset/images/val__ALLOCARIDARA_ATTACK__to_label_1090.jpg,ALLOCARIDARA_ATTACK,val
data/durian/kaggle_durian_leaf_disease_dataset/images/val__ALLOCARIDARA_ATTACK__to_label_1091.jpg,ALLOCARIDARA_ATTACK,val
data/durian/kaggle_durian_leaf_disease_dataset/images/val__ALLOCARIDARA_ATTACK__to_label_1105.jpg,ALLOCARIDARA_ATTACK,val
data/durian/kaggle_durian_leaf_disease_dataset/images/val__ALLOCARIDARA_ATTACK__to_label_1116.jpg,ALLOCARIDARA_ATTACK,val
data/durian/kaggle_durian_leaf_disease_dataset/images/val__ALLOCARIDARA_ATTACK__to_label_1119.jpg,ALLOCARIDARA_ATTACK,val
data/durian/kaggle_durian_leaf_disease_dataset/images/val__ALLOCARIDARA_ATTACK__to_label_1129.jpg,ALLOCARIDARA_ATTACK,val
data/durian/kaggle_durian_leaf_disease_dataset/images/val__ALLOCARIDARA_ATTACK__to_label_1143.jpg,ALLOCARIDARA_ATTACK,val
data/durian/kaggle_durian_leaf_disease_dataset/images/val__ALLOCARIDARA_ATTACK__to_label_1168.jpg,ALLOCARIDARA_ATTACK,val
data/durian/kaggle_durian_leaf_disease_dataset/images/val__ALLOCARIDARA_ATTACK__to_label_1178.jpg,ALLOCARIDARA_ATTACK,val
data/durian/kaggle_durian_leaf_disease_dataset/images/val__ALLOCARIDARA_ATTACK__to_label_1184.jpg,ALLOCARIDARA_ATTACK,val
data/durian/kaggle_durian_leaf_disease_dataset/images/val__ALLOCARIDARA_ATTACK__to_label_1237.jpg,ALLOCARIDARA_ATTACK,val
data/durian/kaggle_durian_leaf_disease_dataset/images/val__ALLOCARIDARA_ATTACK__to_label_1241.jpg,ALLOCARIDARA_ATTACK,val
data/durian/kaggle_durian_leaf_disease_dataset/images/val__ALLOCARIDARA_ATTACK__to_label_1258.jpg,ALLOCARIDARA_ATTACK,val
data/durian/kaggle_durian_leaf_disease_dataset/images/val__ALLOCARIDARA_ATTACK__to_label_1270.jpg,ALLOCARIDARA_ATTACK,val
data/durian/kaggle_durian_leaf_disease_dataset/images/val__ALLOCARIDARA_ATTACK__to_label_1277.jpg,ALLOCARIDARA_ATTACK,val
data/durian/kaggle_durian_leaf_disease_dataset/images/val__ALLOCARIDARA_ATTACK__to_label_1286.jpg,ALLOCARIDARA_ATTACK,val
data/durian/kaggle_durian_leaf_disease_dataset/images/val__ALLOCARIDARA_ATTACK__to_label_1291.jpg,ALLOCARIDARA_ATTACK,val
data/durian/kaggle_durian_leaf_disease_dataset/images/val__ALLOCARIDARA_ATTACK__to_label_1303.jpg,ALLOCARIDARA_ATTACK,val
data/durian/kaggle_durian_leaf_disease_dataset/images/val__ALLOCARIDARA_ATTACK__to_label_1307.jpg,ALLOCARIDARA_ATTACK,val
data/durian/kaggle_durian_leaf_disease_dataset/images/val__ALLOCARIDARA_ATTACK__to_label_1311.jpg,ALLOCARIDARA_ATTACK,val
data/durian/kaggle_durian_leaf_disease_dataset/images/val__ALLOCARIDARA_ATTACK__to_label_1322.jpg,ALLOCARIDARA_ATTACK,val
data/durian/kaggle_durian_leaf_disease_dataset/images/val__ALLOCARIDARA_ATTACK__to_label_1325.jpg,ALLOCARIDARA_ATTACK,val
data/durian/kaggle_durian_leaf_disease_dataset/images/val__ALLOCARIDARA_ATTACK__to_label_1327.jpg,ALLOCARIDARA_ATTACK,val
data/durian/kaggle_durian_leaf_disease_dataset/images/val__ALLOCARIDARA_ATTACK__to_label_1330.jpg,ALLOCARIDARA_ATTACK,val
data/durian/kaggle_durian_leaf_disease_dataset/images/val__ALLOCARIDARA_ATTACK__to_label_1339.jpg,ALLOCARIDARA_ATTACK,val
data/durian/kaggle_durian_leaf_disease_dataset/images/val__ALLOCARIDARA_ATTACK__to_label_1342.jpg,ALLOCARIDARA_ATTACK,val
data/durian/kaggle_durian_leaf_disease_dataset/images/val__ALLOCARIDARA_ATTACK__to_label_1349.jpg,ALLOCARIDARA_ATTACK,val
data/durian/kaggle_durian_leaf_disease_dataset/images/val__ALLOCARIDARA_ATTACK__to_label_1357.jpg,ALLOCARIDARA_ATTACK,val
data/durian/kaggle_durian_leaf_disease_dataset/images/val__ALLOCARIDARA_ATTACK__to_label_1362.jpg,ALLOCARIDARA_ATTACK,val
data/durian/kaggle_durian_leaf_disease_dataset/images/val__ALLOCARIDARA_ATTACK__to_label_1368.jpg,ALLOCARIDARA_ATTACK,val
data/durian/kaggle_durian_leaf_disease_dataset/images/val__ALLOCARIDARA_ATTACK__to_label_1370.jpg,ALLOCARIDARA_ATTACK,val
data/durian/kaggle_durian_leaf_disease_dataset/images/val__ALLOCARIDARA_ATTACK__to_label_1374.jpg,ALLOCARIDARA_ATTACK,val
data/durian/kaggle_durian_leaf_disease_dataset/images/val__ALLOCARIDARA_ATTACK__to_label_1393.jpg,ALLOCARIDARA_ATTACK,val
data/durian/kaggle_durian_leaf_disease_dataset/images/val__ALLOCARIDARA_ATTACK__to_label_1400.jpg,ALLOCARIDARA_ATTACK,val
data/durian/kaggle_durian_leaf_disease_dataset/images/val__ALLOCARIDARA_ATTACK__to_label_1418.jpg,ALLOCARIDARA_ATTACK,val
data/durian/kaggle_durian_leaf_disease_dataset/images/val__ALLOCARIDARA_ATTACK__to_label_1435.jpg,ALLOCARIDARA_ATTACK,val
data/durian/kaggle_durian_leaf_disease_dataset/images/val__ALLOCARIDARA_ATTACK__to_label_1441.jpg,ALLOCARIDARA_ATTACK,val
data/durian/kaggle_durian_leaf_disease_dataset/images/val__ALLOCARIDARA_ATTACK__to_label_1446.jpg,ALLOCARIDARA_ATTACK,val
data/durian/kaggle_durian_leaf_disease_dataset/images/val__ALLOCARIDARA_ATTACK__to_label_1452.jpg,ALLOCARIDARA_ATTACK,val
data/durian/kaggle_durian_leaf_disease_dataset/images/val__ALLOCARIDARA_ATTACK__to_label_1457.jpg,ALLOCARIDARA_ATTACK,val
data/durian/kaggle_durian_leaf_disease_dataset/images/val__ALLOCARIDARA_ATTACK__to_label_1458.jpg,ALLOCARIDARA_ATTACK,val
data/durian/kaggle_durian_leaf_disease_dataset/images/val__ALLOCARIDARA_ATTACK__to_label_1462.jpg,ALLOCARIDARA_ATTACK,val
data/durian/kaggle_durian_leaf_disease_dataset/images/val__ALLOCARIDARA_ATTACK__to_label_1464.jpg,ALLOCARIDARA_ATTACK,val
data/durian/kaggle_durian_leaf_disease_dataset/images/val__ALLOCARIDARA_ATTACK__to_label_1466.jpg,ALLOCARIDARA_ATTACK,val
data/durian/kaggle_durian_leaf_disease_dataset/images/val__ALLOCARIDARA_ATTACK__to_label_1470.jpg,ALLOCARIDARA_ATTACK,val
data/durian/kaggle_durian_leaf_disease_dataset/images/val__ALLOCARIDARA_ATTACK__to_label_1475.jpg,ALLOCARIDARA_ATTACK,val
data/durian/kaggle_durian_leaf_disease_dataset/images/val__ALLOCARIDARA_ATTACK__to_label_1481.jpg,ALLOCARIDARA_ATTACK,val
data/durian/kaggle_durian_leaf_disease_dataset/images/val__ALLOCARIDARA_ATTACK__to_label_1490.jpg,ALLOCARIDARA_ATTACK,val
data/durian/kaggle_durian_leaf_disease_dataset/images/val__ALLOCARIDARA_ATTACK__to_label_1495.jpg,ALLOCARIDARA_ATTACK,val
data/durian/kaggle_durian_leaf_disease_dataset/images/val__ALLOCARIDARA_ATTACK__to_label_1511.jpg,ALLOCARIDARA_ATTACK,val
data/durian/kaggle_durian_leaf_disease_dataset/images/val__ALLOCARIDARA_ATTACK__to_label_1520.jpg,ALLOCARIDARA_ATTACK,val
data/durian/kaggle_durian_leaf_disease_dataset/images/val__ALLOCARIDARA_ATTACK__to_label_1536.jpg,ALLOCARIDARA_ATTACK,val
data/durian/kaggle_durian_leaf_disease_dataset/images/val__ALLOCARIDARA_ATTACK__to_label_1553.jpg,ALLOCARIDARA_ATTACK,val
data/durian/kaggle_durian_leaf_disease_dataset/images/val__ALLOCARIDARA_ATTACK__to_label_1558.jpg,ALLOCARIDARA_ATTACK,val
data/durian/kaggle_durian_leaf_disease_dataset/images/val__ALLOCARIDARA_ATTACK__to_label_1559.jpg,ALLOCARIDARA_ATTACK,val
data/durian/kaggle_durian_leaf_disease_dataset/images/val__ALLOCARIDARA_ATTACK__to_label_1565.jpg,ALLOCARIDARA_ATTACK,val
data/durian/kaggle_durian_leaf_disease_dataset/images/val__ALLOCARIDARA_ATTACK__to_label_1584.jpg,ALLOCARIDARA_ATTACK,val
data/durian/kaggle_durian_leaf_disease_dataset/images/val__ALLOCARIDARA_ATTACK__to_label_1602.jpg,ALLOCARIDARA_ATTACK,val
data/durian/kaggle_durian_leaf_disease_dataset/images/val__ALLOCARIDARA_ATTACK__to_label_1605.jpg,ALLOCARIDARA_ATTACK,val
data/durian/kaggle_durian_leaf_disease_dataset/images/val__ALLOCARIDARA_ATTACK__to_label_1609.jpg,ALLOCARIDARA_ATTACK,val
data/durian/kaggle_durian_leaf_disease_dataset/images/val__ALLOCARIDARA_ATTACK__to_label_1618.jpg,ALLOCARIDARA_ATTACK,val
data/durian/kaggle_durian_leaf_disease_dataset/images/val__ALLOCARIDARA_ATTACK__to_label_1635.jpg,ALLOCARIDARA_ATTACK,val
data/durian/kaggle_durian_leaf_disease_dataset/images/val__ALLOCARIDARA_ATTACK__to_label_1664.jpg,ALLOCARIDARA_ATTACK,val
data/durian/kaggle_durian_leaf_disease_dataset/images/val__ALLOCARIDARA_ATTACK__to_label_1666.jpg,ALLOCARIDARA_ATTACK,val
data/durian/kaggle_durian_leaf_disease_dataset/images/val__ALLOCARIDARA_ATTACK__to_label_1681.jpg,ALLOCARIDARA_ATTACK,val
data/durian/kaggle_durian_leaf_disease_dataset/images/val__ALLOCARIDARA_ATTACK__to_label_749.jpg,ALLOCARIDARA_ATTACK,val
data/durian/kaggle_durian_leaf_disease_dataset/images/val__ALLOCARIDARA_ATTACK__to_label_754.jpg,ALLOCARIDARA_ATTACK,val
data/durian/kaggle_durian_leaf_disease_dataset/images/val__ALLOCARIDARA_ATTACK__to_label_783.jpg,ALLOCARIDARA_ATTACK,val
data/durian/kaggle_durian_leaf_disease_dataset/images/val__ALLOCARIDARA_ATTACK__to_label_787.jpg,ALLOCARIDARA_ATTACK,val
data/durian/kaggle_durian_leaf_disease_dataset/images/val__ALLOCARIDARA_ATTACK__to_label_875.jpg,ALLOCARIDARA_ATTACK,val
data/durian/kaggle_durian_leaf_disease_dataset/images/val__ALLOCARIDARA_ATTACK__to_label_895.jpg,ALLOCARIDARA_ATTACK,val
data/durian/kaggle_durian_leaf_disease_dataset/images/val__ALLOCARIDARA_ATTACK__to_label_912.jpg,ALLOCARIDARA_ATTACK,val
data/durian/kaggle_durian_leaf_disease_dataset/images/val__ALLOCARIDARA_ATTACK__to_label_929.jpg,ALLOCARIDARA_ATTACK,val
data/durian/kaggle_durian_leaf_disease_dataset/images/val__ALLOCARIDARA_ATTACK__to_label_932.jpg,ALLOCARIDARA_ATTACK,val
data/durian/kaggle_durian_leaf_disease_dataset/images/val__ALLOCARIDARA_ATTACK__to_label_938.jpg,ALLOCARIDARA_ATTACK,val
data/durian/kaggle_durian_leaf_disease_dataset/images/val__ALLOCARIDARA_ATTACK__to_label_940.jpg,ALLOCARIDARA_ATTACK,val
data/durian/kaggle_durian_leaf_disease_dataset/images/val__ALLOCARIDARA_ATTACK__to_label_948.jpg,ALLOCARIDARA_ATTACK,val
data/durian/kaggle_durian_leaf_disease_dataset/images/val__ALLOCARIDARA_ATTACK__to_label_950.jpg,ALLOCARIDARA_ATTACK,val
data/durian/kaggle_durian_leaf_disease_dataset/images/val__ALLOCARIDARA_ATTACK__to_label_977.jpg,ALLOCARIDARA_ATTACK,val
data/durian/kaggle_durian_leaf_disease_dataset/images/val__ALLOCARIDARA_ATTACK__to_label_995.jpg,ALLOCARIDARA_ATTACK,val
data/durian/kaggle_durian_leaf_disease_dataset/images/val__HEALTHY_LEAF__to_label_1712.jpg,HEALTHY_LEAF,val
data/durian/kaggle_durian_leaf_disease_dataset/images/val__HEALTHY_LEAF__to_label_1741.jpg,HEALTHY_LEAF,val
data/durian/kaggle_durian_leaf_disease_dataset/images/val__HEALTHY_LEAF__to_label_1743.jpg,HEALTHY_LEAF,val
data/durian/kaggle_durian_leaf_disease_dataset/images/val__HEALTHY_LEAF__to_label_1749.jpg,HEALTHY_LEAF,val
data/durian/kaggle_durian_leaf_disease_dataset/images/val__HEALTHY_LEAF__to_label_1759.jpg,HEALTHY_LEAF,val
data/durian/kaggle_durian_leaf_disease_dataset/images/val__HEALTHY_LEAF__to_label_1765.jpg,HEALTHY_LEAF,val
data/durian/kaggle_durian_leaf_disease_dataset/images/val__HEALTHY_LEAF__to_label_1770.jpg,HEALTHY_LEAF,val
data/durian/kaggle_durian_leaf_disease_dataset/images/val__HEALTHY_LEAF__to_label_1782.jpg,HEALTHY_LEAF,val
data/durian/kaggle_durian_leaf_disease_dataset/images/val__HEALTHY_LEAF__to_label_1794.jpg,HEALTHY_LEAF,val
data/durian/kaggle_durian_leaf_disease_dataset/images/val__HEALTHY_LEAF__to_label_1796.jpg,HEALTHY_LEAF,val
data/durian/kaggle_durian_leaf_disease_dataset/images/val__HEALTHY_LEAF__to_label_1798.jpg,HEALTHY_LEAF,val
data/durian/kaggle_durian_leaf_disease_dataset/images/val__HEALTHY_LEAF__to_label_1806.jpg,HEALTHY_LEAF,val
data/durian/kaggle_durian_leaf_disease_dataset/images/val__HEALTHY_LEAF__to_label_1807.jpg,HEALTHY_LEAF,val
data/durian/kaggle_durian_leaf_disease_dataset/images/val__HEALTHY_LEAF__to_label_1830.jpg,HEALTHY_LEAF,val
data/durian/kaggle_durian_leaf_disease_dataset/images/val__HEALTHY_LEAF__to_label_1847.jpg,HEALTHY_LEAF,val
data/durian/kaggle_durian_leaf_disease_dataset/images/val__HEALTHY_LEAF__to_label_1878.jpg,HEALTHY_LEAF,val
data/durian/kaggle_durian_leaf_disease_dataset/images/val__HEALTHY_LEAF__to_label_1902.jpg,HEALTHY_LEAF,val
data/durian/kaggle_durian_leaf_disease_dataset/images/val__HEALTHY_LEAF__to_label_1914.jpg,HEALTHY_LEAF,val
data/durian/kaggle_durian_leaf_disease_dataset/images/val__HEALTHY_LEAF__to_label_1921.jpg,HEALTHY_LEAF,val
data/durian/kaggle_durian_leaf_disease_dataset/images/val__HEALTHY_LEAF__to_label_1923.jpg,HEALTHY_LEAF,val
data/durian/kaggle_durian_leaf_disease_dataset/images/val__HEALTHY_LEAF__to_label_1925.jpg,HEALTHY_LEAF,val
data/durian/kaggle_durian_leaf_disease_dataset/images/val__HEALTHY_LEAF__to_label_1941.jpg,HEALTHY_LEAF,val
data/durian/kaggle_durian_leaf_disease_dataset/images/val__HEALTHY_LEAF__to_label_1957.jpg,HEALTHY_LEAF,val
data/durian/kaggle_durian_leaf_disease_dataset/images/val__HEALTHY_LEAF__to_label_1960.jpg,HEALTHY_LEAF,val
data/durian/kaggle_durian_leaf_disease_dataset/images/val__HEALTHY_LEAF__to_label_1964.jpg,HEALTHY_LEAF,val
data/durian/kaggle_durian_leaf_disease_dataset/images/val__HEALTHY_LEAF__to_label_1970.jpg,HEALTHY_LEAF,val
data/durian/kaggle_durian_leaf_disease_dataset/images/val__HEALTHY_LEAF__to_label_1971.jpg,HEALTHY_LEAF,val
data/durian/kaggle_durian_leaf_disease_dataset/images/val__HEALTHY_LEAF__to_label_2009.jpg,HEALTHY_LEAF,val
data/durian/kaggle_durian_leaf_disease_dataset/images/val__HEALTHY_LEAF__to_label_2015.jpg,HEALTHY_LEAF,val
data/durian/kaggle_durian_leaf_disease_dataset/images/val__HEALTHY_LEAF__to_label_2016.jpg,HEALTHY_LEAF,val
data/durian/kaggle_durian_leaf_disease_dataset/images/val__HEALTHY_LEAF__to_label_2019.jpg,HEALTHY_LEAF,val
data/durian/kaggle_durian_leaf_disease_dataset/images/val__HEALTHY_LEAF__to_label_2029.jpg,HEALTHY_LEAF,val
data/durian/kaggle_durian_leaf_disease_dataset/images/val__HEALTHY_LEAF__to_label_2037.jpg,HEALTHY_LEAF,val
data/durian/kaggle_durian_leaf_disease_dataset/images/val__HEALTHY_LEAF__to_label_2042.jpg,HEALTHY_LEAF,val
data/durian/kaggle_durian_leaf_disease_dataset/images/val__HEALTHY_LEAF__to_label_2043.jpg,HEALTHY_LEAF,val
data/durian/kaggle_durian_leaf_disease_dataset/images/val__HEALTHY_LEAF__to_label_2054.jpg,HEALTHY_LEAF,val
data/durian/kaggle_durian_leaf_disease_dataset/images/val__HEALTHY_LEAF__to_label_2056.jpg,HEALTHY_LEAF,val
data/durian/kaggle_durian_leaf_disease_dataset/images/val__HEALTHY_LEAF__to_label_2062.jpg,HEALTHY_LEAF,val
data/durian/kaggle_durian_leaf_disease_dataset/images/val__HEALTHY_LEAF__to_label_2069.jpg,HEALTHY_LEAF,val
data/durian/kaggle_durian_leaf_disease_dataset/images/val__HEALTHY_LEAF__to_label_2072.jpg,HEALTHY_LEAF,val
data/durian/kaggle_durian_leaf_disease_dataset/images/val__HEALTHY_LEAF__to_label_2073.jpg,HEALTHY_LEAF,val
data/durian/kaggle_durian_leaf_disease_dataset/images/val__HEALTHY_LEAF__to_label_2075.jpg,HEALTHY_LEAF,val
data/durian/kaggle_durian_leaf_disease_dataset/images/val__HEALTHY_LEAF__to_label_2098.jpg,HEALTHY_LEAF,val
data/durian/kaggle_durian_leaf_disease_dataset/images/val__HEALTHY_LEAF__to_label_2115.jpg,HEALTHY_LEAF,val
data/durian/kaggle_durian_leaf_disease_dataset/images/val__HEALTHY_LEAF__to_label_2133.jpg,HEALTHY_LEAF,val
data/durian/kaggle_durian_leaf_disease_dataset/images/val__HEALTHY_LEAF__to_label_2138.jpg,HEALTHY_LEAF,val
data/durian/kaggle_durian_leaf_disease_dataset/images/val__HEALTHY_LEAF__to_label_2150.jpg,HEALTHY_LEAF,val
data/durian/kaggle_durian_leaf_disease_dataset/images/val__HEALTHY_LEAF__to_label_2152.jpg,HEALTHY_LEAF,val
data/durian/kaggle_durian_leaf_disease_dataset/images/val__HEALTHY_LEAF__to_label_2167.jpg,HEALTHY_LEAF,val
data/durian/kaggle_durian_leaf_disease_dataset/images/val__HEALTHY_LEAF__to_label_2178.jpg,HEALTHY_LEAF,val
data/durian/kaggle_durian_leaf_disease_dataset/images/val__HEALTHY_LEAF__to_label_2187.jpg,HEALTHY_LEAF,val
data/durian/kaggle_durian_leaf_disease_dataset/images/val__HEALTHY_LEAF__to_label_2193.jpg,HEALTHY_LEAF,val
data/durian/kaggle_durian_leaf_disease_dataset/images/val__HEALTHY_LEAF__to_label_2195.jpg,HEALTHY_LEAF,val
data/durian/kaggle_durian_leaf_disease_dataset/images/val__HEALTHY_LEAF__to_label_2196.jpg,HEALTHY_LEAF,val
data/durian/kaggle_durian_leaf_disease_dataset/images/val__HEALTHY_LEAF__to_label_2207.jpg,HEALTHY_LEAF,val
data/durian/kaggle_durian_leaf_disease_dataset/images/val__HEALTHY_LEAF__to_label_2211.jpg,HEALTHY_LEAF,val
data/durian/kaggle_durian_leaf_disease_dataset/images/val__HEALTHY_LEAF__to_label_2226.jpg,HEALTHY_LEAF,val
data/durian/kaggle_durian_leaf_disease_dataset/images/val__HEALTHY_LEAF__to_label_2245.jpg,HEALTHY_LEAF,val
data/durian/kaggle_durian_leaf_disease_dataset/images/val__HEALTHY_LEAF__to_label_2246.jpg,HEALTHY_LEAF,val
data/durian/kaggle_durian_leaf_disease_dataset/images/val__HEALTHY_LEAF__to_label_2249.jpg,HEALTHY_LEAF,val
data/durian/kaggle_durian_leaf_disease_dataset/images/val__HEALTHY_LEAF__to_label_2251.jpg,HEALTHY_LEAF,val
data/durian/kaggle_durian_leaf_disease_dataset/images/val__HEALTHY_LEAF__to_label_2258.jpg,HEALTHY_LEAF,val
data/durian/kaggle_durian_leaf_disease_dataset/images/val__HEALTHY_LEAF__to_label_2291.jpg,HEALTHY_LEAF,val
data/durian/kaggle_durian_leaf_disease_dataset/images/val__HEALTHY_LEAF__to_label_2293.jpg,HEALTHY_LEAF,val
data/durian/kaggle_durian_leaf_disease_dataset/images/val__HEALTHY_LEAF__to_label_2298.jpg,HEALTHY_LEAF,val
data/durian/kaggle_durian_leaf_disease_dataset/images/val__HEALTHY_LEAF__to_label_2309.jpg,HEALTHY_LEAF,val
data/durian/kaggle_durian_leaf_disease_dataset/images/val__HEALTHY_LEAF__to_label_2341.jpg,HEALTHY_LEAF,val
data/durian/kaggle_durian_leaf_disease_dataset/images/val__HEALTHY_LEAF__to_label_2346.jpg,HEALTHY_LEAF,val
data/durian/kaggle_durian_leaf_disease_dataset/images/val__HEALTHY_LEAF__to_label_2348.jpg,HEALTHY_LEAF,val
data/durian/kaggle_durian_leaf_disease_dataset/images/val__HEALTHY_LEAF__to_label_2365.jpg,HEALTHY_LEAF,val
data/durian/kaggle_durian_leaf_disease_dataset/images/val__HEALTHY_LEAF__to_label_2390.jpg,HEALTHY_LEAF,val
data/durian/kaggle_durian_leaf_disease_dataset/images/val__HEALTHY_LEAF__to_label_2392.jpg,HEALTHY_LEAF,val
data/durian/kaggle_durian_leaf_disease_dataset/images/val__HEALTHY_LEAF__to_label_2404.jpg,HEALTHY_LEAF,val
data/durian/kaggle_durian_leaf_disease_dataset/images/val__HEALTHY_LEAF__to_label_2407.jpg,HEALTHY_LEAF,val
data/durian/kaggle_durian_leaf_disease_dataset/images/val__HEALTHY_LEAF__to_label_2420.jpg,HEALTHY_LEAF,val
data/durian/kaggle_durian_leaf_disease_dataset/images/val__HEALTHY_LEAF__to_label_2421.jpg,HEALTHY_LEAF,val
data/durian/kaggle_durian_leaf_disease_dataset/images/val__HEALTHY_LEAF__to_label_2430.jpg,HEALTHY_LEAF,val
data/durian/kaggle_durian_leaf_disease_dataset/images/val__HEALTHY_LEAF__to_label_2431.jpg,HEALTHY_LEAF,val
data/durian/kaggle_durian_leaf_disease_dataset/images/val__HEALTHY_LEAF__to_label_2440.jpg,HEALTHY_LEAF,val
data/durian/kaggle_durian_leaf_disease_dataset/images/val__HEALTHY_LEAF__to_label_2441.jpg,HEALTHY_LEAF,val
data/durian/kaggle_durian_leaf_disease_dataset/images/val__HEALTHY_LEAF__to_label_2470.jpg,HEALTHY_LEAF,val
data/durian/kaggle_durian_leaf_disease_dataset/images/val__HEALTHY_LEAF__to_label_2475.jpg,HEALTHY_LEAF,val
data/durian/kaggle_durian_leaf_disease_dataset/images/val__HEALTHY_LEAF__to_label_2506.jpg,HEALTHY_LEAF,val
data/durian/kaggle_durian_leaf_disease_dataset/images/val__HEALTHY_LEAF__to_label_2517.jpg,HEALTHY_LEAF,val
data/durian/kaggle_durian_leaf_disease_dataset/images/val__HEALTHY_LEAF__to_label_2534.jpg,HEALTHY_LEAF,val
data/durian/kaggle_durian_leaf_disease_dataset/images/val__HEALTHY_LEAF__to_label_2539.jpg,HEALTHY_LEAF,val
data/durian/kaggle_durian_leaf_disease_dataset/images/val__HEALTHY_LEAF__to_label_2557.jpg,HEALTHY_LEAF,val
data/durian/kaggle_durian_leaf_disease_dataset/images/val__HEALTHY_LEAF__to_label_2559.jpg,HEALTHY_LEAF,val
data/durian/kaggle_durian_leaf_disease_dataset/images/val__HEALTHY_LEAF__to_label_2571.jpg,HEALTHY_LEAF,val
data/durian/kaggle_durian_leaf_disease_dataset/images/val__HEALTHY_LEAF__to_label_2574.jpg,HEALTHY_LEAF,val
data/durian/kaggle_durian_leaf_disease_dataset/images/val__HEALTHY_LEAF__to_label_2589.jpg,HEALTHY_LEAF,val
data/durian/kaggle_durian_leaf_disease_dataset/images/val__HEALTHY_LEAF__to_label_2598.jpg,HEALTHY_LEAF,val
data/durian/kaggle_durian_leaf_disease_dataset/images/val__HEALTHY_LEAF__to_label_2604.jpg,HEALTHY_LEAF,val
data/durian/kaggle_durian_leaf_disease_dataset/images/val__HEALTHY_LEAF__to_label_2625.jpg,HEALTHY_LEAF,val
data/durian/kaggle_durian_leaf_disease_dataset/images/val__HEALTHY_LEAF__to_label_2628.jpg,HEALTHY_LEAF,val
data/durian/kaggle_durian_leaf_disease_dataset/images/val__HEALTHY_LEAF__to_label_2636.jpg,HEALTHY_LEAF,val
data/durian/kaggle_durian_leaf_disease_dataset/images/val__HEALTHY_LEAF__to_label_2679.jpg,HEALTHY_LEAF,val
data/durian/kaggle_durian_leaf_disease_dataset/images/val__LEAF_BLIGHT__to_label_2691.jpg,LEAF_BLIGHT,val
data/durian/kaggle_durian_leaf_disease_dataset/images/val__LEAF_BLIGHT__to_label_2693.jpg,LEAF_BLIGHT,val
data/durian/kaggle_durian_leaf_disease_dataset/images/val__LEAF_BLIGHT__to_label_2709.jpg,LEAF_BLIGHT,val
data/durian/kaggle_durian_leaf_disease_dataset/images/val__LEAF_BLIGHT__to_label_2711.jpg,LEAF_BLIGHT,val
data/durian/kaggle_durian_leaf_disease_dataset/images/val__LEAF_BLIGHT__to_label_2716.jpg,LEAF_BLIGHT,val
data/durian/kaggle_durian_leaf_disease_dataset/images/val__LEAF_BLIGHT__to_label_2717.jpg,LEAF_BLIGHT,val
data/durian/kaggle_durian_leaf_disease_dataset/images/val__LEAF_BLIGHT__to_label_2740.jpg,LEAF_BLIGHT,val
data/durian/kaggle_durian_leaf_disease_dataset/images/val__LEAF_BLIGHT__to_label_2749.jpg,LEAF_BLIGHT,val
data/durian/kaggle_durian_leaf_disease_dataset/images/val__LEAF_BLIGHT__to_label_2752.jpg,LEAF_BLIGHT,val
data/durian/kaggle_durian_leaf_disease_dataset/images/val__LEAF_BLIGHT__to_label_2756.jpg,LEAF_BLIGHT,val
data/durian/kaggle_durian_leaf_disease_dataset/images/val__LEAF_BLIGHT__to_label_2762.jpg,LEAF_BLIGHT,val
data/durian/kaggle_durian_leaf_disease_dataset/images/val__LEAF_BLIGHT__to_label_2770.jpg,LEAF_BLIGHT,val
data/durian/kaggle_durian_leaf_disease_dataset/images/val__LEAF_BLIGHT__to_label_2772.jpg,LEAF_BLIGHT,val
data/durian/kaggle_durian_leaf_disease_dataset/images/val__LEAF_BLIGHT__to_label_2793.jpg,LEAF_BLIGHT,val
data/durian/kaggle_durian_leaf_disease_dataset/images/val__LEAF_BLIGHT__to_label_2806.jpg,LEAF_BLIGHT,val
data/durian/kaggle_durian_leaf_disease_dataset/images/val__LEAF_BLIGHT__to_label_2819.jpg,LEAF_BLIGHT,val
data/durian/kaggle_durian_leaf_disease_dataset/images/val__LEAF_BLIGHT__to_label_2822.jpg,LEAF_BLIGHT,val
data/durian/kaggle_durian_leaf_disease_dataset/images/val__LEAF_BLIGHT__to_label_2851.jpg,LEAF_BLIGHT,val
data/durian/kaggle_durian_leaf_disease_dataset/images/val__LEAF_BLIGHT__to_label_2885.jpg,LEAF_BLIGHT,val
data/durian/kaggle_durian_leaf_disease_dataset/images/val__LEAF_BLIGHT__to_label_2896.jpg,LEAF_BLIGHT,val
data/durian/kaggle_durian_leaf_disease_dataset/images/val__LEAF_BLIGHT__to_label_2897.jpg,LEAF_BLIGHT,val
data/durian/kaggle_durian_leaf_disease_dataset/images/val__LEAF_BLIGHT__to_label_2901.jpg,LEAF_BLIGHT,val
data/durian/kaggle_durian_leaf_disease_dataset/images/val__LEAF_BLIGHT__to_label_2913.jpg,LEAF_BLIGHT,val
data/durian/kaggle_durian_leaf_disease_dataset/images/val__LEAF_BLIGHT__to_label_2914.jpg,LEAF_BLIGHT,val
data/durian/kaggle_durian_leaf_disease_dataset/images/val__LEAF_BLIGHT__to_label_2940.jpg,LEAF_BLIGHT,val
data/durian/kaggle_durian_leaf_disease_dataset/images/val__LEAF_BLIGHT__to_label_2946.jpg,LEAF_BLIGHT,val
data/durian/kaggle_durian_leaf_disease_dataset/images/val__LEAF_BLIGHT__to_label_2947.jpg,LEAF_BLIGHT,val
data/durian/kaggle_durian_leaf_disease_dataset/images/val__LEAF_BLIGHT__to_label_2961.jpg,LEAF_BLIGHT,val
data/durian/kaggle_durian_leaf_disease_dataset/images/val__LEAF_BLIGHT__to_label_2985.jpg,LEAF_BLIGHT,val
data/durian/kaggle_durian_leaf_disease_dataset/images/val__LEAF_BLIGHT__to_label_2996.jpg,LEAF_BLIGHT,val
data/durian/kaggle_durian_leaf_disease_dataset/images/val__LEAF_BLIGHT__to_label_2998.jpg,LEAF_BLIGHT,val
data/durian/kaggle_durian_leaf_disease_dataset/images/val__LEAF_BLIGHT__to_label_3002.jpg,LEAF_BLIGHT,val
data/durian/kaggle_durian_leaf_disease_dataset/images/val__LEAF_BLIGHT__to_label_3004.jpg,LEAF_BLIGHT,val
data/durian/kaggle_durian_leaf_disease_dataset/images/val__LEAF_BLIGHT__to_label_3005.jpg,LEAF_BLIGHT,val
data/durian/kaggle_durian_leaf_disease_dataset/images/val__LEAF_BLIGHT__to_label_3012.jpg,LEAF_BLIGHT,val
data/durian/kaggle_durian_leaf_disease_dataset/images/val__LEAF_BLIGHT__to_label_3048.jpg,LEAF_BLIGHT,val
data/durian/kaggle_durian_leaf_disease_dataset/images/val__LEAF_BLIGHT__to_label_3057.jpg,LEAF_BLIGHT,val
data/durian/kaggle_durian_leaf_disease_dataset/images/val__LEAF_BLIGHT__to_label_3094.jpg,LEAF_BLIGHT,val
data/durian/kaggle_durian_leaf_disease_dataset/images/val__LEAF_BLIGHT__to_label_3095.jpg,LEAF_BLIGHT,val
data/durian/kaggle_durian_leaf_disease_dataset/images/val__LEAF_BLIGHT__to_label_3103.jpg,LEAF_BLIGHT,val
data/durian/kaggle_durian_leaf_disease_dataset/images/val__LEAF_BLIGHT__to_label_3106.jpg,LEAF_BLIGHT,val
data/durian/kaggle_durian_leaf_disease_dataset/images/val__LEAF_BLIGHT__to_label_3112.jpg,LEAF_BLIGHT,val
data/durian/kaggle_durian_leaf_disease_dataset/images/val__LEAF_BLIGHT__to_label_3122.jpg,LEAF_BLIGHT,val
data/durian/kaggle_durian_leaf_disease_dataset/images/val__LEAF_BLIGHT__to_label_3125.jpg,LEAF_BLIGHT,val
data/durian/kaggle_durian_leaf_disease_dataset/images/val__LEAF_BLIGHT__to_label_3128.jpg,LEAF_BLIGHT,val
data/durian/kaggle_durian_leaf_disease_dataset/images/val__LEAF_BLIGHT__to_label_3130.jpg,LEAF_BLIGHT,val
data/durian/kaggle_durian_leaf_disease_dataset/images/val__LEAF_BLIGHT__to_label_3137.jpg,LEAF_BLIGHT,val
data/durian/kaggle_durian_leaf_disease_dataset/images/val__LEAF_BLIGHT__to_label_3143.jpg,LEAF_BLIGHT,val
data/durian/kaggle_durian_leaf_disease_dataset/images/val__LEAF_BLIGHT__to_label_3148.jpg,LEAF_BLIGHT,val
data/durian/kaggle_durian_leaf_disease_dataset/images/val__LEAF_BLIGHT__to_label_3150.jpg,LEAF_BLIGHT,val
data/durian/kaggle_durian_leaf_disease_dataset/images/val__LEAF_BLIGHT__to_label_3153.jpg,LEAF_BLIGHT,val
data/durian/kaggle_durian_leaf_disease_dataset/images/val__LEAF_BLIGHT__to_label_3164.jpg,LEAF_BLIGHT,val
data/durian/kaggle_durian_leaf_disease_dataset/images/val__LEAF_BLIGHT__to_label_3171.jpg,LEAF_BLIGHT,val
data/durian/kaggle_durian_leaf_disease_dataset/images/val__LEAF_BLIGHT__to_label_3202.jpg,LEAF_BLIGHT,val
data/durian/kaggle_durian_leaf_disease_dataset/images/val__LEAF_BLIGHT__to_label_3208.jpg,LEAF_BLIGHT,val
data/durian/kaggle_durian_leaf_disease_dataset/images/val__LEAF_BLIGHT__to_label_3218.jpg,LEAF_BLIGHT,val
data/durian/kaggle_durian_leaf_disease_dataset/images/val__LEAF_BLIGHT__to_label_3234.jpg,LEAF_BLIGHT,val
data/durian/kaggle_durian_leaf_disease_dataset/images/val__LEAF_BLIGHT__to_label_3245.jpg,LEAF_BLIGHT,val
data/durian/kaggle_durian_leaf_disease_dataset/images/val__LEAF_BLIGHT__to_label_3267.jpg,LEAF_BLIGHT,val
data/durian/kaggle_durian_leaf_disease_dataset/images/val__LEAF_BLIGHT__to_label_3268.jpg,LEAF_BLIGHT,val
data/durian/kaggle_durian_leaf_disease_dataset/images/val__LEAF_BLIGHT__to_label_3273.jpg,LEAF_BLIGHT,val
data/durian/kaggle_durian_leaf_disease_dataset/images/val__LEAF_BLIGHT__to_label_3281.jpg,LEAF_BLIGHT,val
data/durian/kaggle_durian_leaf_disease_dataset/images/val__LEAF_BLIGHT__to_label_3287.jpg,LEAF_BLIGHT,val
data/durian/kaggle_durian_leaf_disease_dataset/images/val__LEAF_BLIGHT__to_label_3304.jpg,LEAF_BLIGHT,val
data/durian/kaggle_durian_leaf_disease_dataset/images/val__LEAF_BLIGHT__to_label_3312.jpg,LEAF_BLIGHT,val
data/durian/kaggle_durian_leaf_disease_dataset/images/val__LEAF_BLIGHT__to_label_3320.jpg,LEAF_BLIGHT,val
data/durian/kaggle_durian_leaf_disease_dataset/images/val__LEAF_BLIGHT__to_label_3329.jpg,LEAF_BLIGHT,val
data/durian/kaggle_durian_leaf_disease_dataset/images/val__LEAF_BLIGHT__to_label_3342.jpg,LEAF_BLIGHT,val
data/durian/kaggle_durian_leaf_disease_dataset/images/val__LEAF_BLIGHT__to_label_3352.jpg,LEAF_BLIGHT,val
data/durian/kaggle_durian_leaf_disease_dataset/images/val__LEAF_BLIGHT__to_label_3355.jpg,LEAF_BLIGHT,val
data/durian/kaggle_durian_leaf_disease_dataset/images/val__LEAF_BLIGHT__to_label_3356.jpg,LEAF_BLIGHT,val
data/durian/kaggle_durian_leaf_disease_dataset/images/val__LEAF_BLIGHT__to_label_3393.jpg,LEAF_BLIGHT,val
data/durian/kaggle_durian_leaf_disease_dataset/images/val__LEAF_BLIGHT__to_label_3422.jpg,LEAF_BLIGHT,val
data/durian/kaggle_durian_leaf_disease_dataset/images/val__LEAF_BLIGHT__to_label_3427.jpg,LEAF_BLIGHT,val
data/durian/kaggle_durian_leaf_disease_dataset/images/val__LEAF_BLIGHT__to_label_3438.jpg,LEAF_BLIGHT,val
data/durian/kaggle_durian_leaf_disease_dataset/images/val__LEAF_BLIGHT__to_label_3448.jpg,LEAF_BLIGHT,val
data/durian/kaggle_durian_leaf_disease_dataset/images/val__LEAF_BLIGHT__to_label_3453.jpg,LEAF_BLIGHT,val
data/durian/kaggle_durian_leaf_disease_dataset/images/val__LEAF_BLIGHT__to_label_3459.jpg,LEAF_BLIGHT,val
data/durian/kaggle_durian_leaf_disease_dataset/images/val__LEAF_BLIGHT__to_label_3473.jpg,LEAF_BLIGHT,val
data/durian/kaggle_durian_leaf_disease_dataset/images/val__LEAF_BLIGHT__to_label_3489.jpg,LEAF_BLIGHT,val
data/durian/kaggle_durian_leaf_disease_dataset/images/val__LEAF_BLIGHT__to_label_3492.jpg,LEAF_BLIGHT,val
data/durian/kaggle_durian_leaf_disease_dataset/images/val__LEAF_BLIGHT__to_label_3493.jpg,LEAF_BLIGHT,val
data/durian/kaggle_durian_leaf_disease_dataset/images/val__LEAF_BLIGHT__to_label_3502.jpg,LEAF_BLIGHT,val
data/durian/kaggle_durian_leaf_disease_dataset/images/val__LEAF_BLIGHT__to_label_3509.jpg,LEAF_BLIGHT,val
data/durian/kaggle_durian_leaf_disease_dataset/images/val__LEAF_BLIGHT__to_label_3511.jpg,LEAF_BLIGHT,val
data/durian/kaggle_durian_leaf_disease_dataset/images/val__LEAF_BLIGHT__to_label_3537.jpg,LEAF_BLIGHT,val
data/durian/kaggle_durian_leaf_disease_dataset/images/val__LEAF_BLIGHT__to_label_3548.jpg,LEAF_BLIGHT,val
data/durian/kaggle_durian_leaf_disease_dataset/images/val__LEAF_BLIGHT__to_label_3560.jpg,LEAF_BLIGHT,val
data/durian/kaggle_durian_leaf_disease_dataset/images/val__LEAF_BLIGHT__to_label_3570.jpg,LEAF_BLIGHT,val
data/durian/kaggle_durian_leaf_disease_dataset/images/val__LEAF_BLIGHT__to_label_3572.jpg,LEAF_BLIGHT,val
data/durian/kaggle_durian_leaf_disease_dataset/images/val__LEAF_BLIGHT__to_label_3580.jpg,LEAF_BLIGHT,val
data/durian/kaggle_durian_leaf_disease_dataset/images/val__LEAF_BLIGHT__to_label_3583.jpg,LEAF_BLIGHT,val
data/durian/kaggle_durian_leaf_disease_dataset/images/val__LEAF_BLIGHT__to_label_3584.jpg,LEAF_BLIGHT,val
data/durian/kaggle_durian_leaf_disease_dataset/images/val__LEAF_BLIGHT__to_label_3601.jpg,LEAF_BLIGHT,val
data/durian/kaggle_durian_leaf_disease_dataset/images/val__PHOMOPSIS_LEAF_SPOT__to_label_3625.jpg,PHOMOPSIS_LEAF_SPOT,val
data/durian/kaggle_durian_leaf_disease_dataset/images/val__PHOMOPSIS_LEAF_SPOT__to_label_3633.jpg,PHOMOPSIS_LEAF_SPOT,val
data/durian/kaggle_durian_leaf_disease_dataset/images/val__PHOMOPSIS_LEAF_SPOT__to_label_3652.jpg,PHOMOPSIS_LEAF_SPOT,val
data/durian/kaggle_durian_leaf_disease_dataset/images/val__PHOMOPSIS_LEAF_SPOT__to_label_3654.jpg,PHOMOPSIS_LEAF_SPOT,val
data/durian/kaggle_durian_leaf_disease_dataset/images/val__PHOMOPSIS_LEAF_SPOT__to_label_3672.jpg,PHOMOPSIS_LEAF_SPOT,val
data/durian/kaggle_durian_leaf_disease_dataset/images/val__PHOMOPSIS_LEAF_SPOT__to_label_3677.jpg,PHOMOPSIS_LEAF_SPOT,val
data/durian/kaggle_durian_leaf_disease_dataset/images/val__PHOMOPSIS_LEAF_SPOT__to_label_3678.jpg,PHOMOPSIS_LEAF_SPOT,val
data/durian/kaggle_durian_leaf_disease_dataset/images/val__PHOMOPSIS_LEAF_SPOT__to_label_3683.jpg,PHOMOPSIS_LEAF_SPOT,val
data/durian/kaggle_durian_leaf_disease_dataset/images/val__PHOMOPSIS_LEAF_SPOT__to_label_3693.jpg,PHOMOPSIS_LEAF_SPOT,val
data/durian/kaggle_durian_leaf_disease_dataset/images/val__PHOMOPSIS_LEAF_SPOT__to_label_3707.jpg,PHOMOPSIS_LEAF_SPOT,val
data/durian/kaggle_durian_leaf_disease_dataset/images/val__PHOMOPSIS_LEAF_SPOT__to_label_3741.jpg,PHOMOPSIS_LEAF_SPOT,val
data/durian/kaggle_durian_leaf_disease_dataset/images/val__PHOMOPSIS_LEAF_SPOT__to_label_3759.jpg,PHOMOPSIS_LEAF_SPOT,val
data/durian/kaggle_durian_leaf_disease_dataset/images/val__PHOMOPSIS_LEAF_SPOT__to_label_3771.jpg,PHOMOPSIS_LEAF_SPOT,val
data/durian/kaggle_durian_leaf_disease_dataset/images/val__PHOMOPSIS_LEAF_SPOT__to_label_3791.jpg,PHOMOPSIS_LEAF_SPOT,val
data/durian/kaggle_durian_leaf_disease_dataset/images/val__PHOMOPSIS_LEAF_SPOT__to_label_3795.jpg,PHOMOPSIS_LEAF_SPOT,val
data/durian/kaggle_durian_leaf_disease_dataset/images/val__PHOMOPSIS_LEAF_SPOT__to_label_3797.jpg,PHOMOPSIS_LEAF_SPOT,val
data/durian/kaggle_durian_leaf_disease_dataset/images/val__PHOMOPSIS_LEAF_SPOT__to_label_3819.jpg,PHOMOPSIS_LEAF_SPOT,val
data/durian/kaggle_durian_leaf_disease_dataset/images/val__PHOMOPSIS_LEAF_SPOT__to_label_3821.jpg,PHOMOPSIS_LEAF_SPOT,val
data/durian/kaggle_durian_leaf_disease_dataset/images/val__PHOMOPSIS_LEAF_SPOT__to_label_3835.jpg,PHOMOPSIS_LEAF_SPOT,val
data/durian/kaggle_durian_leaf_disease_dataset/images/val__PHOMOPSIS_LEAF_SPOT__to_label_3836.jpg,PHOMOPSIS_LEAF_SPOT,val
data/durian/kaggle_durian_leaf_disease_dataset/images/val__PHOMOPSIS_LEAF_SPOT__to_label_3841.jpg,PHOMOPSIS_LEAF_SPOT,val
data/durian/kaggle_durian_leaf_disease_dataset/images/val__PHOMOPSIS_LEAF_SPOT__to_label_3870.jpg,PHOMOPSIS_LEAF_SPOT,val
data/durian/kaggle_durian_leaf_disease_dataset/images/val__PHOMOPSIS_LEAF_SPOT__to_label_3904.jpg,PHOMOPSIS_LEAF_SPOT,val
data/durian/kaggle_durian_leaf_disease_dataset/images/val__PHOMOPSIS_LEAF_SPOT__to_label_3915.jpg,PHOMOPSIS_LEAF_SPOT,val
data/durian/kaggle_durian_leaf_disease_dataset/images/val__PHOMOPSIS_LEAF_SPOT__to_label_3921.jpg,PHOMOPSIS_LEAF_SPOT,val
data/durian/kaggle_durian_leaf_disease_dataset/images/val__PHOMOPSIS_LEAF_SPOT__to_label_3939.jpg,PHOMOPSIS_LEAF_SPOT,val
data/durian/kaggle_durian_leaf_disease_dataset/images/val__PHOMOPSIS_LEAF_SPOT__to_label_3946.jpg,PHOMOPSIS_LEAF_SPOT,val
data/durian/kaggle_durian_leaf_disease_dataset/images/val__PHOMOPSIS_LEAF_SPOT__to_label_3951.jpg,PHOMOPSIS_LEAF_SPOT,val
data/durian/kaggle_durian_leaf_disease_dataset/images/val__PHOMOPSIS_LEAF_SPOT__to_label_3955.jpg,PHOMOPSIS_LEAF_SPOT,val
data/durian/kaggle_durian_leaf_disease_dataset/images/val__PHOMOPSIS_LEAF_SPOT__to_label_3965.jpg,PHOMOPSIS_LEAF_SPOT,val
data/durian/kaggle_durian_leaf_disease_dataset/images/val__PHOMOPSIS_LEAF_SPOT__to_label_3967.jpg,PHOMOPSIS_LEAF_SPOT,val
data/durian/kaggle_durian_leaf_disease_dataset/images/val__PHOMOPSIS_LEAF_SPOT__to_label_3969.jpg,PHOMOPSIS_LEAF_SPOT,val
data/durian/kaggle_durian_leaf_disease_dataset/images/val__PHOMOPSIS_LEAF_SPOT__to_label_3973.jpg,PHOMOPSIS_LEAF_SPOT,val
data/durian/kaggle_durian_leaf_disease_dataset/images/val__PHOMOPSIS_LEAF_SPOT__to_label_3974.jpg,PHOMOPSIS_LEAF_SPOT,val
data/durian/kaggle_durian_leaf_disease_dataset/images/val__PHOMOPSIS_LEAF_SPOT__to_label_3975.jpg,PHOMOPSIS_LEAF_SPOT,val
data/durian/kaggle_durian_leaf_disease_dataset/images/val__PHOMOPSIS_LEAF_SPOT__to_label_3986.jpg,PHOMOPSIS_LEAF_SPOT,val
data/durian/kaggle_durian_leaf_disease_dataset/images/val__PHOMOPSIS_LEAF_SPOT__to_label_3988.jpg,PHOMOPSIS_LEAF_SPOT,val
data/durian/kaggle_durian_leaf_disease_dataset/images/val__PHOMOPSIS_LEAF_SPOT__to_label_4006.jpg,PHOMOPSIS_LEAF_SPOT,val
data/durian/kaggle_durian_leaf_disease_dataset/images/val__PHOMOPSIS_LEAF_SPOT__to_label_4019.jpg,PHOMOPSIS_LEAF_SPOT,val
data/durian/kaggle_durian_leaf_disease_dataset/images/val__PHOMOPSIS_LEAF_SPOT__to_label_4035.jpg,PHOMOPSIS_LEAF_SPOT,val
data/durian/kaggle_durian_leaf_disease_dataset/images/val__PHOMOPSIS_LEAF_SPOT__to_label_4039.jpg,PHOMOPSIS_LEAF_SPOT,val
data/durian/kaggle_durian_leaf_disease_dataset/images/val__PHOMOPSIS_LEAF_SPOT__to_label_4040.jpg,PHOMOPSIS_LEAF_SPOT,val
data/durian/kaggle_durian_leaf_disease_dataset/images/val__PHOMOPSIS_LEAF_SPOT__to_label_4045.jpg,PHOMOPSIS_LEAF_SPOT,val
data/durian/kaggle_durian_leaf_disease_dataset/images/val__PHOMOPSIS_LEAF_SPOT__to_label_4049.jpg,PHOMOPSIS_LEAF_SPOT,val
data/durian/kaggle_durian_leaf_disease_dataset/images/val__PHOMOPSIS_LEAF_SPOT__to_label_4052.jpg,PHOMOPSIS_LEAF_SPOT,val
data/durian/kaggle_durian_leaf_disease_dataset/images/val__PHOMOPSIS_LEAF_SPOT__to_label_4070.jpg,PHOMOPSIS_LEAF_SPOT,val
data/durian/kaggle_durian_leaf_disease_dataset/images/val__PHOMOPSIS_LEAF_SPOT__to_label_4073.jpg,PHOMOPSIS_LEAF_SPOT,val
data/durian/kaggle_durian_leaf_disease_dataset/images/val__PHOMOPSIS_LEAF_SPOT__to_label_4085.jpg,PHOMOPSIS_LEAF_SPOT,val
data/durian/kaggle_durian_leaf_disease_dataset/images/val__PHOMOPSIS_LEAF_SPOT__to_label_4100.jpg,PHOMOPSIS_LEAF_SPOT,val
data/durian/kaggle_durian_leaf_disease_dataset/images/val__PHOMOPSIS_LEAF_SPOT__to_label_4104.jpg,PHOMOPSIS_LEAF_SPOT,val
data/durian/kaggle_durian_leaf_disease_dataset/images/val__PHOMOPSIS_LEAF_SPOT__to_label_4136.jpg,PHOMOPSIS_LEAF_SPOT,val
data/durian/kaggle_durian_leaf_disease_dataset/images/val__PHOMOPSIS_LEAF_SPOT__to_label_4137.jpg,PHOMOPSIS_LEAF_SPOT,val
data/durian/kaggle_durian_leaf_disease_dataset/images/val__PHOMOPSIS_LEAF_SPOT__to_label_4152.jpg,PHOMOPSIS_LEAF_SPOT,val
data/durian/kaggle_durian_leaf_disease_dataset/images/val__PHOMOPSIS_LEAF_SPOT__to_label_4155.jpg,PHOMOPSIS_LEAF_SPOT,val
data/durian/kaggle_durian_leaf_disease_dataset/images/val__PHOMOPSIS_LEAF_SPOT__to_label_4156.jpg,PHOMOPSIS_LEAF_SPOT,val
data/durian/kaggle_durian_leaf_disease_dataset/images/val__PHOMOPSIS_LEAF_SPOT__to_label_4174.jpg,PHOMOPSIS_LEAF_SPOT,val
data/durian/kaggle_durian_leaf_disease_dataset/images/val__PHOMOPSIS_LEAF_SPOT__to_label_4193.jpg,PHOMOPSIS_LEAF_SPOT,val
data/durian/kaggle_durian_leaf_disease_dataset/images/val__PHOMOPSIS_LEAF_SPOT__to_label_4204.jpg,PHOMOPSIS_LEAF_SPOT,val
data/durian/kaggle_durian_leaf_disease_dataset/images/val__PHOMOPSIS_LEAF_SPOT__to_label_4212.jpg,PHOMOPSIS_LEAF_SPOT,val
data/durian/kaggle_durian_leaf_disease_dataset/images/val__PHOMOPSIS_LEAF_SPOT__to_label_4218.jpg,PHOMOPSIS_LEAF_SPOT,val
data/durian/kaggle_durian_leaf_disease_dataset/images/val__PHOMOPSIS_LEAF_SPOT__to_label_4224.jpg,PHOMOPSIS_LEAF_SPOT,val
data/durian/kaggle_durian_leaf_disease_dataset/images/val__PHOMOPSIS_LEAF_SPOT__to_label_4234.jpg,PHOMOPSIS_LEAF_SPOT,val
data/durian/kaggle_durian_leaf_disease_dataset/images/val__PHOMOPSIS_LEAF_SPOT__to_label_4238.jpg,PHOMOPSIS_LEAF_SPOT,val
data/durian/kaggle_durian_leaf_disease_dataset/images/val__PHOMOPSIS_LEAF_SPOT__to_label_4240.jpg,PHOMOPSIS_LEAF_SPOT,val
data/durian/kaggle_durian_leaf_disease_dataset/images/val__PHOMOPSIS_LEAF_SPOT__to_label_4246.jpg,PHOMOPSIS_LEAF_SPOT,val
data/durian/kaggle_durian_leaf_disease_dataset/images/val__PHOMOPSIS_LEAF_SPOT__to_label_4251.jpg,PHOMOPSIS_LEAF_SPOT,val
data/durian/kaggle_durian_leaf_disease_dataset/images/val__PHOMOPSIS_LEAF_SPOT__to_label_4257.jpg,PHOMOPSIS_LEAF_SPOT,val
data/durian/kaggle_durian_leaf_disease_dataset/images/val__PHOMOPSIS_LEAF_SPOT__to_label_4261.jpg,PHOMOPSIS_LEAF_SPOT,val
data/durian/kaggle_durian_leaf_disease_dataset/images/val__PHOMOPSIS_LEAF_SPOT__to_label_4267.jpg,PHOMOPSIS_LEAF_SPOT,val
data/durian/kaggle_durian_leaf_disease_dataset/images/val__PHOMOPSIS_LEAF_SPOT__to_label_4282.jpg,PHOMOPSIS_LEAF_SPOT,val
data/durian/kaggle_durian_leaf_disease_dataset/images/val__PHOMOPSIS_LEAF_SPOT__to_label_4292.jpg,PHOMOPSIS_LEAF_SPOT,val
data/durian/kaggle_durian_leaf_disease_dataset/images/val__PHOMOPSIS_LEAF_SPOT__to_label_4296.jpg,PHOMOPSIS_LEAF_SPOT,val
data/durian/kaggle_durian_leaf_disease_dataset/images/val__PHOMOPSIS_LEAF_SPOT__to_label_4327.jpg,PHOMOPSIS_LEAF_SPOT,val
data/durian/kaggle_durian_leaf_disease_dataset/images/val__PHOMOPSIS_LEAF_SPOT__to_label_4333.jpg,PHOMOPSIS_LEAF_SPOT,val
data/durian/kaggle_durian_leaf_disease_dataset/images/val__PHOMOPSIS_LEAF_SPOT__to_label_4340.jpg,PHOMOPSIS_LEAF_SPOT,val
data/durian/kaggle_durian_leaf_disease_dataset/images/val__PHOMOPSIS_LEAF_SPOT__to_label_4343.jpg,PHOMOPSIS_LEAF_SPOT,val
data/durian/kaggle_durian_leaf_disease_dataset/images/val__PHOMOPSIS_LEAF_SPOT__to_label_4346.jpg,PHOMOPSIS_LEAF_SPOT,val
data/durian/kaggle_durian_leaf_disease_dataset/images/val__PHOMOPSIS_LEAF_SPOT__to_label_4359.jpg,PHOMOPSIS_LEAF_SPOT,val
data/durian/kaggle_durian_leaf_disease_dataset/images/val__PHOMOPSIS_LEAF_SPOT__to_label_4362.jpg,PHOMOPSIS_LEAF_SPOT,val
data/durian/kaggle_durian_leaf_disease_dataset/images/val__PHOMOPSIS_LEAF_SPOT__to_label_4413.jpg,PHOMOPSIS_LEAF_SPOT,val
data/durian/kaggle_durian_leaf_disease_dataset/images/val__PHOMOPSIS_LEAF_SPOT__to_label_4437.jpg,PHOMOPSIS_LEAF_SPOT,val
data/durian/kaggle_durian_leaf_disease_dataset/images/val__PHOMOPSIS_LEAF_SPOT__to_label_4447.jpg,PHOMOPSIS_LEAF_SPOT,val
data/durian/kaggle_durian_leaf_disease_dataset/images/val__PHOMOPSIS_LEAF_SPOT__to_label_4449.jpg,PHOMOPSIS_LEAF_SPOT,val
data/durian/kaggle_durian_leaf_disease_dataset/images/val__PHOMOPSIS_LEAF_SPOT__to_label_4454.jpg,PHOMOPSIS_LEAF_SPOT,val
data/durian/kaggle_durian_leaf_disease_dataset/images/val__PHOMOPSIS_LEAF_SPOT__to_label_4481.jpg,PHOMOPSIS_LEAF_SPOT,val
data/durian/kaggle_durian_leaf_disease_dataset/images/val__PHOMOPSIS_LEAF_SPOT__to_label_4486.jpg,PHOMOPSIS_LEAF_SPOT,val
data/durian/kaggle_durian_leaf_disease_dataset/images/val__PHOMOPSIS_LEAF_SPOT__to_label_4487.jpg,PHOMOPSIS_LEAF_SPOT,val
data/durian/kaggle_durian_leaf_disease_dataset/images/val__PHOMOPSIS_LEAF_SPOT__to_label_4495.jpg,PHOMOPSIS_LEAF_SPOT,val
